source_row	mode	old_path	canonical_path	old_display_name	canonical_display_name	design_style	publication_status	reason	review_status
5	PERMANENT_ALIAS	aganite_cornice_guilloche_aged	aganite_aged_cornice_byzantine	Aganite Aged Guilloche Cornice	Aganite Aged Byzantine Cornice	Byzantine	Published ≤1.5.2	Aged order; Byzantine style	Approved
6	PERMANENT_ALIAS	aganite_surround_guilloche_aged	aganite_aged_surround_byzantine	Aganite Aged Guilloche Surround	Aganite Aged Byzantine Surround	Byzantine	Published ≤1.5.2	Aged order; Byzantine style	Approved
7	PERMANENT_ALIAS	aterzon_cornice_guilloche_aged	aterzon_aged_cornice_byzantine	Aterzon Aged Guilloche Cornice	Aterzon Aged Byzantine Cornice	Byzantine	Published ≤1.5.2	Aged order; Byzantine style	Approved
8	PERMANENT_ALIAS	aterzon_surround_guilloche_aged	aterzon_aged_surround_byzantine	Aterzon Aged Guilloche Surround	Aterzon Aged Byzantine Surround	Byzantine	Published ≤1.5.2	Aged order; Byzantine style	Approved
9	PERMANENT_ALIAS	borealis_cornice_guilloche_aged	borealis_aged_cornice_byzantine	Borealis Aged Guilloche Cornice	Borealis Aged Byzantine Cornice	Byzantine	Published ≤1.5.2	Aged order; Byzantine style	Approved
10	PERMANENT_ALIAS	borealis_surround_guilloche_aged	borealis_aged_surround_byzantine	Borealis Aged Guilloche Surround	Borealis Aged Byzantine Surround	Byzantine	Published ≤1.5.2	Aged order; Byzantine style	Approved
11	PERMANENT_ALIAS	brectite_cornice_guilloche_aged	brectite_aged_cornice_byzantine	Brectite Aged Guilloche Cornice	Brectite Aged Byzantine Cornice	Byzantine	Published ≤1.5.2	Aged order; Byzantine style	Approved
12	PERMANENT_ALIAS	brectite_surround_guilloche_aged	brectite_aged_surround_byzantine	Brectite Aged Guilloche Surround	Brectite Aged Byzantine Surround	Byzantine	Published ≤1.5.2	Aged order; Byzantine style	Approved
13	PERMANENT_ALIAS	calacattum_cornice_guilloche_aged	calacattum_aged_cornice_byzantine	Calacattum Aged Guilloche Cornice	Calacattum Aged Byzantine Cornice	Byzantine	Published ≤1.5.2	Aged order; Byzantine style	Approved
14	PERMANENT_ALIAS	calacattum_surround_guilloche_aged	calacattum_aged_surround_byzantine	Calacattum Aged Guilloche Surround	Calacattum Aged Byzantine Surround	Byzantine	Published ≤1.5.2	Aged order; Byzantine style	Approved
15	PERMANENT_ALIAS	chalstrom_cornice_guilloche_aged	chalstrom_aged_cornice_byzantine	Chalstrom Aged Guilloche Cornice	Chalstrom Aged Byzantine Cornice	Byzantine	Published ≤1.5.2	Aged order; Byzantine style	Approved
16	PERMANENT_ALIAS	chalstrom_surround_guilloche_aged	chalstrom_aged_surround_byzantine	Chalstrom Aged Guilloche Surround	Chalstrom Aged Byzantine Surround	Byzantine	Published ≤1.5.2	Aged order; Byzantine style	Approved
17	PERMANENT_ALIAS	chrysonyx_cornice_guilloche_aged	chrysonyx_aged_cornice_byzantine	Chrysonyx Aged Guilloche Cornice	Chrysonyx Aged Byzantine Cornice	Byzantine	Published ≤1.5.2	Aged order; Byzantine style	Approved
18	PERMANENT_ALIAS	chrysonyx_surround_guilloche_aged	chrysonyx_aged_surround_byzantine	Chrysonyx Aged Guilloche Surround	Chrysonyx Aged Byzantine Surround	Byzantine	Published ≤1.5.2	Aged order; Byzantine style	Approved
19	PERMANENT_ALIAS	etruscus_cornice_guilloche_aged	etruscus_aged_cornice_byzantine	Etruscus Aged Guilloche Cornice	Etruscus Aged Byzantine Cornice	Byzantine	Published ≤1.5.2	Aged order; Byzantine style	Approved
20	PERMANENT_ALIAS	etruscus_surround_guilloche_aged	etruscus_aged_surround_byzantine	Etruscus Aged Guilloche Surround	Etruscus Aged Byzantine Surround	Byzantine	Published ≤1.5.2	Aged order; Byzantine style	Approved
21	PERMANENT_ALIAS	gelastrum_cornice_guilloche_aged	gelastrum_aged_cornice_byzantine	Gelastrum Aged Guilloche Cornice	Gelastrum Aged Byzantine Cornice	Byzantine	Published ≤1.5.2	Aged order; Byzantine style	Approved
22	PERMANENT_ALIAS	gelastrum_surround_guilloche_aged	gelastrum_aged_surround_byzantine	Gelastrum Aged Guilloche Surround	Gelastrum Aged Byzantine Surround	Byzantine	Published ≤1.5.2	Aged order; Byzantine style	Approved
23	PERMANENT_ALIAS	glacium_cornice_guilloche_aged	glacium_aged_cornice_byzantine	Glacium Aged Guilloche Cornice	Glacium Aged Byzantine Cornice	Byzantine	Published ≤1.5.2	Aged order; Byzantine style	Approved
24	PERMANENT_ALIAS	glacium_surround_guilloche_aged	glacium_aged_surround_byzantine	Glacium Aged Guilloche Surround	Glacium Aged Byzantine Surround	Byzantine	Published ≤1.5.2	Aged order; Byzantine style	Approved
25	PERMANENT_ALIAS	hesperion_cornice_guilloche_aged	hesperion_aged_cornice_byzantine	Hesperion Aged Guilloche Cornice	Hesperion Aged Byzantine Cornice	Byzantine	Published ≤1.5.2	Aged order; Byzantine style	Approved
26	PERMANENT_ALIAS	hesperion_surround_guilloche_aged	hesperion_aged_surround_byzantine	Hesperion Aged Guilloche Surround	Hesperion Aged Byzantine Surround	Byzantine	Published ≤1.5.2	Aged order; Byzantine style	Approved
27	PERMANENT_ALIAS	imperium_cornice_guilloche_aged	imperium_aged_cornice_byzantine	Imperium Aged Guilloche Cornice	Imperium Aged Byzantine Cornice	Byzantine	Published ≤1.5.2	Aged order; Byzantine style	Approved
28	PERMANENT_ALIAS	imperium_surround_guilloche_aged	imperium_aged_surround_byzantine	Imperium Aged Guilloche Surround	Imperium Aged Byzantine Surround	Byzantine	Published ≤1.5.2	Aged order; Byzantine style	Approved
29	PERMANENT_ALIAS	kelastrion_cornice_guilloche_aged	kelastrion_aged_cornice_byzantine	Kelastrion Aged Guilloche Cornice	Kelastrion Aged Byzantine Cornice	Byzantine	Published ≤1.5.2	Aged order; Byzantine style	Approved
30	PERMANENT_ALIAS	kelastrion_surround_guilloche_aged	kelastrion_aged_surround_byzantine	Kelastrion Aged Guilloche Surround	Kelastrion Aged Byzantine Surround	Byzantine	Published ≤1.5.2	Aged order; Byzantine style	Approved
31	PERMANENT_ALIAS	kylorion_cornice_guilloche_aged	kylorion_aged_cornice_byzantine	Kylorion Aged Guilloche Cornice	Kylorion Aged Byzantine Cornice	Byzantine	Published ≤1.5.2	Aged order; Byzantine style	Approved
32	PERMANENT_ALIAS	kylorion_surround_guilloche_aged	kylorion_aged_surround_byzantine	Kylorion Aged Guilloche Surround	Kylorion Aged Byzantine Surround	Byzantine	Published ≤1.5.2	Aged order; Byzantine style	Approved
33	PERMANENT_ALIAS	latmion_cornice_guilloche_aged	latmion_aged_cornice_byzantine	Latmion Aged Guilloche Cornice	Latmion Aged Byzantine Cornice	Byzantine	Published ≤1.5.2	Aged order; Byzantine style	Approved
34	PERMANENT_ALIAS	latmion_surround_guilloche_aged	latmion_aged_surround_byzantine	Latmion Aged Guilloche Surround	Latmion Aged Byzantine Surround	Byzantine	Published ≤1.5.2	Aged order; Byzantine style	Approved
35	PERMANENT_ALIAS	laurentium_cornice_guilloche_aged	laurentium_aged_cornice_byzantine	Laurentium Aged Guilloche Cornice	Laurentium Aged Byzantine Cornice	Byzantine	Published ≤1.5.2	Aged order; Byzantine style	Approved
36	PERMANENT_ALIAS	laurentium_surround_guilloche_aged	laurentium_aged_surround_byzantine	Laurentium Aged Guilloche Surround	Laurentium Aged Byzantine Surround	Byzantine	Published ≤1.5.2	Aged order; Byzantine style	Approved
37	PERMANENT_ALIAS	mielonyx_cornice_guilloche_aged	mielonyx_aged_cornice_byzantine	Mielonyx Aged Guilloche Cornice	Mielonyx Aged Byzantine Cornice	Byzantine	Published ≤1.5.2	Aged order; Byzantine style	Approved
38	PERMANENT_ALIAS	mielonyx_surround_guilloche_aged	mielonyx_aged_surround_byzantine	Mielonyx Aged Guilloche Surround	Mielonyx Aged Byzantine Surround	Byzantine	Published ≤1.5.2	Aged order; Byzantine style	Approved
39	PERMANENT_ALIAS	nerium_cornice_guilloche_aged	nerium_aged_cornice_byzantine	Nerium Aged Guilloche Cornice	Nerium Aged Byzantine Cornice	Byzantine	Published ≤1.5.2	Aged order; Byzantine style	Approved
40	PERMANENT_ALIAS	nerium_surround_guilloche_aged	nerium_aged_surround_byzantine	Nerium Aged Guilloche Surround	Nerium Aged Byzantine Surround	Byzantine	Published ≤1.5.2	Aged order; Byzantine style	Approved
41	PERMANENT_ALIAS	noxoplis_cornice_guilloche_aged	noxoplis_aged_cornice_byzantine	Noxoplis Aged Guilloche Cornice	Noxoplis Aged Byzantine Cornice	Byzantine	Published ≤1.5.2	Aged order; Byzantine style	Approved
42	PERMANENT_ALIAS	noxoplis_surround_guilloche_aged	noxoplis_aged_surround_byzantine	Noxoplis Aged Guilloche Surround	Noxoplis Aged Byzantine Surround	Byzantine	Published ≤1.5.2	Aged order; Byzantine style	Approved
43	PERMANENT_ALIAS	porphyros_cornice_guilloche_aged	porphyros_aged_cornice_byzantine	Porphyros Aged Guilloche Cornice	Porphyros Aged Byzantine Cornice	Byzantine	Published ≤1.5.2	Aged order; Byzantine style	Approved
44	PERMANENT_ALIAS	porphyros_surround_guilloche_aged	porphyros_aged_surround_byzantine	Porphyros Aged Guilloche Surround	Porphyros Aged Byzantine Surround	Byzantine	Published ≤1.5.2	Aged order; Byzantine style	Approved
45	PERMANENT_ALIAS	portorium_cornice_guilloche_aged	portorium_aged_cornice_byzantine	Portorium Aged Guilloche Cornice	Portorium Aged Byzantine Cornice	Byzantine	Published ≤1.5.2	Aged order; Byzantine style	Approved
46	PERMANENT_ALIAS	portorium_surround_guilloche_aged	portorium_aged_surround_byzantine	Portorium Aged Guilloche Surround	Portorium Aged Byzantine Surround	Byzantine	Published ≤1.5.2	Aged order; Byzantine style	Approved
47	PERMANENT_ALIAS	psamatheon_cornice_guilloche_aged	psamatheon_aged_cornice_byzantine	Psamatheon Aged Guilloche Cornice	Psamatheon Aged Byzantine Cornice	Byzantine	Published ≤1.5.2	Aged order; Byzantine style	Approved
48	PERMANENT_ALIAS	psamatheon_surround_guilloche_aged	psamatheon_aged_surround_byzantine	Psamatheon Aged Guilloche Surround	Psamatheon Aged Byzantine Surround	Byzantine	Published ≤1.5.2	Aged order; Byzantine style	Approved
49	PERMANENT_ALIAS	rosinium_cornice_guilloche_aged	rosinium_aged_cornice_byzantine	Rosinium Aged Guilloche Cornice	Rosinium Aged Byzantine Cornice	Byzantine	Published ≤1.5.2	Aged order; Byzantine style	Approved
50	PERMANENT_ALIAS	rosinium_surround_guilloche_aged	rosinium_aged_surround_byzantine	Rosinium Aged Guilloche Surround	Rosinium Aged Byzantine Surround	Byzantine	Published ≤1.5.2	Aged order; Byzantine style	Approved
51	PERMANENT_ALIAS	sanguenite_cornice_guilloche_aged	sanguenite_aged_cornice_byzantine	Sanguenite Aged Guilloche Cornice	Sanguenite Aged Byzantine Cornice	Byzantine	Published ≤1.5.2	Aged order; Byzantine style	Approved
52	PERMANENT_ALIAS	sanguenite_surround_guilloche_aged	sanguenite_aged_surround_byzantine	Sanguenite Aged Guilloche Surround	Sanguenite Aged Byzantine Surround	Byzantine	Published ≤1.5.2	Aged order; Byzantine style	Approved
53	PERMANENT_ALIAS	selenephos_cornice_guilloche_aged	selenephos_aged_cornice_byzantine	Selenephos Aged Guilloche Cornice	Selenephos Aged Byzantine Cornice	Byzantine	Published ≤1.5.2	Aged order; Byzantine style	Approved
54	PERMANENT_ALIAS	selenephos_surround_guilloche_aged	selenephos_aged_surround_byzantine	Selenephos Aged Guilloche Surround	Selenephos Aged Byzantine Surround	Byzantine	Published ≤1.5.2	Aged order; Byzantine style	Approved
55	PERMANENT_ALIAS	solistra_cornice_guilloche_aged	solistra_aged_cornice_byzantine	Solistra Aged Guilloche Cornice	Solistra Aged Byzantine Cornice	Byzantine	Published ≤1.5.2	Aged order; Byzantine style	Approved
56	PERMANENT_ALIAS	solistra_surround_guilloche_aged	solistra_aged_surround_byzantine	Solistra Aged Guilloche Surround	Solistra Aged Byzantine Surround	Byzantine	Published ≤1.5.2	Aged order; Byzantine style	Approved
57	PERMANENT_ALIAS	striatus_cornice_guilloche_aged	striatus_aged_cornice_byzantine	Striatus Aged Guilloche Cornice	Striatus Aged Byzantine Cornice	Byzantine	Published ≤1.5.2	Aged order; Byzantine style	Approved
58	PERMANENT_ALIAS	striatus_surround_guilloche_aged	striatus_aged_surround_byzantine	Striatus Aged Guilloche Surround	Striatus Aged Byzantine Surround	Byzantine	Published ≤1.5.2	Aged order; Byzantine style	Approved
59	PERMANENT_ALIAS	aganite_ceiling_coffered_guilloche_black_small	aganite_ceiling_coffered_byzantine_black_small	Black Aganite Guilloche Coffered Ceiling	Black Aganite Byzantine Coffered Ceiling	Byzantine	Published ≤1.5.2	Byzantine style	Approved
60	PERMANENT_ALIAS	aganite_ceiling_coffered_guilloche_white_small	aganite_ceiling_coffered_byzantine_white_small	White Aganite Guilloche Coffered Ceiling	White Aganite Byzantine Coffered Ceiling	Byzantine	Published ≤1.5.2	Byzantine style	Approved
61	PERMANENT_ALIAS	aganite_cornice_guilloche	aganite_cornice_byzantine	Aganite Guilloche Cornice	Aganite Byzantine Cornice	Byzantine	Published ≤1.5.2	Byzantine style	Approved
62	PERMANENT_ALIAS	aganite_surround_guilloche	aganite_surround_byzantine	Aganite Guilloche Surround	Aganite Byzantine Surround	Byzantine	Published ≤1.5.2	Byzantine style	Approved
63	PERMANENT_ALIAS	aterzon_ceiling_coffered_guilloche_black_small	aterzon_ceiling_coffered_byzantine_black_small	Black Aterzon Guilloche Coffered Ceiling	Black Aterzon Byzantine Coffered Ceiling	Byzantine	Published ≤1.5.2	Byzantine style	Approved
64	PERMANENT_ALIAS	aterzon_ceiling_coffered_guilloche_white_small	aterzon_ceiling_coffered_byzantine_white_small	White Aterzon Guilloche Coffered Ceiling	White Aterzon Byzantine Coffered Ceiling	Byzantine	Published ≤1.5.2	Byzantine style	Approved
65	PERMANENT_ALIAS	aterzon_cornice_guilloche	aterzon_cornice_byzantine	Aterzon Guilloche Cornice	Aterzon Byzantine Cornice	Byzantine	Published ≤1.5.2	Byzantine style	Approved
66	PERMANENT_ALIAS	aterzon_surround_guilloche	aterzon_surround_byzantine	Aterzon Guilloche Surround	Aterzon Byzantine Surround	Byzantine	Published ≤1.5.2	Byzantine style	Approved
67	PERMANENT_ALIAS	borealis_ceiling_coffered_guilloche_black_small	borealis_ceiling_coffered_byzantine_black_small	Black Borealis Guilloche Coffered Ceiling	Black Borealis Byzantine Coffered Ceiling	Byzantine	Published ≤1.5.2	Byzantine style	Approved
68	PERMANENT_ALIAS	borealis_ceiling_coffered_guilloche_white_small	borealis_ceiling_coffered_byzantine_white_small	White Borealis Guilloche Coffered Ceiling	White Borealis Byzantine Coffered Ceiling	Byzantine	Published ≤1.5.2	Byzantine style	Approved
69	PERMANENT_ALIAS	borealis_cornice_guilloche	borealis_cornice_byzantine	Borealis Guilloche Cornice	Borealis Byzantine Cornice	Byzantine	Published ≤1.5.2	Byzantine style	Approved
70	PERMANENT_ALIAS	borealis_surround_guilloche	borealis_surround_byzantine	Borealis Guilloche Surround	Borealis Byzantine Surround	Byzantine	Published ≤1.5.2	Byzantine style	Approved
71	PERMANENT_ALIAS	brectite_ceiling_coffered_guilloche_black_small	brectite_ceiling_coffered_byzantine_black_small	Black Brectite Guilloche Coffered Ceiling	Black Brectite Byzantine Coffered Ceiling	Byzantine	Published ≤1.5.2	Byzantine style	Approved
72	PERMANENT_ALIAS	brectite_ceiling_coffered_guilloche_white_small	brectite_ceiling_coffered_byzantine_white_small	White Brectite Guilloche Coffered Ceiling	White Brectite Byzantine Coffered Ceiling	Byzantine	Published ≤1.5.2	Byzantine style	Approved
73	PERMANENT_ALIAS	brectite_cornice_guilloche	brectite_cornice_byzantine	Brectite Guilloche Cornice	Brectite Byzantine Cornice	Byzantine	Published ≤1.5.2	Byzantine style	Approved
74	PERMANENT_ALIAS	brectite_surround_guilloche	brectite_surround_byzantine	Brectite Guilloche Surround	Brectite Byzantine Surround	Byzantine	Published ≤1.5.2	Byzantine style	Approved
75	PERMANENT_ALIAS	calacattum_ceiling_coffered_guilloche_black_small	calacattum_ceiling_coffered_byzantine_black_small	Black Calacattum Guilloche Coffered Ceiling	Black Calacattum Byzantine Coffered Ceiling	Byzantine	Published ≤1.5.2	Byzantine style	Approved
76	PERMANENT_ALIAS	calacattum_ceiling_coffered_guilloche_white_small	calacattum_ceiling_coffered_byzantine_white_small	White Calacattum Guilloche Coffered Ceiling	White Calacattum Byzantine Coffered Ceiling	Byzantine	Published ≤1.5.2	Byzantine style	Approved
77	PERMANENT_ALIAS	calacattum_cornice_guilloche	calacattum_cornice_byzantine	Calacattum Guilloche Cornice	Calacattum Byzantine Cornice	Byzantine	Published ≤1.5.2	Byzantine style	Approved
78	PERMANENT_ALIAS	calacattum_surround_guilloche	calacattum_surround_byzantine	Calacattum Guilloche Surround	Calacattum Byzantine Surround	Byzantine	Published ≤1.5.2	Byzantine style	Approved
79	PERMANENT_ALIAS	ceiling_coffered_guilloche_black_small	ceiling_coffered_byzantine_black_small	Black Guilloche Coffered Ceiling	Black Byzantine Coffered Ceiling	Byzantine	Published ≤1.5.2	Byzantine style	Approved
80	PERMANENT_ALIAS	ceiling_coffered_guilloche_white_small	ceiling_coffered_byzantine_white_small	White Guilloche Coffered Ceiling	White Byzantine Coffered Ceiling	Byzantine	Published ≤1.5.2	Byzantine style	Approved
81	PERMANENT_ALIAS	chalstrom_ceiling_coffered_guilloche_black_small	chalstrom_ceiling_coffered_byzantine_black_small	Black Chalstrom Guilloche Coffered Ceiling	Black Chalstrom Byzantine Coffered Ceiling	Byzantine	Published ≤1.5.2	Byzantine style	Approved
82	PERMANENT_ALIAS	chalstrom_ceiling_coffered_guilloche_white_small	chalstrom_ceiling_coffered_byzantine_white_small	White Chalstrom Guilloche Coffered Ceiling	White Chalstrom Byzantine Coffered Ceiling	Byzantine	Published ≤1.5.2	Byzantine style	Approved
83	PERMANENT_ALIAS	chalstrom_cornice_guilloche	chalstrom_cornice_byzantine	Chalstrom Guilloche Cornice	Chalstrom Byzantine Cornice	Byzantine	Published ≤1.5.2	Byzantine style	Approved
84	PERMANENT_ALIAS	chalstrom_surround_guilloche	chalstrom_surround_byzantine	Chalstrom Guilloche Surround	Chalstrom Byzantine Surround	Byzantine	Published ≤1.5.2	Byzantine style	Approved
85	PERMANENT_ALIAS	chrysonyx_ceiling_coffered_guilloche_black_small	chrysonyx_ceiling_coffered_byzantine_black_small	Black Chrysonyx Guilloche Coffered Ceiling	Black Chrysonyx Byzantine Coffered Ceiling	Byzantine	Published ≤1.5.2	Byzantine style	Approved
86	PERMANENT_ALIAS	chrysonyx_ceiling_coffered_guilloche_white_small	chrysonyx_ceiling_coffered_byzantine_white_small	White Chrysonyx Guilloche Coffered Ceiling	White Chrysonyx Byzantine Coffered Ceiling	Byzantine	Published ≤1.5.2	Byzantine style	Approved
87	PERMANENT_ALIAS	chrysonyx_cornice_guilloche	chrysonyx_cornice_byzantine	Chrysonyx Guilloche Cornice	Chrysonyx Byzantine Cornice	Byzantine	Published ≤1.5.2	Byzantine style	Approved
88	PERMANENT_ALIAS	chrysonyx_surround_guilloche	chrysonyx_surround_byzantine	Chrysonyx Guilloche Surround	Chrysonyx Byzantine Surround	Byzantine	Published ≤1.5.2	Byzantine style	Approved
89	PERMANENT_ALIAS	etruscus_ceiling_coffered_guilloche_black_small	etruscus_ceiling_coffered_byzantine_black_small	Black Etruscus Guilloche Coffered Ceiling	Black Etruscus Byzantine Coffered Ceiling	Byzantine	Published ≤1.5.2	Byzantine style	Approved
90	PERMANENT_ALIAS	etruscus_ceiling_coffered_guilloche_white_small	etruscus_ceiling_coffered_byzantine_white_small	White Etruscus Guilloche Coffered Ceiling	White Etruscus Byzantine Coffered Ceiling	Byzantine	Published ≤1.5.2	Byzantine style	Approved
91	PERMANENT_ALIAS	etruscus_cornice_guilloche	etruscus_cornice_byzantine	Etruscus Guilloche Cornice	Etruscus Byzantine Cornice	Byzantine	Published ≤1.5.2	Byzantine style	Approved
92	PERMANENT_ALIAS	etruscus_surround_guilloche	etruscus_surround_byzantine	Etruscus Guilloche Surround	Etruscus Byzantine Surround	Byzantine	Published ≤1.5.2	Byzantine style	Approved
93	PERMANENT_ALIAS	gelastrum_ceiling_coffered_guilloche_black_small	gelastrum_ceiling_coffered_byzantine_black_small	Black Gelastrum Guilloche Coffered Ceiling	Black Gelastrum Byzantine Coffered Ceiling	Byzantine	Published ≤1.5.2	Byzantine style	Approved
94	PERMANENT_ALIAS	gelastrum_ceiling_coffered_guilloche_white_small	gelastrum_ceiling_coffered_byzantine_white_small	White Gelastrum Guilloche Coffered Ceiling	White Gelastrum Byzantine Coffered Ceiling	Byzantine	Published ≤1.5.2	Byzantine style	Approved
95	PERMANENT_ALIAS	gelastrum_cornice_guilloche	gelastrum_cornice_byzantine	Gelastrum Guilloche Cornice	Gelastrum Byzantine Cornice	Byzantine	Published ≤1.5.2	Byzantine style	Approved
96	PERMANENT_ALIAS	gelastrum_surround_guilloche	gelastrum_surround_byzantine	Gelastrum Guilloche Surround	Gelastrum Byzantine Surround	Byzantine	Published ≤1.5.2	Byzantine style	Approved
97	PERMANENT_ALIAS	glacium_ceiling_coffered_guilloche_black_small	glacium_ceiling_coffered_byzantine_black_small	Black Glacium Guilloche Coffered Ceiling	Black Glacium Byzantine Coffered Ceiling	Byzantine	Published ≤1.5.2	Byzantine style	Approved
98	PERMANENT_ALIAS	glacium_ceiling_coffered_guilloche_white_small	glacium_ceiling_coffered_byzantine_white_small	White Glacium Guilloche Coffered Ceiling	White Glacium Byzantine Coffered Ceiling	Byzantine	Published ≤1.5.2	Byzantine style	Approved
99	PERMANENT_ALIAS	glacium_cornice_guilloche	glacium_cornice_byzantine	Glacium Guilloche Cornice	Glacium Byzantine Cornice	Byzantine	Published ≤1.5.2	Byzantine style	Approved
100	PERMANENT_ALIAS	glacium_surround_guilloche	glacium_surround_byzantine	Glacium Guilloche Surround	Glacium Byzantine Surround	Byzantine	Published ≤1.5.2	Byzantine style	Approved
101	PERMANENT_ALIAS	hesperion_ceiling_coffered_guilloche_black_small	hesperion_ceiling_coffered_byzantine_black_small	Black Hesperion Guilloche Coffered Ceiling	Black Hesperion Byzantine Coffered Ceiling	Byzantine	Published ≤1.5.2	Byzantine style	Approved
102	PERMANENT_ALIAS	hesperion_ceiling_coffered_guilloche_white_small	hesperion_ceiling_coffered_byzantine_white_small	White Hesperion Guilloche Coffered Ceiling	White Hesperion Byzantine Coffered Ceiling	Byzantine	Published ≤1.5.2	Byzantine style	Approved
103	PERMANENT_ALIAS	hesperion_cornice_guilloche	hesperion_cornice_byzantine	Hesperion Guilloche Cornice	Hesperion Byzantine Cornice	Byzantine	Published ≤1.5.2	Byzantine style	Approved
104	PERMANENT_ALIAS	hesperion_surround_guilloche	hesperion_surround_byzantine	Hesperion Guilloche Surround	Hesperion Byzantine Surround	Byzantine	Published ≤1.5.2	Byzantine style	Approved
105	PERMANENT_ALIAS	imperium_ceiling_coffered_guilloche_black_small	imperium_ceiling_coffered_byzantine_black_small	Black Imperium Guilloche Coffered Ceiling	Black Imperium Byzantine Coffered Ceiling	Byzantine	Published ≤1.5.2	Byzantine style	Approved
106	PERMANENT_ALIAS	imperium_ceiling_coffered_guilloche_white_small	imperium_ceiling_coffered_byzantine_white_small	White Imperium Guilloche Coffered Ceiling	White Imperium Byzantine Coffered Ceiling	Byzantine	Published ≤1.5.2	Byzantine style	Approved
107	PERMANENT_ALIAS	imperium_cornice_guilloche	imperium_cornice_byzantine	Imperium Guilloche Cornice	Imperium Byzantine Cornice	Byzantine	Published ≤1.5.2	Byzantine style	Approved
108	PERMANENT_ALIAS	imperium_surround_guilloche	imperium_surround_byzantine	Imperium Guilloche Surround	Imperium Byzantine Surround	Byzantine	Published ≤1.5.2	Byzantine style	Approved
109	PERMANENT_ALIAS	kelastrion_cornice_guilloche	kelastrion_cornice_byzantine	Kelastrion Guilloche Cornice	Kelastrion Byzantine Cornice	Byzantine	Published ≤1.5.2	Byzantine style	Approved
110	PERMANENT_ALIAS	kelastrion_surround_guilloche	kelastrion_surround_byzantine	Kelastrion Guilloche Surround	Kelastrion Byzantine Surround	Byzantine	Published ≤1.5.2	Byzantine style	Approved
111	PERMANENT_ALIAS	kylorion_ceiling_coffered_guilloche_black_small	kylorion_ceiling_coffered_byzantine_black_small	Black Kylorion Guilloche Coffered Ceiling	Black Kylorion Byzantine Coffered Ceiling	Byzantine	Published ≤1.5.2	Byzantine style	Approved
112	PERMANENT_ALIAS	kylorion_ceiling_coffered_guilloche_white_small	kylorion_ceiling_coffered_byzantine_white_small	White Kylorion Guilloche Coffered Ceiling	White Kylorion Byzantine Coffered Ceiling	Byzantine	Published ≤1.5.2	Byzantine style	Approved
113	PERMANENT_ALIAS	kylorion_cornice_guilloche	kylorion_cornice_byzantine	Kylorion Guilloche Cornice	Kylorion Byzantine Cornice	Byzantine	Published ≤1.5.2	Byzantine style	Approved
114	PERMANENT_ALIAS	kylorion_surround_guilloche	kylorion_surround_byzantine	Kylorion Guilloche Surround	Kylorion Byzantine Surround	Byzantine	Published ≤1.5.2	Byzantine style	Approved
115	PERMANENT_ALIAS	latmion_cornice_guilloche	latmion_cornice_byzantine	Latmion Guilloche Cornice	Latmion Byzantine Cornice	Byzantine	Published ≤1.5.2	Byzantine style	Approved
116	PERMANENT_ALIAS	latmion_surround_guilloche	latmion_surround_byzantine	Latmion Guilloche Surround	Latmion Byzantine Surround	Byzantine	Published ≤1.5.2	Byzantine style	Approved
117	PERMANENT_ALIAS	laurentium_ceiling_coffered_guilloche_black_small	laurentium_ceiling_coffered_byzantine_black_small	Black Laurentium Guilloche Coffered Ceiling	Black Laurentium Byzantine Coffered Ceiling	Byzantine	Published ≤1.5.2	Byzantine style	Approved
118	PERMANENT_ALIAS	laurentium_ceiling_coffered_guilloche_white_small	laurentium_ceiling_coffered_byzantine_white_small	White Laurentium Guilloche Coffered Ceiling	White Laurentium Byzantine Coffered Ceiling	Byzantine	Published ≤1.5.2	Byzantine style	Approved
119	PERMANENT_ALIAS	laurentium_cornice_guilloche	laurentium_cornice_byzantine	Laurentium Guilloche Cornice	Laurentium Byzantine Cornice	Byzantine	Published ≤1.5.2	Byzantine style	Approved
120	PERMANENT_ALIAS	laurentium_surround_guilloche	laurentium_surround_byzantine	Laurentium Guilloche Surround	Laurentium Byzantine Surround	Byzantine	Published ≤1.5.2	Byzantine style	Approved
121	PERMANENT_ALIAS	mielonyx_ceiling_coffered_guilloche_black_small	mielonyx_ceiling_coffered_byzantine_black_small	Black Mielonyx Guilloche Coffered Ceiling	Black Mielonyx Byzantine Coffered Ceiling	Byzantine	Published ≤1.5.2	Byzantine style	Approved
122	PERMANENT_ALIAS	mielonyx_ceiling_coffered_guilloche_white_small	mielonyx_ceiling_coffered_byzantine_white_small	White Mielonyx Guilloche Coffered Ceiling	White Mielonyx Byzantine Coffered Ceiling	Byzantine	Published ≤1.5.2	Byzantine style	Approved
123	PERMANENT_ALIAS	mielonyx_cornice_guilloche	mielonyx_cornice_byzantine	Mielonyx Guilloche Cornice	Mielonyx Byzantine Cornice	Byzantine	Published ≤1.5.2	Byzantine style	Approved
124	PERMANENT_ALIAS	mielonyx_surround_guilloche	mielonyx_surround_byzantine	Mielonyx Guilloche Surround	Mielonyx Byzantine Surround	Byzantine	Published ≤1.5.2	Byzantine style	Approved
125	PERMANENT_ALIAS	nerium_ceiling_coffered_guilloche_black_small	nerium_ceiling_coffered_byzantine_black_small	Black Nerium Guilloche Coffered Ceiling	Black Nerium Byzantine Coffered Ceiling	Byzantine	Published ≤1.5.2	Byzantine style	Approved
126	PERMANENT_ALIAS	nerium_ceiling_coffered_guilloche_white_small	nerium_ceiling_coffered_byzantine_white_small	White Nerium Guilloche Coffered Ceiling	White Nerium Byzantine Coffered Ceiling	Byzantine	Published ≤1.5.2	Byzantine style	Approved
127	PERMANENT_ALIAS	nerium_cornice_guilloche	nerium_cornice_byzantine	Nerium Guilloche Cornice	Nerium Byzantine Cornice	Byzantine	Published ≤1.5.2	Byzantine style	Approved
128	PERMANENT_ALIAS	nerium_surround_guilloche	nerium_surround_byzantine	Nerium Guilloche Surround	Nerium Byzantine Surround	Byzantine	Published ≤1.5.2	Byzantine style	Approved
129	PERMANENT_ALIAS	noxoplis_ceiling_coffered_guilloche_black_small	noxoplis_ceiling_coffered_byzantine_black_small	Black Noxoplis Guilloche Coffered Ceiling	Black Noxoplis Byzantine Coffered Ceiling	Byzantine	Published ≤1.5.2	Byzantine style	Approved
130	PERMANENT_ALIAS	noxoplis_ceiling_coffered_guilloche_white_small	noxoplis_ceiling_coffered_byzantine_white_small	White Noxoplis Guilloche Coffered Ceiling	White Noxoplis Byzantine Coffered Ceiling	Byzantine	Published ≤1.5.2	Byzantine style	Approved
131	PERMANENT_ALIAS	noxoplis_cornice_guilloche	noxoplis_cornice_byzantine	Noxoplis Guilloche Cornice	Noxoplis Byzantine Cornice	Byzantine	Published ≤1.5.2	Byzantine style	Approved
132	PERMANENT_ALIAS	noxoplis_surround_guilloche	noxoplis_surround_byzantine	Noxoplis Guilloche Surround	Noxoplis Byzantine Surround	Byzantine	Published ≤1.5.2	Byzantine style	Approved
133	PERMANENT_ALIAS	porphyros_ceiling_coffered_guilloche_black_small	porphyros_ceiling_coffered_byzantine_black_small	Black Porphyros Guilloche Coffered Ceiling	Black Porphyros Byzantine Coffered Ceiling	Byzantine	Published ≤1.5.2	Byzantine style	Approved
134	PERMANENT_ALIAS	porphyros_ceiling_coffered_guilloche_white_small	porphyros_ceiling_coffered_byzantine_white_small	White Porphyros Guilloche Coffered Ceiling	White Porphyros Byzantine Coffered Ceiling	Byzantine	Published ≤1.5.2	Byzantine style	Approved
135	PERMANENT_ALIAS	porphyros_cornice_guilloche	porphyros_cornice_byzantine	Porphyros Guilloche Cornice	Porphyros Byzantine Cornice	Byzantine	Published ≤1.5.2	Byzantine style	Approved
136	PERMANENT_ALIAS	porphyros_surround_guilloche	porphyros_surround_byzantine	Porphyros Guilloche Surround	Porphyros Byzantine Surround	Byzantine	Published ≤1.5.2	Byzantine style	Approved
137	PERMANENT_ALIAS	portorium_ceiling_coffered_guilloche_black_small	portorium_ceiling_coffered_byzantine_black_small	Black Portorium Guilloche Coffered Ceiling	Black Portorium Byzantine Coffered Ceiling	Byzantine	Published ≤1.5.2	Byzantine style	Approved
138	PERMANENT_ALIAS	portorium_ceiling_coffered_guilloche_white_small	portorium_ceiling_coffered_byzantine_white_small	White Portorium Guilloche Coffered Ceiling	White Portorium Byzantine Coffered Ceiling	Byzantine	Published ≤1.5.2	Byzantine style	Approved
139	PERMANENT_ALIAS	portorium_cornice_guilloche	portorium_cornice_byzantine	Portorium Guilloche Cornice	Portorium Byzantine Cornice	Byzantine	Published ≤1.5.2	Byzantine style	Approved
140	PERMANENT_ALIAS	portorium_surround_guilloche	portorium_surround_byzantine	Portorium Guilloche Surround	Portorium Byzantine Surround	Byzantine	Published ≤1.5.2	Byzantine style	Approved
141	PERMANENT_ALIAS	psamatheon_cornice_guilloche	psamatheon_cornice_byzantine	Psamatheon Guilloche Cornice	Psamatheon Byzantine Cornice	Byzantine	Published ≤1.5.2	Byzantine style	Approved
142	PERMANENT_ALIAS	psamatheon_surround_guilloche	psamatheon_surround_byzantine	Psamatheon Guilloche Surround	Psamatheon Byzantine Surround	Byzantine	Published ≤1.5.2	Byzantine style	Approved
143	PERMANENT_ALIAS	rosinium_ceiling_coffered_guilloche_black_small	rosinium_ceiling_coffered_byzantine_black_small	Black Rosinium Guilloche Coffered Ceiling	Black Rosinium Byzantine Coffered Ceiling	Byzantine	Published ≤1.5.2	Byzantine style	Approved
144	PERMANENT_ALIAS	rosinium_ceiling_coffered_guilloche_white_small	rosinium_ceiling_coffered_byzantine_white_small	White Rosinium Guilloche Coffered Ceiling	White Rosinium Byzantine Coffered Ceiling	Byzantine	Published ≤1.5.2	Byzantine style	Approved
145	PERMANENT_ALIAS	rosinium_cornice_guilloche	rosinium_cornice_byzantine	Rosinium Guilloche Cornice	Rosinium Byzantine Cornice	Byzantine	Published ≤1.5.2	Byzantine style	Approved
146	PERMANENT_ALIAS	rosinium_surround_guilloche	rosinium_surround_byzantine	Rosinium Guilloche Surround	Rosinium Byzantine Surround	Byzantine	Published ≤1.5.2	Byzantine style	Approved
147	PERMANENT_ALIAS	sanguenite_ceiling_coffered_guilloche_black_small	sanguenite_ceiling_coffered_byzantine_black_small	Black Sanguenite Guilloche Coffered Ceiling	Black Sanguenite Byzantine Coffered Ceiling	Byzantine	Published ≤1.5.2	Byzantine style	Approved
148	PERMANENT_ALIAS	sanguenite_ceiling_coffered_guilloche_white_small	sanguenite_ceiling_coffered_byzantine_white_small	White Sanguenite Guilloche Coffered Ceiling	White Sanguenite Byzantine Coffered Ceiling	Byzantine	Published ≤1.5.2	Byzantine style	Approved
149	PERMANENT_ALIAS	sanguenite_cornice_guilloche	sanguenite_cornice_byzantine	Sanguenite Guilloche Cornice	Sanguenite Byzantine Cornice	Byzantine	Published ≤1.5.2	Byzantine style	Approved
150	PERMANENT_ALIAS	sanguenite_surround_guilloche	sanguenite_surround_byzantine	Sanguenite Guilloche Surround	Sanguenite Byzantine Surround	Byzantine	Published ≤1.5.2	Byzantine style	Approved
151	PERMANENT_ALIAS	selenephos_ceiling_coffered_guilloche_black_small	selenephos_ceiling_coffered_byzantine_black_small	Black Selenephos Guilloche Coffered Ceiling	Black Selenephos Byzantine Coffered Ceiling	Byzantine	Published ≤1.5.2	Byzantine style	Approved
152	PERMANENT_ALIAS	selenephos_ceiling_coffered_guilloche_white_small	selenephos_ceiling_coffered_byzantine_white_small	White Selenephos Guilloche Coffered Ceiling	White Selenephos Byzantine Coffered Ceiling	Byzantine	Published ≤1.5.2	Byzantine style	Approved
153	PERMANENT_ALIAS	selenephos_cornice_guilloche	selenephos_cornice_byzantine	Selenephos Guilloche Cornice	Selenephos Byzantine Cornice	Byzantine	Published ≤1.5.2	Byzantine style	Approved
154	PERMANENT_ALIAS	selenephos_surround_guilloche	selenephos_surround_byzantine	Selenephos Guilloche Surround	Selenephos Byzantine Surround	Byzantine	Published ≤1.5.2	Byzantine style	Approved
155	PERMANENT_ALIAS	solistra_ceiling_coffered_guilloche_black_small	solistra_ceiling_coffered_byzantine_black_small	Black Solistra Guilloche Coffered Ceiling	Black Solistra Byzantine Coffered Ceiling	Byzantine	Published ≤1.5.2	Byzantine style	Approved
156	PERMANENT_ALIAS	solistra_ceiling_coffered_guilloche_white_small	solistra_ceiling_coffered_byzantine_white_small	White Solistra Guilloche Coffered Ceiling	White Solistra Byzantine Coffered Ceiling	Byzantine	Published ≤1.5.2	Byzantine style	Approved
157	PERMANENT_ALIAS	solistra_cornice_guilloche	solistra_cornice_byzantine	Solistra Guilloche Cornice	Solistra Byzantine Cornice	Byzantine	Published ≤1.5.2	Byzantine style	Approved
158	PERMANENT_ALIAS	solistra_surround_guilloche	solistra_surround_byzantine	Solistra Guilloche Surround	Solistra Byzantine Surround	Byzantine	Published ≤1.5.2	Byzantine style	Approved
159	PERMANENT_ALIAS	striatus_ceiling_coffered_guilloche_black_small	striatus_ceiling_coffered_byzantine_black_small	Black Striatus Guilloche Coffered Ceiling	Black Striatus Byzantine Coffered Ceiling	Byzantine	Published ≤1.5.2	Byzantine style	Approved
160	PERMANENT_ALIAS	striatus_ceiling_coffered_guilloche_white_small	striatus_ceiling_coffered_byzantine_white_small	White Striatus Guilloche Coffered Ceiling	White Striatus Byzantine Coffered Ceiling	Byzantine	Published ≤1.5.2	Byzantine style	Approved
161	PERMANENT_ALIAS	striatus_cornice_guilloche	striatus_cornice_byzantine	Striatus Guilloche Cornice	Striatus Byzantine Cornice	Byzantine	Published ≤1.5.2	Byzantine style	Approved
162	PERMANENT_ALIAS	striatus_surround_guilloche	striatus_surround_byzantine	Striatus Guilloche Surround	Striatus Byzantine Surround	Byzantine	Published ≤1.5.2	Byzantine style	Approved
163	PERMANENT_ALIAS	aganite_block_aged	aganite_aged_block	Aganite Aged Block	Aganite Aged Block	Core / Inlay	Published ≤1.5.2	Aged order	Approved
164	PERMANENT_ALIAS	aganite_chimney_circular_aged	aganite_aged_chimney_circular	Aganite Aged Circular Chimney	Aganite Aged Circular Chimney	Core / Inlay	Published ≤1.5.2	Aged order	Approved
165	PERMANENT_ALIAS	aganite_column_circular_aged	aganite_aged_column_circular	Aganite Aged Circular Column	Aganite Aged Circular Column	Core / Inlay	Published ≤1.5.2	Aged order	Approved
166	PERMANENT_ALIAS	aganite_column_square_aged	aganite_aged_column_square	Aganite Aged Square Column	Aganite Aged Square Column	Core / Inlay	Published ≤1.5.2	Aged order	Approved
167	PERMANENT_ALIAS	aganite_layer_aged	aganite_aged_layer	Aganite Aged Layer	Aganite Aged Layer	Core / Inlay	Published ≤1.5.2	Aged order	Approved
168	PERMANENT_ALIAS	aganite_layer_multiface_aged	aganite_aged_layer_multiface	Aganite Aged Multiface Layer	Aganite Aged Multiface Layer	Core / Inlay	Published ≤1.5.2	Aged order	Approved
169	PERMANENT_ALIAS	aganite_layer_vertical_aged	aganite_aged_layer_vertical	Aganite Aged Vertical Layer	Aganite Aged Vertical Layer	Core / Inlay	Published ≤1.5.2	Aged order	Approved
170	PERMANENT_ALIAS	aganite_post_aged	aganite_aged_post	Aganite Aged Post	Aganite Aged Post	Core / Inlay	Published ≤1.5.2	Aged order	Approved
171	PERMANENT_ALIAS	aganite_slab_aged	aganite_aged_slab	Aganite Aged Slab	Aganite Aged Slab	Core / Inlay	Published ≤1.5.2	Aged order	Approved
172	PERMANENT_ALIAS	aganite_slope_aged	aganite_aged_slope	Aganite Aged Slope	Aganite Aged Slope	Core / Inlay	Published ≤1.5.2	Aged order	Approved
173	PERMANENT_ALIAS	aganite_slope_shallow_lower_aged	aganite_aged_slope_shallow_lower	Aganite Aged Lower Shallow Slope	Aganite Aged Lower Shallow Slope	Core / Inlay	Published ≤1.5.2	Aged order	Approved
174	PERMANENT_ALIAS	aganite_slope_shallow_upper_aged	aganite_aged_slope_shallow_upper	Aganite Aged Upper Shallow Slope	Aganite Aged Upper Shallow Slope	Core / Inlay	Published ≤1.5.2	Aged order	Approved
175	PERMANENT_ALIAS	aganite_slope_steep_lower_aged	aganite_aged_slope_steep_lower	Aganite Aged Lower Steep Slope	Aganite Aged Lower Steep Slope	Core / Inlay	Published ≤1.5.2	Aged order	Approved
176	PERMANENT_ALIAS	aganite_slope_steep_upper_aged	aganite_aged_slope_steep_upper	Aganite Aged Upper Steep Slope	Aganite Aged Upper Steep Slope	Core / Inlay	Published ≤1.5.2	Aged order	Approved
177	PERMANENT_ALIAS	aganite_slope_vertical_aged	aganite_aged_slope_vertical	Aganite Aged Vertical Slope	Aganite Aged Vertical Slope	Core / Inlay	Published ≤1.5.2	Aged order	Approved
178	PERMANENT_ALIAS	aganite_slope_vertical_shallow_broad_aged	aganite_aged_slope_vertical_shallow_broad	Aganite Aged Broad Shallow Vertical Slope	Aganite Aged Broad Shallow Vertical Slope	Core / Inlay	Published ≤1.5.2	Aged order	Approved
179	PERMANENT_ALIAS	aganite_slope_vertical_shallow_narrow_aged	aganite_aged_slope_vertical_shallow_narrow	Aganite Aged Narrow Shallow Vertical Slope	Aganite Aged Narrow Shallow Vertical Slope	Core / Inlay	Published ≤1.5.2	Aged order	Approved
180	PERMANENT_ALIAS	aganite_stairs_aged	aganite_aged_stairs	Aganite Aged Stairs	Aganite Aged Stairs	Core / Inlay	Published ≤1.5.2	Aged order	Approved
181	PERMANENT_ALIAS	aganite_stairs_shallow_bottom_aged	aganite_aged_stairs_shallow_bottom	Aganite Aged Shallow Stairs (Bottom)	Aganite Aged Shallow Stairs (Bottom)	Core / Inlay	Published ≤1.5.2	Aged order	Approved
182	PERMANENT_ALIAS	aganite_stairs_shallow_top_aged	aganite_aged_stairs_shallow_top	Aganite Aged Shallow Stairs (Top)	Aganite Aged Shallow Stairs (Top)	Core / Inlay	Published ≤1.5.2	Aged order	Approved
183	PERMANENT_ALIAS	aganite_stairs_spiral_large_aged	aganite_aged_stairs_spiral_large	Aganite Aged Large Spiral Stairs	Aganite Aged Large Spiral Stairs	Core / Inlay	Published ≤1.5.2	Aged order	Approved
184	PERMANENT_ALIAS	aganite_wall_aged	aganite_aged_wall	Aganite Aged Wall	Aganite Aged Wall	Core / Inlay	Published ≤1.5.2	Aged order	Approved
185	PERMANENT_ALIAS	aganite_window_arch_aged	aganite_aged_window_arch	Aganite Aged Arch Window	Aganite Aged Arch Window	Core / Inlay	Published ≤1.5.2	Aged order	Approved
186	PERMANENT_ALIAS	aterzon_block_aged	aterzon_aged_block	Aterzon Aged Block	Aterzon Aged Block	Core / Inlay	Published ≤1.5.2	Aged order	Approved
187	PERMANENT_ALIAS	aterzon_chimney_circular_aged	aterzon_aged_chimney_circular	Aterzon Aged Circular Chimney	Aterzon Aged Circular Chimney	Core / Inlay	Published ≤1.5.2	Aged order	Approved
188	PERMANENT_ALIAS	aterzon_column_circular_aged	aterzon_aged_column_circular	Aterzon Aged Circular Column	Aterzon Aged Circular Column	Core / Inlay	Published ≤1.5.2	Aged order	Approved
189	PERMANENT_ALIAS	aterzon_column_square_aged	aterzon_aged_column_square	Aterzon Aged Square Column	Aterzon Aged Square Column	Core / Inlay	Published ≤1.5.2	Aged order	Approved
190	PERMANENT_ALIAS	aterzon_layer_aged	aterzon_aged_layer	Aterzon Aged Layer	Aterzon Aged Layer	Core / Inlay	Published ≤1.5.2	Aged order	Approved
191	PERMANENT_ALIAS	aterzon_layer_multiface_aged	aterzon_aged_layer_multiface	Aterzon Aged Multiface Layer	Aterzon Aged Multiface Layer	Core / Inlay	Published ≤1.5.2	Aged order	Approved
192	PERMANENT_ALIAS	aterzon_layer_vertical_aged	aterzon_aged_layer_vertical	Aterzon Aged Vertical Layer	Aterzon Aged Vertical Layer	Core / Inlay	Published ≤1.5.2	Aged order	Approved
193	PERMANENT_ALIAS	aterzon_post_aged	aterzon_aged_post	Aterzon Aged Post	Aterzon Aged Post	Core / Inlay	Published ≤1.5.2	Aged order	Approved
194	PERMANENT_ALIAS	aterzon_slab_aged	aterzon_aged_slab	Aterzon Aged Slab	Aterzon Aged Slab	Core / Inlay	Published ≤1.5.2	Aged order	Approved
195	PERMANENT_ALIAS	aterzon_slope_aged	aterzon_aged_slope	Aterzon Aged Slope	Aterzon Aged Slope	Core / Inlay	Published ≤1.5.2	Aged order	Approved
196	PERMANENT_ALIAS	aterzon_slope_shallow_lower_aged	aterzon_aged_slope_shallow_lower	Aterzon Aged Lower Shallow Slope	Aterzon Aged Lower Shallow Slope	Core / Inlay	Published ≤1.5.2	Aged order	Approved
197	PERMANENT_ALIAS	aterzon_slope_shallow_upper_aged	aterzon_aged_slope_shallow_upper	Aterzon Aged Upper Shallow Slope	Aterzon Aged Upper Shallow Slope	Core / Inlay	Published ≤1.5.2	Aged order	Approved
198	PERMANENT_ALIAS	aterzon_slope_steep_lower_aged	aterzon_aged_slope_steep_lower	Aterzon Aged Lower Steep Slope	Aterzon Aged Lower Steep Slope	Core / Inlay	Published ≤1.5.2	Aged order	Approved
199	PERMANENT_ALIAS	aterzon_slope_steep_upper_aged	aterzon_aged_slope_steep_upper	Aterzon Aged Upper Steep Slope	Aterzon Aged Upper Steep Slope	Core / Inlay	Published ≤1.5.2	Aged order	Approved
200	PERMANENT_ALIAS	aterzon_slope_vertical_aged	aterzon_aged_slope_vertical	Aterzon Aged Vertical Slope	Aterzon Aged Vertical Slope	Core / Inlay	Published ≤1.5.2	Aged order	Approved
201	PERMANENT_ALIAS	aterzon_slope_vertical_shallow_broad_aged	aterzon_aged_slope_vertical_shallow_broad	Aterzon Aged Broad Shallow Vertical Slope	Aterzon Aged Broad Shallow Vertical Slope	Core / Inlay	Published ≤1.5.2	Aged order	Approved
202	PERMANENT_ALIAS	aterzon_slope_vertical_shallow_narrow_aged	aterzon_aged_slope_vertical_shallow_narrow	Aterzon Aged Narrow Shallow Vertical Slope	Aterzon Aged Narrow Shallow Vertical Slope	Core / Inlay	Published ≤1.5.2	Aged order	Approved
203	PERMANENT_ALIAS	aterzon_stairs_aged	aterzon_aged_stairs	Aterzon Aged Stairs	Aterzon Aged Stairs	Core / Inlay	Published ≤1.5.2	Aged order	Approved
204	PERMANENT_ALIAS	aterzon_stairs_shallow_bottom_aged	aterzon_aged_stairs_shallow_bottom	Aterzon Aged Shallow Stairs (Bottom)	Aterzon Aged Shallow Stairs (Bottom)	Core / Inlay	Published ≤1.5.2	Aged order	Approved
205	PERMANENT_ALIAS	aterzon_stairs_shallow_top_aged	aterzon_aged_stairs_shallow_top	Aterzon Aged Shallow Stairs (Top)	Aterzon Aged Shallow Stairs (Top)	Core / Inlay	Published ≤1.5.2	Aged order	Approved
206	PERMANENT_ALIAS	aterzon_stairs_spiral_large_aged	aterzon_aged_stairs_spiral_large	Aterzon Aged Large Spiral Stairs	Aterzon Aged Large Spiral Stairs	Core / Inlay	Published ≤1.5.2	Aged order	Approved
207	PERMANENT_ALIAS	aterzon_wall_aged	aterzon_aged_wall	Aterzon Aged Wall	Aterzon Aged Wall	Core / Inlay	Published ≤1.5.2	Aged order	Approved
208	PERMANENT_ALIAS	aterzon_window_arch_aged	aterzon_aged_window_arch	Aterzon Aged Arch Window	Aterzon Aged Arch Window	Core / Inlay	Published ≤1.5.2	Aged order	Approved
209	PERMANENT_ALIAS	borealis_block_aged	borealis_aged_block	Borealis Aged Block	Borealis Aged Block	Core / Inlay	Published ≤1.5.2	Aged order	Approved
210	PERMANENT_ALIAS	borealis_chimney_circular_aged	borealis_aged_chimney_circular	Borealis Aged Circular Chimney	Borealis Aged Circular Chimney	Core / Inlay	Published ≤1.5.2	Aged order	Approved
211	PERMANENT_ALIAS	borealis_column_circular_aged	borealis_aged_column_circular	Borealis Aged Circular Column	Borealis Aged Circular Column	Core / Inlay	Published ≤1.5.2	Aged order	Approved
212	PERMANENT_ALIAS	borealis_column_square_aged	borealis_aged_column_square	Borealis Aged Square Column	Borealis Aged Square Column	Core / Inlay	Published ≤1.5.2	Aged order	Approved
213	PERMANENT_ALIAS	borealis_layer_aged	borealis_aged_layer	Borealis Aged Layer	Borealis Aged Layer	Core / Inlay	Published ≤1.5.2	Aged order	Approved
214	PERMANENT_ALIAS	borealis_layer_multiface_aged	borealis_aged_layer_multiface	Borealis Aged Multiface Layer	Borealis Aged Multiface Layer	Core / Inlay	Published ≤1.5.2	Aged order	Approved
215	PERMANENT_ALIAS	borealis_layer_vertical_aged	borealis_aged_layer_vertical	Borealis Aged Vertical Layer	Borealis Aged Vertical Layer	Core / Inlay	Published ≤1.5.2	Aged order	Approved
216	PERMANENT_ALIAS	borealis_post_aged	borealis_aged_post	Borealis Aged Post	Borealis Aged Post	Core / Inlay	Published ≤1.5.2	Aged order	Approved
217	PERMANENT_ALIAS	borealis_slab_aged	borealis_aged_slab	Borealis Aged Slab	Borealis Aged Slab	Core / Inlay	Published ≤1.5.2	Aged order	Approved
218	PERMANENT_ALIAS	borealis_slope_aged	borealis_aged_slope	Borealis Aged Slope	Borealis Aged Slope	Core / Inlay	Published ≤1.5.2	Aged order	Approved
219	PERMANENT_ALIAS	borealis_slope_shallow_lower_aged	borealis_aged_slope_shallow_lower	Borealis Aged Lower Shallow Slope	Borealis Aged Lower Shallow Slope	Core / Inlay	Published ≤1.5.2	Aged order	Approved
220	PERMANENT_ALIAS	borealis_slope_shallow_upper_aged	borealis_aged_slope_shallow_upper	Borealis Aged Upper Shallow Slope	Borealis Aged Upper Shallow Slope	Core / Inlay	Published ≤1.5.2	Aged order	Approved
221	PERMANENT_ALIAS	borealis_slope_steep_lower_aged	borealis_aged_slope_steep_lower	Borealis Aged Lower Steep Slope	Borealis Aged Lower Steep Slope	Core / Inlay	Published ≤1.5.2	Aged order	Approved
222	PERMANENT_ALIAS	borealis_slope_steep_upper_aged	borealis_aged_slope_steep_upper	Borealis Aged Upper Steep Slope	Borealis Aged Upper Steep Slope	Core / Inlay	Published ≤1.5.2	Aged order	Approved
223	PERMANENT_ALIAS	borealis_slope_vertical_aged	borealis_aged_slope_vertical	Borealis Aged Vertical Slope	Borealis Aged Vertical Slope	Core / Inlay	Published ≤1.5.2	Aged order	Approved
224	PERMANENT_ALIAS	borealis_slope_vertical_shallow_broad_aged	borealis_aged_slope_vertical_shallow_broad	Borealis Aged Broad Shallow Vertical Slope	Borealis Aged Broad Shallow Vertical Slope	Core / Inlay	Published ≤1.5.2	Aged order	Approved
225	PERMANENT_ALIAS	borealis_slope_vertical_shallow_narrow_aged	borealis_aged_slope_vertical_shallow_narrow	Borealis Aged Narrow Shallow Vertical Slope	Borealis Aged Narrow Shallow Vertical Slope	Core / Inlay	Published ≤1.5.2	Aged order	Approved
226	PERMANENT_ALIAS	borealis_stairs_aged	borealis_aged_stairs	Borealis Aged Stairs	Borealis Aged Stairs	Core / Inlay	Published ≤1.5.2	Aged order	Approved
227	PERMANENT_ALIAS	borealis_stairs_shallow_bottom_aged	borealis_aged_stairs_shallow_bottom	Borealis Aged Shallow Stairs (Bottom)	Borealis Aged Shallow Stairs (Bottom)	Core / Inlay	Published ≤1.5.2	Aged order	Approved
228	PERMANENT_ALIAS	borealis_stairs_shallow_top_aged	borealis_aged_stairs_shallow_top	Borealis Aged Shallow Stairs (Top)	Borealis Aged Shallow Stairs (Top)	Core / Inlay	Published ≤1.5.2	Aged order	Approved
229	PERMANENT_ALIAS	borealis_stairs_spiral_large_aged	borealis_aged_stairs_spiral_large	Borealis Aged Large Spiral Stairs	Borealis Aged Large Spiral Stairs	Core / Inlay	Published ≤1.5.2	Aged order	Approved
230	PERMANENT_ALIAS	borealis_wall_aged	borealis_aged_wall	Borealis Aged Wall	Borealis Aged Wall	Core / Inlay	Published ≤1.5.2	Aged order	Approved
231	PERMANENT_ALIAS	borealis_window_arch_aged	borealis_aged_window_arch	Borealis Aged Arch Window	Borealis Aged Arch Window	Core / Inlay	Published ≤1.5.2	Aged order	Approved
232	PERMANENT_ALIAS	brectite_block_aged	brectite_aged_block	Brectite Aged Block	Brectite Aged Block	Core / Inlay	Published ≤1.5.2	Aged order	Approved
233	PERMANENT_ALIAS	brectite_chimney_circular_aged	brectite_aged_chimney_circular	Brectite Aged Circular Chimney	Brectite Aged Circular Chimney	Core / Inlay	Published ≤1.5.2	Aged order	Approved
234	PERMANENT_ALIAS	brectite_column_circular_aged	brectite_aged_column_circular	Brectite Aged Circular Column	Brectite Aged Circular Column	Core / Inlay	Published ≤1.5.2	Aged order	Approved
235	PERMANENT_ALIAS	brectite_column_square_aged	brectite_aged_column_square	Brectite Aged Square Column	Brectite Aged Square Column	Core / Inlay	Published ≤1.5.2	Aged order	Approved
236	PERMANENT_ALIAS	brectite_layer_aged	brectite_aged_layer	Brectite Aged Layer	Brectite Aged Layer	Core / Inlay	Published ≤1.5.2	Aged order	Approved
237	PERMANENT_ALIAS	brectite_layer_multiface_aged	brectite_aged_layer_multiface	Brectite Aged Multiface Layer	Brectite Aged Multiface Layer	Core / Inlay	Published ≤1.5.2	Aged order	Approved
238	PERMANENT_ALIAS	brectite_layer_vertical_aged	brectite_aged_layer_vertical	Brectite Aged Vertical Layer	Brectite Aged Vertical Layer	Core / Inlay	Published ≤1.5.2	Aged order	Approved
239	PERMANENT_ALIAS	brectite_post_aged	brectite_aged_post	Brectite Aged Post	Brectite Aged Post	Core / Inlay	Published ≤1.5.2	Aged order	Approved
240	PERMANENT_ALIAS	brectite_slab_aged	brectite_aged_slab	Brectite Aged Slab	Brectite Aged Slab	Core / Inlay	Published ≤1.5.2	Aged order	Approved
241	PERMANENT_ALIAS	brectite_slope_aged	brectite_aged_slope	Brectite Aged Slope	Brectite Aged Slope	Core / Inlay	Published ≤1.5.2	Aged order	Approved
242	PERMANENT_ALIAS	brectite_slope_shallow_lower_aged	brectite_aged_slope_shallow_lower	Brectite Aged Lower Shallow Slope	Brectite Aged Lower Shallow Slope	Core / Inlay	Published ≤1.5.2	Aged order	Approved
243	PERMANENT_ALIAS	brectite_slope_shallow_upper_aged	brectite_aged_slope_shallow_upper	Brectite Aged Upper Shallow Slope	Brectite Aged Upper Shallow Slope	Core / Inlay	Published ≤1.5.2	Aged order	Approved
244	PERMANENT_ALIAS	brectite_slope_steep_lower_aged	brectite_aged_slope_steep_lower	Brectite Aged Lower Steep Slope	Brectite Aged Lower Steep Slope	Core / Inlay	Published ≤1.5.2	Aged order	Approved
245	PERMANENT_ALIAS	brectite_slope_steep_upper_aged	brectite_aged_slope_steep_upper	Brectite Aged Upper Steep Slope	Brectite Aged Upper Steep Slope	Core / Inlay	Published ≤1.5.2	Aged order	Approved
246	PERMANENT_ALIAS	brectite_slope_vertical_aged	brectite_aged_slope_vertical	Brectite Aged Vertical Slope	Brectite Aged Vertical Slope	Core / Inlay	Published ≤1.5.2	Aged order	Approved
247	PERMANENT_ALIAS	brectite_slope_vertical_shallow_broad_aged	brectite_aged_slope_vertical_shallow_broad	Brectite Aged Broad Shallow Vertical Slope	Brectite Aged Broad Shallow Vertical Slope	Core / Inlay	Published ≤1.5.2	Aged order	Approved
248	PERMANENT_ALIAS	brectite_slope_vertical_shallow_narrow_aged	brectite_aged_slope_vertical_shallow_narrow	Brectite Aged Narrow Shallow Vertical Slope	Brectite Aged Narrow Shallow Vertical Slope	Core / Inlay	Published ≤1.5.2	Aged order	Approved
249	PERMANENT_ALIAS	brectite_stairs_aged	brectite_aged_stairs	Brectite Aged Stairs	Brectite Aged Stairs	Core / Inlay	Published ≤1.5.2	Aged order	Approved
250	PERMANENT_ALIAS	brectite_stairs_shallow_bottom_aged	brectite_aged_stairs_shallow_bottom	Brectite Aged Shallow Stairs (Bottom)	Brectite Aged Shallow Stairs (Bottom)	Core / Inlay	Published ≤1.5.2	Aged order	Approved
251	PERMANENT_ALIAS	brectite_stairs_shallow_top_aged	brectite_aged_stairs_shallow_top	Brectite Aged Shallow Stairs (Top)	Brectite Aged Shallow Stairs (Top)	Core / Inlay	Published ≤1.5.2	Aged order	Approved
252	PERMANENT_ALIAS	brectite_stairs_spiral_large_aged	brectite_aged_stairs_spiral_large	Brectite Aged Large Spiral Stairs	Brectite Aged Large Spiral Stairs	Core / Inlay	Published ≤1.5.2	Aged order	Approved
253	PERMANENT_ALIAS	brectite_wall_aged	brectite_aged_wall	Brectite Aged Wall	Brectite Aged Wall	Core / Inlay	Published ≤1.5.2	Aged order	Approved
254	PERMANENT_ALIAS	brectite_window_arch_aged	brectite_aged_window_arch	Brectite Aged Arch Window	Brectite Aged Arch Window	Core / Inlay	Published ≤1.5.2	Aged order	Approved
255	PERMANENT_ALIAS	calacattum_block_aged	calacattum_aged_block	Calacattum Aged Block	Calacattum Aged Block	Core / Inlay	Published ≤1.5.2	Aged order	Approved
256	PERMANENT_ALIAS	calacattum_chimney_circular_aged	calacattum_aged_chimney_circular	Calacattum Aged Circular Chimney	Calacattum Aged Circular Chimney	Core / Inlay	Published ≤1.5.2	Aged order	Approved
257	PERMANENT_ALIAS	calacattum_column_circular_aged	calacattum_aged_column_circular	Calacattum Aged Circular Column	Calacattum Aged Circular Column	Core / Inlay	Published ≤1.5.2	Aged order	Approved
258	PERMANENT_ALIAS	calacattum_column_square_aged	calacattum_aged_column_square	Calacattum Aged Square Column	Calacattum Aged Square Column	Core / Inlay	Published ≤1.5.2	Aged order	Approved
259	PERMANENT_ALIAS	calacattum_layer_aged	calacattum_aged_layer	Calacattum Aged Layer	Calacattum Aged Layer	Core / Inlay	Published ≤1.5.2	Aged order	Approved
260	PERMANENT_ALIAS	calacattum_layer_multiface_aged	calacattum_aged_layer_multiface	Calacattum Aged Multiface Layer	Calacattum Aged Multiface Layer	Core / Inlay	Published ≤1.5.2	Aged order	Approved
261	PERMANENT_ALIAS	calacattum_layer_vertical_aged	calacattum_aged_layer_vertical	Calacattum Aged Vertical Layer	Calacattum Aged Vertical Layer	Core / Inlay	Published ≤1.5.2	Aged order	Approved
262	PERMANENT_ALIAS	calacattum_post_aged	calacattum_aged_post	Calacattum Aged Post	Calacattum Aged Post	Core / Inlay	Published ≤1.5.2	Aged order	Approved
263	PERMANENT_ALIAS	calacattum_slab_aged	calacattum_aged_slab	Calacattum Aged Slab	Calacattum Aged Slab	Core / Inlay	Published ≤1.5.2	Aged order	Approved
264	PERMANENT_ALIAS	calacattum_slope_aged	calacattum_aged_slope	Calacattum Aged Slope	Calacattum Aged Slope	Core / Inlay	Published ≤1.5.2	Aged order	Approved
265	PERMANENT_ALIAS	calacattum_slope_shallow_lower_aged	calacattum_aged_slope_shallow_lower	Calacattum Aged Lower Shallow Slope	Calacattum Aged Lower Shallow Slope	Core / Inlay	Published ≤1.5.2	Aged order	Approved
266	PERMANENT_ALIAS	calacattum_slope_shallow_upper_aged	calacattum_aged_slope_shallow_upper	Calacattum Aged Upper Shallow Slope	Calacattum Aged Upper Shallow Slope	Core / Inlay	Published ≤1.5.2	Aged order	Approved
267	PERMANENT_ALIAS	calacattum_slope_steep_lower_aged	calacattum_aged_slope_steep_lower	Calacattum Aged Lower Steep Slope	Calacattum Aged Lower Steep Slope	Core / Inlay	Published ≤1.5.2	Aged order	Approved
268	PERMANENT_ALIAS	calacattum_slope_steep_upper_aged	calacattum_aged_slope_steep_upper	Calacattum Aged Upper Steep Slope	Calacattum Aged Upper Steep Slope	Core / Inlay	Published ≤1.5.2	Aged order	Approved
269	PERMANENT_ALIAS	calacattum_slope_vertical_aged	calacattum_aged_slope_vertical	Calacattum Aged Vertical Slope	Calacattum Aged Vertical Slope	Core / Inlay	Published ≤1.5.2	Aged order	Approved
270	PERMANENT_ALIAS	calacattum_slope_vertical_shallow_broad_aged	calacattum_aged_slope_vertical_shallow_broad	Calacattum Aged Broad Shallow Vertical Slope	Calacattum Aged Broad Shallow Vertical Slope	Core / Inlay	Published ≤1.5.2	Aged order	Approved
271	PERMANENT_ALIAS	calacattum_slope_vertical_shallow_narrow_aged	calacattum_aged_slope_vertical_shallow_narrow	Calacattum Aged Narrow Shallow Vertical Slope	Calacattum Aged Narrow Shallow Vertical Slope	Core / Inlay	Published ≤1.5.2	Aged order	Approved
272	PERMANENT_ALIAS	calacattum_stairs_aged	calacattum_aged_stairs	Calacattum Aged Stairs	Calacattum Aged Stairs	Core / Inlay	Published ≤1.5.2	Aged order	Approved
273	PERMANENT_ALIAS	calacattum_stairs_shallow_bottom_aged	calacattum_aged_stairs_shallow_bottom	Calacattum Aged Shallow Stairs (Bottom)	Calacattum Aged Shallow Stairs (Bottom)	Core / Inlay	Published ≤1.5.2	Aged order	Approved
274	PERMANENT_ALIAS	calacattum_stairs_shallow_top_aged	calacattum_aged_stairs_shallow_top	Calacattum Aged Shallow Stairs (Top)	Calacattum Aged Shallow Stairs (Top)	Core / Inlay	Published ≤1.5.2	Aged order	Approved
275	PERMANENT_ALIAS	calacattum_stairs_spiral_large_aged	calacattum_aged_stairs_spiral_large	Calacattum Aged Large Spiral Stairs	Calacattum Aged Large Spiral Stairs	Core / Inlay	Published ≤1.5.2	Aged order	Approved
276	PERMANENT_ALIAS	calacattum_wall_aged	calacattum_aged_wall	Calacattum Aged Wall	Calacattum Aged Wall	Core / Inlay	Published ≤1.5.2	Aged order	Approved
277	PERMANENT_ALIAS	calacattum_window_arch_aged	calacattum_aged_window_arch	Calacattum Aged Arch Window	Calacattum Aged Arch Window	Core / Inlay	Published ≤1.5.2	Aged order	Approved
278	PERMANENT_ALIAS	chalstrom_block_aged	chalstrom_aged_block	Chalstrom Aged Block	Chalstrom Aged Block	Core / Inlay	Published ≤1.5.2	Aged order	Approved
279	PERMANENT_ALIAS	chalstrom_chimney_circular_aged	chalstrom_aged_chimney_circular	Chalstrom Aged Circular Chimney	Chalstrom Aged Circular Chimney	Core / Inlay	Published ≤1.5.2	Aged order	Approved
280	PERMANENT_ALIAS	chalstrom_column_circular_aged	chalstrom_aged_column_circular	Chalstrom Aged Circular Column	Chalstrom Aged Circular Column	Core / Inlay	Published ≤1.5.2	Aged order	Approved
281	PERMANENT_ALIAS	chalstrom_column_square_aged	chalstrom_aged_column_square	Chalstrom Aged Square Column	Chalstrom Aged Square Column	Core / Inlay	Published ≤1.5.2	Aged order	Approved
282	PERMANENT_ALIAS	chalstrom_layer_aged	chalstrom_aged_layer	Chalstrom Aged Layer	Chalstrom Aged Layer	Core / Inlay	Published ≤1.5.2	Aged order	Approved
283	PERMANENT_ALIAS	chalstrom_layer_multiface_aged	chalstrom_aged_layer_multiface	Chalstrom Aged Multiface Layer	Chalstrom Aged Multiface Layer	Core / Inlay	Published ≤1.5.2	Aged order	Approved
284	PERMANENT_ALIAS	chalstrom_layer_vertical_aged	chalstrom_aged_layer_vertical	Chalstrom Aged Vertical Layer	Chalstrom Aged Vertical Layer	Core / Inlay	Published ≤1.5.2	Aged order	Approved
285	PERMANENT_ALIAS	chalstrom_post_aged	chalstrom_aged_post	Chalstrom Aged Post	Chalstrom Aged Post	Core / Inlay	Published ≤1.5.2	Aged order	Approved
286	PERMANENT_ALIAS	chalstrom_slab_aged	chalstrom_aged_slab	Chalstrom Aged Slab	Chalstrom Aged Slab	Core / Inlay	Published ≤1.5.2	Aged order	Approved
287	PERMANENT_ALIAS	chalstrom_slope_aged	chalstrom_aged_slope	Chalstrom Aged Slope	Chalstrom Aged Slope	Core / Inlay	Published ≤1.5.2	Aged order	Approved
288	PERMANENT_ALIAS	chalstrom_slope_shallow_lower_aged	chalstrom_aged_slope_shallow_lower	Chalstrom Aged Lower Shallow Slope	Chalstrom Aged Lower Shallow Slope	Core / Inlay	Published ≤1.5.2	Aged order	Approved
289	PERMANENT_ALIAS	chalstrom_slope_shallow_upper_aged	chalstrom_aged_slope_shallow_upper	Chalstrom Aged Upper Shallow Slope	Chalstrom Aged Upper Shallow Slope	Core / Inlay	Published ≤1.5.2	Aged order	Approved
290	PERMANENT_ALIAS	chalstrom_slope_steep_lower_aged	chalstrom_aged_slope_steep_lower	Chalstrom Aged Lower Steep Slope	Chalstrom Aged Lower Steep Slope	Core / Inlay	Published ≤1.5.2	Aged order	Approved
291	PERMANENT_ALIAS	chalstrom_slope_steep_upper_aged	chalstrom_aged_slope_steep_upper	Chalstrom Aged Upper Steep Slope	Chalstrom Aged Upper Steep Slope	Core / Inlay	Published ≤1.5.2	Aged order	Approved
292	PERMANENT_ALIAS	chalstrom_slope_vertical_aged	chalstrom_aged_slope_vertical	Chalstrom Aged Vertical Slope	Chalstrom Aged Vertical Slope	Core / Inlay	Published ≤1.5.2	Aged order	Approved
293	PERMANENT_ALIAS	chalstrom_slope_vertical_shallow_broad_aged	chalstrom_aged_slope_vertical_shallow_broad	Chalstrom Aged Broad Shallow Vertical Slope	Chalstrom Aged Broad Shallow Vertical Slope	Core / Inlay	Published ≤1.5.2	Aged order	Approved
294	PERMANENT_ALIAS	chalstrom_slope_vertical_shallow_narrow_aged	chalstrom_aged_slope_vertical_shallow_narrow	Chalstrom Aged Narrow Shallow Vertical Slope	Chalstrom Aged Narrow Shallow Vertical Slope	Core / Inlay	Published ≤1.5.2	Aged order	Approved
295	PERMANENT_ALIAS	chalstrom_stairs_aged	chalstrom_aged_stairs	Chalstrom Aged Stairs	Chalstrom Aged Stairs	Core / Inlay	Published ≤1.5.2	Aged order	Approved
296	PERMANENT_ALIAS	chalstrom_stairs_shallow_bottom_aged	chalstrom_aged_stairs_shallow_bottom	Chalstrom Aged Shallow Stairs (Bottom)	Chalstrom Aged Shallow Stairs (Bottom)	Core / Inlay	Published ≤1.5.2	Aged order	Approved
297	PERMANENT_ALIAS	chalstrom_stairs_shallow_top_aged	chalstrom_aged_stairs_shallow_top	Chalstrom Aged Shallow Stairs (Top)	Chalstrom Aged Shallow Stairs (Top)	Core / Inlay	Published ≤1.5.2	Aged order	Approved
298	PERMANENT_ALIAS	chalstrom_stairs_spiral_large_aged	chalstrom_aged_stairs_spiral_large	Chalstrom Aged Large Spiral Stairs	Chalstrom Aged Large Spiral Stairs	Core / Inlay	Published ≤1.5.2	Aged order	Approved
299	PERMANENT_ALIAS	chalstrom_wall_aged	chalstrom_aged_wall	Chalstrom Aged Wall	Chalstrom Aged Wall	Core / Inlay	Published ≤1.5.2	Aged order	Approved
300	PERMANENT_ALIAS	chalstrom_window_arch_aged	chalstrom_aged_window_arch	Chalstrom Aged Arch Window	Chalstrom Aged Arch Window	Core / Inlay	Published ≤1.5.2	Aged order	Approved
301	PERMANENT_ALIAS	chrysonyx_block_aged	chrysonyx_aged_block	Chrysonyx Aged Block	Chrysonyx Aged Block	Core / Inlay	Published ≤1.5.2	Aged order	Approved
302	PERMANENT_ALIAS	chrysonyx_chimney_circular_aged	chrysonyx_aged_chimney_circular	Chrysonyx Aged Circular Chimney	Chrysonyx Aged Circular Chimney	Core / Inlay	Published ≤1.5.2	Aged order	Approved
303	PERMANENT_ALIAS	chrysonyx_column_circular_aged	chrysonyx_aged_column_circular	Chrysonyx Aged Circular Column	Chrysonyx Aged Circular Column	Core / Inlay	Published ≤1.5.2	Aged order	Approved
304	PERMANENT_ALIAS	chrysonyx_column_square_aged	chrysonyx_aged_column_square	Chrysonyx Aged Square Column	Chrysonyx Aged Square Column	Core / Inlay	Published ≤1.5.2	Aged order	Approved
305	PERMANENT_ALIAS	chrysonyx_layer_aged	chrysonyx_aged_layer	Chrysonyx Aged Layer	Chrysonyx Aged Layer	Core / Inlay	Published ≤1.5.2	Aged order	Approved
306	PERMANENT_ALIAS	chrysonyx_layer_multiface_aged	chrysonyx_aged_layer_multiface	Chrysonyx Aged Multiface Layer	Chrysonyx Aged Multiface Layer	Core / Inlay	Published ≤1.5.2	Aged order	Approved
307	PERMANENT_ALIAS	chrysonyx_layer_vertical_aged	chrysonyx_aged_layer_vertical	Chrysonyx Aged Vertical Layer	Chrysonyx Aged Vertical Layer	Core / Inlay	Published ≤1.5.2	Aged order	Approved
308	PERMANENT_ALIAS	chrysonyx_post_aged	chrysonyx_aged_post	Chrysonyx Aged Post	Chrysonyx Aged Post	Core / Inlay	Published ≤1.5.2	Aged order	Approved
309	PERMANENT_ALIAS	chrysonyx_slab_aged	chrysonyx_aged_slab	Chrysonyx Aged Slab	Chrysonyx Aged Slab	Core / Inlay	Published ≤1.5.2	Aged order	Approved
310	PERMANENT_ALIAS	chrysonyx_slope_aged	chrysonyx_aged_slope	Chrysonyx Aged Slope	Chrysonyx Aged Slope	Core / Inlay	Published ≤1.5.2	Aged order	Approved
311	PERMANENT_ALIAS	chrysonyx_slope_shallow_lower_aged	chrysonyx_aged_slope_shallow_lower	Chrysonyx Aged Lower Shallow Slope	Chrysonyx Aged Lower Shallow Slope	Core / Inlay	Published ≤1.5.2	Aged order	Approved
312	PERMANENT_ALIAS	chrysonyx_slope_shallow_upper_aged	chrysonyx_aged_slope_shallow_upper	Chrysonyx Aged Upper Shallow Slope	Chrysonyx Aged Upper Shallow Slope	Core / Inlay	Published ≤1.5.2	Aged order	Approved
313	PERMANENT_ALIAS	chrysonyx_slope_steep_lower_aged	chrysonyx_aged_slope_steep_lower	Chrysonyx Aged Lower Steep Slope	Chrysonyx Aged Lower Steep Slope	Core / Inlay	Published ≤1.5.2	Aged order	Approved
314	PERMANENT_ALIAS	chrysonyx_slope_steep_upper_aged	chrysonyx_aged_slope_steep_upper	Chrysonyx Aged Upper Steep Slope	Chrysonyx Aged Upper Steep Slope	Core / Inlay	Published ≤1.5.2	Aged order	Approved
315	PERMANENT_ALIAS	chrysonyx_slope_vertical_aged	chrysonyx_aged_slope_vertical	Chrysonyx Aged Vertical Slope	Chrysonyx Aged Vertical Slope	Core / Inlay	Published ≤1.5.2	Aged order	Approved
316	PERMANENT_ALIAS	chrysonyx_slope_vertical_shallow_broad_aged	chrysonyx_aged_slope_vertical_shallow_broad	Chrysonyx Aged Broad Shallow Vertical Slope	Chrysonyx Aged Broad Shallow Vertical Slope	Core / Inlay	Published ≤1.5.2	Aged order	Approved
317	PERMANENT_ALIAS	chrysonyx_slope_vertical_shallow_narrow_aged	chrysonyx_aged_slope_vertical_shallow_narrow	Chrysonyx Aged Narrow Shallow Vertical Slope	Chrysonyx Aged Narrow Shallow Vertical Slope	Core / Inlay	Published ≤1.5.2	Aged order	Approved
318	PERMANENT_ALIAS	chrysonyx_stairs_aged	chrysonyx_aged_stairs	Chrysonyx Aged Stairs	Chrysonyx Aged Stairs	Core / Inlay	Published ≤1.5.2	Aged order	Approved
319	PERMANENT_ALIAS	chrysonyx_stairs_shallow_bottom_aged	chrysonyx_aged_stairs_shallow_bottom	Chrysonyx Aged Shallow Stairs (Bottom)	Chrysonyx Aged Shallow Stairs (Bottom)	Core / Inlay	Published ≤1.5.2	Aged order	Approved
320	PERMANENT_ALIAS	chrysonyx_stairs_shallow_top_aged	chrysonyx_aged_stairs_shallow_top	Chrysonyx Aged Shallow Stairs (Top)	Chrysonyx Aged Shallow Stairs (Top)	Core / Inlay	Published ≤1.5.2	Aged order	Approved
321	PERMANENT_ALIAS	chrysonyx_stairs_spiral_large_aged	chrysonyx_aged_stairs_spiral_large	Chrysonyx Aged Large Spiral Stairs	Chrysonyx Aged Large Spiral Stairs	Core / Inlay	Published ≤1.5.2	Aged order	Approved
322	PERMANENT_ALIAS	chrysonyx_wall_aged	chrysonyx_aged_wall	Chrysonyx Aged Wall	Chrysonyx Aged Wall	Core / Inlay	Published ≤1.5.2	Aged order	Approved
323	PERMANENT_ALIAS	chrysonyx_window_arch_aged	chrysonyx_aged_window_arch	Chrysonyx Aged Arch Window	Chrysonyx Aged Arch Window	Core / Inlay	Published ≤1.5.2	Aged order	Approved
324	PERMANENT_ALIAS	etruscus_block_aged	etruscus_aged_block	Etruscus Aged Block	Etruscus Aged Block	Core / Inlay	Published ≤1.5.2	Aged order	Approved
325	PERMANENT_ALIAS	etruscus_chimney_circular_aged	etruscus_aged_chimney_circular	Etruscus Aged Circular Chimney	Etruscus Aged Circular Chimney	Core / Inlay	Published ≤1.5.2	Aged order	Approved
326	PERMANENT_ALIAS	etruscus_column_circular_aged	etruscus_aged_column_circular	Etruscus Aged Circular Column	Etruscus Aged Circular Column	Core / Inlay	Published ≤1.5.2	Aged order	Approved
327	PERMANENT_ALIAS	etruscus_column_square_aged	etruscus_aged_column_square	Etruscus Aged Square Column	Etruscus Aged Square Column	Core / Inlay	Published ≤1.5.2	Aged order	Approved
328	PERMANENT_ALIAS	etruscus_layer_aged	etruscus_aged_layer	Etruscus Aged Layer	Etruscus Aged Layer	Core / Inlay	Published ≤1.5.2	Aged order	Approved
329	PERMANENT_ALIAS	etruscus_layer_multiface_aged	etruscus_aged_layer_multiface	Etruscus Aged Multiface Layer	Etruscus Aged Multiface Layer	Core / Inlay	Published ≤1.5.2	Aged order	Approved
330	PERMANENT_ALIAS	etruscus_layer_vertical_aged	etruscus_aged_layer_vertical	Etruscus Aged Vertical Layer	Etruscus Aged Vertical Layer	Core / Inlay	Published ≤1.5.2	Aged order	Approved
331	PERMANENT_ALIAS	etruscus_post_aged	etruscus_aged_post	Etruscus Aged Post	Etruscus Aged Post	Core / Inlay	Published ≤1.5.2	Aged order	Approved
332	PERMANENT_ALIAS	etruscus_slab_aged	etruscus_aged_slab	Etruscus Aged Slab	Etruscus Aged Slab	Core / Inlay	Published ≤1.5.2	Aged order	Approved
333	PERMANENT_ALIAS	etruscus_slope_aged	etruscus_aged_slope	Etruscus Aged Slope	Etruscus Aged Slope	Core / Inlay	Published ≤1.5.2	Aged order	Approved
334	PERMANENT_ALIAS	etruscus_slope_shallow_lower_aged	etruscus_aged_slope_shallow_lower	Etruscus Aged Lower Shallow Slope	Etruscus Aged Lower Shallow Slope	Core / Inlay	Published ≤1.5.2	Aged order	Approved
335	PERMANENT_ALIAS	etruscus_slope_shallow_upper_aged	etruscus_aged_slope_shallow_upper	Etruscus Aged Upper Shallow Slope	Etruscus Aged Upper Shallow Slope	Core / Inlay	Published ≤1.5.2	Aged order	Approved
336	PERMANENT_ALIAS	etruscus_slope_steep_lower_aged	etruscus_aged_slope_steep_lower	Etruscus Aged Lower Steep Slope	Etruscus Aged Lower Steep Slope	Core / Inlay	Published ≤1.5.2	Aged order	Approved
337	PERMANENT_ALIAS	etruscus_slope_steep_upper_aged	etruscus_aged_slope_steep_upper	Etruscus Aged Upper Steep Slope	Etruscus Aged Upper Steep Slope	Core / Inlay	Published ≤1.5.2	Aged order	Approved
338	PERMANENT_ALIAS	etruscus_slope_vertical_aged	etruscus_aged_slope_vertical	Etruscus Aged Vertical Slope	Etruscus Aged Vertical Slope	Core / Inlay	Published ≤1.5.2	Aged order	Approved
339	PERMANENT_ALIAS	etruscus_slope_vertical_shallow_broad_aged	etruscus_aged_slope_vertical_shallow_broad	Etruscus Aged Broad Shallow Vertical Slope	Etruscus Aged Broad Shallow Vertical Slope	Core / Inlay	Published ≤1.5.2	Aged order	Approved
340	PERMANENT_ALIAS	etruscus_slope_vertical_shallow_narrow_aged	etruscus_aged_slope_vertical_shallow_narrow	Etruscus Aged Narrow Shallow Vertical Slope	Etruscus Aged Narrow Shallow Vertical Slope	Core / Inlay	Published ≤1.5.2	Aged order	Approved
341	PERMANENT_ALIAS	etruscus_stairs_aged	etruscus_aged_stairs	Etruscus Aged Stairs	Etruscus Aged Stairs	Core / Inlay	Published ≤1.5.2	Aged order	Approved
342	PERMANENT_ALIAS	etruscus_stairs_shallow_bottom_aged	etruscus_aged_stairs_shallow_bottom	Etruscus Aged Shallow Stairs (Bottom)	Etruscus Aged Shallow Stairs (Bottom)	Core / Inlay	Published ≤1.5.2	Aged order	Approved
343	PERMANENT_ALIAS	etruscus_stairs_shallow_top_aged	etruscus_aged_stairs_shallow_top	Etruscus Aged Shallow Stairs (Top)	Etruscus Aged Shallow Stairs (Top)	Core / Inlay	Published ≤1.5.2	Aged order	Approved
344	PERMANENT_ALIAS	etruscus_stairs_spiral_large_aged	etruscus_aged_stairs_spiral_large	Etruscus Aged Large Spiral Stairs	Etruscus Aged Large Spiral Stairs	Core / Inlay	Published ≤1.5.2	Aged order	Approved
345	PERMANENT_ALIAS	etruscus_wall_aged	etruscus_aged_wall	Etruscus Aged Wall	Etruscus Aged Wall	Core / Inlay	Published ≤1.5.2	Aged order	Approved
346	PERMANENT_ALIAS	etruscus_window_arch_aged	etruscus_aged_window_arch	Etruscus Aged Arch Window	Etruscus Aged Arch Window	Core / Inlay	Published ≤1.5.2	Aged order	Approved
347	PERMANENT_ALIAS	gelastrum_block_aged	gelastrum_aged_block	Gelastrum Aged Block	Gelastrum Aged Block	Core / Inlay	Published ≤1.5.2	Aged order	Approved
348	PERMANENT_ALIAS	gelastrum_chimney_circular_aged	gelastrum_aged_chimney_circular	Gelastrum Aged Circular Chimney	Gelastrum Aged Circular Chimney	Core / Inlay	Published ≤1.5.2	Aged order	Approved
349	PERMANENT_ALIAS	gelastrum_column_circular_aged	gelastrum_aged_column_circular	Gelastrum Aged Circular Column	Gelastrum Aged Circular Column	Core / Inlay	Published ≤1.5.2	Aged order	Approved
350	PERMANENT_ALIAS	gelastrum_column_square_aged	gelastrum_aged_column_square	Gelastrum Aged Square Column	Gelastrum Aged Square Column	Core / Inlay	Published ≤1.5.2	Aged order	Approved
351	PERMANENT_ALIAS	gelastrum_layer_aged	gelastrum_aged_layer	Gelastrum Aged Layer	Gelastrum Aged Layer	Core / Inlay	Published ≤1.5.2	Aged order	Approved
352	PERMANENT_ALIAS	gelastrum_layer_multiface_aged	gelastrum_aged_layer_multiface	Gelastrum Aged Multiface Layer	Gelastrum Aged Multiface Layer	Core / Inlay	Published ≤1.5.2	Aged order	Approved
353	PERMANENT_ALIAS	gelastrum_layer_vertical_aged	gelastrum_aged_layer_vertical	Gelastrum Aged Vertical Layer	Gelastrum Aged Vertical Layer	Core / Inlay	Published ≤1.5.2	Aged order	Approved
354	PERMANENT_ALIAS	gelastrum_post_aged	gelastrum_aged_post	Gelastrum Aged Post	Gelastrum Aged Post	Core / Inlay	Published ≤1.5.2	Aged order	Approved
355	PERMANENT_ALIAS	gelastrum_slab_aged	gelastrum_aged_slab	Gelastrum Aged Slab	Gelastrum Aged Slab	Core / Inlay	Published ≤1.5.2	Aged order	Approved
356	PERMANENT_ALIAS	gelastrum_slope_aged	gelastrum_aged_slope	Gelastrum Aged Slope	Gelastrum Aged Slope	Core / Inlay	Published ≤1.5.2	Aged order	Approved
357	PERMANENT_ALIAS	gelastrum_slope_shallow_lower_aged	gelastrum_aged_slope_shallow_lower	Gelastrum Aged Lower Shallow Slope	Gelastrum Aged Lower Shallow Slope	Core / Inlay	Published ≤1.5.2	Aged order	Approved
358	PERMANENT_ALIAS	gelastrum_slope_shallow_upper_aged	gelastrum_aged_slope_shallow_upper	Gelastrum Aged Upper Shallow Slope	Gelastrum Aged Upper Shallow Slope	Core / Inlay	Published ≤1.5.2	Aged order	Approved
359	PERMANENT_ALIAS	gelastrum_slope_steep_lower_aged	gelastrum_aged_slope_steep_lower	Gelastrum Aged Lower Steep Slope	Gelastrum Aged Lower Steep Slope	Core / Inlay	Published ≤1.5.2	Aged order	Approved
360	PERMANENT_ALIAS	gelastrum_slope_steep_upper_aged	gelastrum_aged_slope_steep_upper	Gelastrum Aged Upper Steep Slope	Gelastrum Aged Upper Steep Slope	Core / Inlay	Published ≤1.5.2	Aged order	Approved
361	PERMANENT_ALIAS	gelastrum_slope_vertical_aged	gelastrum_aged_slope_vertical	Gelastrum Aged Vertical Slope	Gelastrum Aged Vertical Slope	Core / Inlay	Published ≤1.5.2	Aged order	Approved
362	PERMANENT_ALIAS	gelastrum_slope_vertical_shallow_broad_aged	gelastrum_aged_slope_vertical_shallow_broad	Gelastrum Aged Broad Shallow Vertical Slope	Gelastrum Aged Broad Shallow Vertical Slope	Core / Inlay	Published ≤1.5.2	Aged order	Approved
363	PERMANENT_ALIAS	gelastrum_slope_vertical_shallow_narrow_aged	gelastrum_aged_slope_vertical_shallow_narrow	Gelastrum Aged Narrow Shallow Vertical Slope	Gelastrum Aged Narrow Shallow Vertical Slope	Core / Inlay	Published ≤1.5.2	Aged order	Approved
364	PERMANENT_ALIAS	gelastrum_stairs_aged	gelastrum_aged_stairs	Gelastrum Aged Stairs	Gelastrum Aged Stairs	Core / Inlay	Published ≤1.5.2	Aged order	Approved
365	PERMANENT_ALIAS	gelastrum_stairs_shallow_bottom_aged	gelastrum_aged_stairs_shallow_bottom	Gelastrum Aged Shallow Stairs (Bottom)	Gelastrum Aged Shallow Stairs (Bottom)	Core / Inlay	Published ≤1.5.2	Aged order	Approved
366	PERMANENT_ALIAS	gelastrum_stairs_shallow_top_aged	gelastrum_aged_stairs_shallow_top	Gelastrum Aged Shallow Stairs (Top)	Gelastrum Aged Shallow Stairs (Top)	Core / Inlay	Published ≤1.5.2	Aged order	Approved
367	PERMANENT_ALIAS	gelastrum_stairs_spiral_large_aged	gelastrum_aged_stairs_spiral_large	Gelastrum Aged Large Spiral Stairs	Gelastrum Aged Large Spiral Stairs	Core / Inlay	Published ≤1.5.2	Aged order	Approved
368	PERMANENT_ALIAS	gelastrum_wall_aged	gelastrum_aged_wall	Gelastrum Aged Wall	Gelastrum Aged Wall	Core / Inlay	Published ≤1.5.2	Aged order	Approved
369	PERMANENT_ALIAS	gelastrum_window_arch_aged	gelastrum_aged_window_arch	Gelastrum Aged Arch Window	Gelastrum Aged Arch Window	Core / Inlay	Published ≤1.5.2	Aged order	Approved
370	PERMANENT_ALIAS	glacium_block_aged	glacium_aged_block	Glacium Aged Block	Glacium Aged Block	Core / Inlay	Published ≤1.5.2	Aged order	Approved
371	PERMANENT_ALIAS	glacium_chimney_circular_aged	glacium_aged_chimney_circular	Glacium Aged Circular Chimney	Glacium Aged Circular Chimney	Core / Inlay	Published ≤1.5.2	Aged order	Approved
372	PERMANENT_ALIAS	glacium_column_circular_aged	glacium_aged_column_circular	Glacium Aged Circular Column	Glacium Aged Circular Column	Core / Inlay	Published ≤1.5.2	Aged order	Approved
373	PERMANENT_ALIAS	glacium_column_square_aged	glacium_aged_column_square	Glacium Aged Square Column	Glacium Aged Square Column	Core / Inlay	Published ≤1.5.2	Aged order	Approved
374	PERMANENT_ALIAS	glacium_layer_aged	glacium_aged_layer	Glacium Aged Layer	Glacium Aged Layer	Core / Inlay	Published ≤1.5.2	Aged order	Approved
375	PERMANENT_ALIAS	glacium_layer_multiface_aged	glacium_aged_layer_multiface	Glacium Aged Multiface Layer	Glacium Aged Multiface Layer	Core / Inlay	Published ≤1.5.2	Aged order	Approved
376	PERMANENT_ALIAS	glacium_layer_vertical_aged	glacium_aged_layer_vertical	Glacium Aged Vertical Layer	Glacium Aged Vertical Layer	Core / Inlay	Published ≤1.5.2	Aged order	Approved
377	PERMANENT_ALIAS	glacium_post_aged	glacium_aged_post	Glacium Aged Post	Glacium Aged Post	Core / Inlay	Published ≤1.5.2	Aged order	Approved
378	PERMANENT_ALIAS	glacium_slab_aged	glacium_aged_slab	Glacium Aged Slab	Glacium Aged Slab	Core / Inlay	Published ≤1.5.2	Aged order	Approved
379	PERMANENT_ALIAS	glacium_slope_aged	glacium_aged_slope	Glacium Aged Slope	Glacium Aged Slope	Core / Inlay	Published ≤1.5.2	Aged order	Approved
380	PERMANENT_ALIAS	glacium_slope_shallow_lower_aged	glacium_aged_slope_shallow_lower	Glacium Aged Lower Shallow Slope	Glacium Aged Lower Shallow Slope	Core / Inlay	Published ≤1.5.2	Aged order	Approved
381	PERMANENT_ALIAS	glacium_slope_shallow_upper_aged	glacium_aged_slope_shallow_upper	Glacium Aged Upper Shallow Slope	Glacium Aged Upper Shallow Slope	Core / Inlay	Published ≤1.5.2	Aged order	Approved
382	PERMANENT_ALIAS	glacium_slope_steep_lower_aged	glacium_aged_slope_steep_lower	Glacium Aged Lower Steep Slope	Glacium Aged Lower Steep Slope	Core / Inlay	Published ≤1.5.2	Aged order	Approved
383	PERMANENT_ALIAS	glacium_slope_steep_upper_aged	glacium_aged_slope_steep_upper	Glacium Aged Upper Steep Slope	Glacium Aged Upper Steep Slope	Core / Inlay	Published ≤1.5.2	Aged order	Approved
384	PERMANENT_ALIAS	glacium_slope_vertical_aged	glacium_aged_slope_vertical	Glacium Aged Vertical Slope	Glacium Aged Vertical Slope	Core / Inlay	Published ≤1.5.2	Aged order	Approved
385	PERMANENT_ALIAS	glacium_slope_vertical_shallow_broad_aged	glacium_aged_slope_vertical_shallow_broad	Glacium Aged Broad Shallow Vertical Slope	Glacium Aged Broad Shallow Vertical Slope	Core / Inlay	Published ≤1.5.2	Aged order	Approved
386	PERMANENT_ALIAS	glacium_slope_vertical_shallow_narrow_aged	glacium_aged_slope_vertical_shallow_narrow	Glacium Aged Narrow Shallow Vertical Slope	Glacium Aged Narrow Shallow Vertical Slope	Core / Inlay	Published ≤1.5.2	Aged order	Approved
387	PERMANENT_ALIAS	glacium_stairs_aged	glacium_aged_stairs	Glacium Aged Stairs	Glacium Aged Stairs	Core / Inlay	Published ≤1.5.2	Aged order	Approved
388	PERMANENT_ALIAS	glacium_stairs_shallow_bottom_aged	glacium_aged_stairs_shallow_bottom	Glacium Aged Shallow Stairs (Bottom)	Glacium Aged Shallow Stairs (Bottom)	Core / Inlay	Published ≤1.5.2	Aged order	Approved
389	PERMANENT_ALIAS	glacium_stairs_shallow_top_aged	glacium_aged_stairs_shallow_top	Glacium Aged Shallow Stairs (Top)	Glacium Aged Shallow Stairs (Top)	Core / Inlay	Published ≤1.5.2	Aged order	Approved
390	PERMANENT_ALIAS	glacium_stairs_spiral_large_aged	glacium_aged_stairs_spiral_large	Glacium Aged Large Spiral Stairs	Glacium Aged Large Spiral Stairs	Core / Inlay	Published ≤1.5.2	Aged order	Approved
391	PERMANENT_ALIAS	glacium_wall_aged	glacium_aged_wall	Glacium Aged Wall	Glacium Aged Wall	Core / Inlay	Published ≤1.5.2	Aged order	Approved
392	PERMANENT_ALIAS	glacium_window_arch_aged	glacium_aged_window_arch	Glacium Aged Arch Window	Glacium Aged Arch Window	Core / Inlay	Published ≤1.5.2	Aged order	Approved
393	PERMANENT_ALIAS	hesperion_block_aged	hesperion_aged_block	Hesperion Aged Block	Hesperion Aged Block	Core / Inlay	Published ≤1.5.2	Aged order	Approved
394	PERMANENT_ALIAS	hesperion_chimney_circular_aged	hesperion_aged_chimney_circular	Hesperion Aged Circular Chimney	Hesperion Aged Circular Chimney	Core / Inlay	Published ≤1.5.2	Aged order	Approved
395	PERMANENT_ALIAS	hesperion_column_circular_aged	hesperion_aged_column_circular	Hesperion Aged Circular Column	Hesperion Aged Circular Column	Core / Inlay	Published ≤1.5.2	Aged order	Approved
396	PERMANENT_ALIAS	hesperion_column_square_aged	hesperion_aged_column_square	Hesperion Aged Square Column	Hesperion Aged Square Column	Core / Inlay	Published ≤1.5.2	Aged order	Approved
397	PERMANENT_ALIAS	hesperion_layer_aged	hesperion_aged_layer	Hesperion Aged Layer	Hesperion Aged Layer	Core / Inlay	Published ≤1.5.2	Aged order	Approved
398	PERMANENT_ALIAS	hesperion_layer_multiface_aged	hesperion_aged_layer_multiface	Hesperion Aged Multiface Layer	Hesperion Aged Multiface Layer	Core / Inlay	Published ≤1.5.2	Aged order	Approved
399	PERMANENT_ALIAS	hesperion_layer_vertical_aged	hesperion_aged_layer_vertical	Hesperion Aged Vertical Layer	Hesperion Aged Vertical Layer	Core / Inlay	Published ≤1.5.2	Aged order	Approved
400	PERMANENT_ALIAS	hesperion_post_aged	hesperion_aged_post	Hesperion Aged Post	Hesperion Aged Post	Core / Inlay	Published ≤1.5.2	Aged order	Approved
401	PERMANENT_ALIAS	hesperion_slab_aged	hesperion_aged_slab	Hesperion Aged Slab	Hesperion Aged Slab	Core / Inlay	Published ≤1.5.2	Aged order	Approved
402	PERMANENT_ALIAS	hesperion_slope_aged	hesperion_aged_slope	Hesperion Aged Slope	Hesperion Aged Slope	Core / Inlay	Published ≤1.5.2	Aged order	Approved
403	PERMANENT_ALIAS	hesperion_slope_shallow_lower_aged	hesperion_aged_slope_shallow_lower	Hesperion Aged Lower Shallow Slope	Hesperion Aged Lower Shallow Slope	Core / Inlay	Published ≤1.5.2	Aged order	Approved
404	PERMANENT_ALIAS	hesperion_slope_shallow_upper_aged	hesperion_aged_slope_shallow_upper	Hesperion Aged Upper Shallow Slope	Hesperion Aged Upper Shallow Slope	Core / Inlay	Published ≤1.5.2	Aged order	Approved
405	PERMANENT_ALIAS	hesperion_slope_steep_lower_aged	hesperion_aged_slope_steep_lower	Hesperion Aged Lower Steep Slope	Hesperion Aged Lower Steep Slope	Core / Inlay	Published ≤1.5.2	Aged order	Approved
406	PERMANENT_ALIAS	hesperion_slope_steep_upper_aged	hesperion_aged_slope_steep_upper	Hesperion Aged Upper Steep Slope	Hesperion Aged Upper Steep Slope	Core / Inlay	Published ≤1.5.2	Aged order	Approved
407	PERMANENT_ALIAS	hesperion_slope_vertical_aged	hesperion_aged_slope_vertical	Hesperion Aged Vertical Slope	Hesperion Aged Vertical Slope	Core / Inlay	Published ≤1.5.2	Aged order	Approved
408	PERMANENT_ALIAS	hesperion_slope_vertical_shallow_broad_aged	hesperion_aged_slope_vertical_shallow_broad	Hesperion Aged Broad Shallow Vertical Slope	Hesperion Aged Broad Shallow Vertical Slope	Core / Inlay	Published ≤1.5.2	Aged order	Approved
409	PERMANENT_ALIAS	hesperion_slope_vertical_shallow_narrow_aged	hesperion_aged_slope_vertical_shallow_narrow	Hesperion Aged Narrow Shallow Vertical Slope	Hesperion Aged Narrow Shallow Vertical Slope	Core / Inlay	Published ≤1.5.2	Aged order	Approved
410	PERMANENT_ALIAS	hesperion_stairs_aged	hesperion_aged_stairs	Hesperion Aged Stairs	Hesperion Aged Stairs	Core / Inlay	Published ≤1.5.2	Aged order	Approved
411	PERMANENT_ALIAS	hesperion_stairs_shallow_bottom_aged	hesperion_aged_stairs_shallow_bottom	Hesperion Aged Shallow Stairs (Bottom)	Hesperion Aged Shallow Stairs (Bottom)	Core / Inlay	Published ≤1.5.2	Aged order	Approved
412	PERMANENT_ALIAS	hesperion_stairs_shallow_top_aged	hesperion_aged_stairs_shallow_top	Hesperion Aged Shallow Stairs (Top)	Hesperion Aged Shallow Stairs (Top)	Core / Inlay	Published ≤1.5.2	Aged order	Approved
413	PERMANENT_ALIAS	hesperion_stairs_spiral_large_aged	hesperion_aged_stairs_spiral_large	Hesperion Aged Large Spiral Stairs	Hesperion Aged Large Spiral Stairs	Core / Inlay	Published ≤1.5.2	Aged order	Approved
414	PERMANENT_ALIAS	hesperion_wall_aged	hesperion_aged_wall	Hesperion Aged Wall	Hesperion Aged Wall	Core / Inlay	Published ≤1.5.2	Aged order	Approved
415	PERMANENT_ALIAS	hesperion_window_arch_aged	hesperion_aged_window_arch	Hesperion Aged Arch Window	Hesperion Aged Arch Window	Core / Inlay	Published ≤1.5.2	Aged order	Approved
416	PERMANENT_ALIAS	imperium_block_aged	imperium_aged_block	Imperium Aged Block	Imperium Aged Block	Core / Inlay	Published ≤1.5.2	Aged order	Approved
417	PERMANENT_ALIAS	imperium_chimney_circular_aged	imperium_aged_chimney_circular	Imperium Aged Circular Chimney	Imperium Aged Circular Chimney	Core / Inlay	Published ≤1.5.2	Aged order	Approved
418	PERMANENT_ALIAS	imperium_column_circular_aged	imperium_aged_column_circular	Imperium Aged Circular Column	Imperium Aged Circular Column	Core / Inlay	Published ≤1.5.2	Aged order	Approved
419	PERMANENT_ALIAS	imperium_column_square_aged	imperium_aged_column_square	Imperium Aged Square Column	Imperium Aged Square Column	Core / Inlay	Published ≤1.5.2	Aged order	Approved
420	PERMANENT_ALIAS	imperium_layer_aged	imperium_aged_layer	Imperium Aged Layer	Imperium Aged Layer	Core / Inlay	Published ≤1.5.2	Aged order	Approved
421	PERMANENT_ALIAS	imperium_layer_multiface_aged	imperium_aged_layer_multiface	Imperium Aged Multiface Layer	Imperium Aged Multiface Layer	Core / Inlay	Published ≤1.5.2	Aged order	Approved
422	PERMANENT_ALIAS	imperium_layer_vertical_aged	imperium_aged_layer_vertical	Imperium Aged Vertical Layer	Imperium Aged Vertical Layer	Core / Inlay	Published ≤1.5.2	Aged order	Approved
423	PERMANENT_ALIAS	imperium_post_aged	imperium_aged_post	Imperium Aged Post	Imperium Aged Post	Core / Inlay	Published ≤1.5.2	Aged order	Approved
424	PERMANENT_ALIAS	imperium_slab_aged	imperium_aged_slab	Imperium Aged Slab	Imperium Aged Slab	Core / Inlay	Published ≤1.5.2	Aged order	Approved
425	PERMANENT_ALIAS	imperium_slope_aged	imperium_aged_slope	Imperium Aged Slope	Imperium Aged Slope	Core / Inlay	Published ≤1.5.2	Aged order	Approved
426	PERMANENT_ALIAS	imperium_slope_shallow_lower_aged	imperium_aged_slope_shallow_lower	Imperium Aged Lower Shallow Slope	Imperium Aged Lower Shallow Slope	Core / Inlay	Published ≤1.5.2	Aged order	Approved
427	PERMANENT_ALIAS	imperium_slope_shallow_upper_aged	imperium_aged_slope_shallow_upper	Imperium Aged Upper Shallow Slope	Imperium Aged Upper Shallow Slope	Core / Inlay	Published ≤1.5.2	Aged order	Approved
428	PERMANENT_ALIAS	imperium_slope_steep_lower_aged	imperium_aged_slope_steep_lower	Imperium Aged Lower Steep Slope	Imperium Aged Lower Steep Slope	Core / Inlay	Published ≤1.5.2	Aged order	Approved
429	PERMANENT_ALIAS	imperium_slope_steep_upper_aged	imperium_aged_slope_steep_upper	Imperium Aged Upper Steep Slope	Imperium Aged Upper Steep Slope	Core / Inlay	Published ≤1.5.2	Aged order	Approved
430	PERMANENT_ALIAS	imperium_slope_vertical_aged	imperium_aged_slope_vertical	Imperium Aged Vertical Slope	Imperium Aged Vertical Slope	Core / Inlay	Published ≤1.5.2	Aged order	Approved
431	PERMANENT_ALIAS	imperium_slope_vertical_shallow_broad_aged	imperium_aged_slope_vertical_shallow_broad	Imperium Aged Broad Shallow Vertical Slope	Imperium Aged Broad Shallow Vertical Slope	Core / Inlay	Published ≤1.5.2	Aged order	Approved
432	PERMANENT_ALIAS	imperium_slope_vertical_shallow_narrow_aged	imperium_aged_slope_vertical_shallow_narrow	Imperium Aged Narrow Shallow Vertical Slope	Imperium Aged Narrow Shallow Vertical Slope	Core / Inlay	Published ≤1.5.2	Aged order	Approved
433	PERMANENT_ALIAS	imperium_stairs_aged	imperium_aged_stairs	Imperium Aged Stairs	Imperium Aged Stairs	Core / Inlay	Published ≤1.5.2	Aged order	Approved
434	PERMANENT_ALIAS	imperium_stairs_shallow_bottom_aged	imperium_aged_stairs_shallow_bottom	Imperium Aged Shallow Stairs (Bottom)	Imperium Aged Shallow Stairs (Bottom)	Core / Inlay	Published ≤1.5.2	Aged order	Approved
435	PERMANENT_ALIAS	imperium_stairs_shallow_top_aged	imperium_aged_stairs_shallow_top	Imperium Aged Shallow Stairs (Top)	Imperium Aged Shallow Stairs (Top)	Core / Inlay	Published ≤1.5.2	Aged order	Approved
436	PERMANENT_ALIAS	imperium_stairs_spiral_large_aged	imperium_aged_stairs_spiral_large	Imperium Aged Large Spiral Stairs	Imperium Aged Large Spiral Stairs	Core / Inlay	Published ≤1.5.2	Aged order	Approved
437	PERMANENT_ALIAS	imperium_wall_aged	imperium_aged_wall	Imperium Aged Wall	Imperium Aged Wall	Core / Inlay	Published ≤1.5.2	Aged order	Approved
438	PERMANENT_ALIAS	imperium_window_arch_aged	imperium_aged_window_arch	Imperium Aged Arch Window	Imperium Aged Arch Window	Core / Inlay	Published ≤1.5.2	Aged order	Approved
439	PERMANENT_ALIAS	kelastrion_block_aged	kelastrion_aged_block	Kelastrion Aged Block	Kelastrion Aged Block	Core / Inlay	Published ≤1.5.2	Aged order	Approved
440	PERMANENT_ALIAS	kelastrion_chimney_circular_aged	kelastrion_aged_chimney_circular	Kelastrion Aged Circular Chimney	Kelastrion Aged Circular Chimney	Core / Inlay	Published ≤1.5.2	Aged order	Approved
441	PERMANENT_ALIAS	kelastrion_column_circular_aged	kelastrion_aged_column_circular	Kelastrion Aged Circular Column	Kelastrion Aged Circular Column	Core / Inlay	Published ≤1.5.2	Aged order	Approved
442	PERMANENT_ALIAS	kelastrion_column_square_aged	kelastrion_aged_column_square	Kelastrion Aged Square Column	Kelastrion Aged Square Column	Core / Inlay	Published ≤1.5.2	Aged order	Approved
443	PERMANENT_ALIAS	kelastrion_layer_aged	kelastrion_aged_layer	Kelastrion Aged Layer	Kelastrion Aged Layer	Core / Inlay	Published ≤1.5.2	Aged order	Approved
444	PERMANENT_ALIAS	kelastrion_layer_multiface_aged	kelastrion_aged_layer_multiface	Kelastrion Aged Multiface Layer	Kelastrion Aged Multiface Layer	Core / Inlay	Published ≤1.5.2	Aged order	Approved
445	PERMANENT_ALIAS	kelastrion_layer_vertical_aged	kelastrion_aged_layer_vertical	Kelastrion Aged Vertical Layer	Kelastrion Aged Vertical Layer	Core / Inlay	Published ≤1.5.2	Aged order	Approved
446	PERMANENT_ALIAS	kelastrion_post_aged	kelastrion_aged_post	Kelastrion Aged Post	Kelastrion Aged Post	Core / Inlay	Published ≤1.5.2	Aged order	Approved
447	PERMANENT_ALIAS	kelastrion_slab_aged	kelastrion_aged_slab	Kelastrion Aged Slab	Kelastrion Aged Slab	Core / Inlay	Published ≤1.5.2	Aged order	Approved
448	PERMANENT_ALIAS	kelastrion_slope_aged	kelastrion_aged_slope	Kelastrion Aged Slope	Kelastrion Aged Slope	Core / Inlay	Published ≤1.5.2	Aged order	Approved
449	PERMANENT_ALIAS	kelastrion_slope_shallow_lower_aged	kelastrion_aged_slope_shallow_lower	Kelastrion Aged Lower Shallow Slope	Kelastrion Aged Lower Shallow Slope	Core / Inlay	Published ≤1.5.2	Aged order	Approved
450	PERMANENT_ALIAS	kelastrion_slope_shallow_upper_aged	kelastrion_aged_slope_shallow_upper	Kelastrion Aged Upper Shallow Slope	Kelastrion Aged Upper Shallow Slope	Core / Inlay	Published ≤1.5.2	Aged order	Approved
451	PERMANENT_ALIAS	kelastrion_slope_steep_lower_aged	kelastrion_aged_slope_steep_lower	Kelastrion Aged Lower Steep Slope	Kelastrion Aged Lower Steep Slope	Core / Inlay	Published ≤1.5.2	Aged order	Approved
452	PERMANENT_ALIAS	kelastrion_slope_steep_upper_aged	kelastrion_aged_slope_steep_upper	Kelastrion Aged Upper Steep Slope	Kelastrion Aged Upper Steep Slope	Core / Inlay	Published ≤1.5.2	Aged order	Approved
453	PERMANENT_ALIAS	kelastrion_slope_vertical_aged	kelastrion_aged_slope_vertical	Kelastrion Aged Vertical Slope	Kelastrion Aged Vertical Slope	Core / Inlay	Published ≤1.5.2	Aged order	Approved
454	PERMANENT_ALIAS	kelastrion_slope_vertical_shallow_broad_aged	kelastrion_aged_slope_vertical_shallow_broad	Kelastrion Aged Broad Shallow Vertical Slope	Kelastrion Aged Broad Shallow Vertical Slope	Core / Inlay	Published ≤1.5.2	Aged order	Approved
455	PERMANENT_ALIAS	kelastrion_slope_vertical_shallow_narrow_aged	kelastrion_aged_slope_vertical_shallow_narrow	Kelastrion Aged Narrow Shallow Vertical Slope	Kelastrion Aged Narrow Shallow Vertical Slope	Core / Inlay	Published ≤1.5.2	Aged order	Approved
456	PERMANENT_ALIAS	kelastrion_stairs_aged	kelastrion_aged_stairs	Kelastrion Aged Stairs	Kelastrion Aged Stairs	Core / Inlay	Published ≤1.5.2	Aged order	Approved
457	PERMANENT_ALIAS	kelastrion_stairs_shallow_bottom_aged	kelastrion_aged_stairs_shallow_bottom	Kelastrion Aged Shallow Stairs (Bottom)	Kelastrion Aged Shallow Stairs (Bottom)	Core / Inlay	Published ≤1.5.2	Aged order	Approved
458	PERMANENT_ALIAS	kelastrion_stairs_shallow_top_aged	kelastrion_aged_stairs_shallow_top	Kelastrion Aged Shallow Stairs (Top)	Kelastrion Aged Shallow Stairs (Top)	Core / Inlay	Published ≤1.5.2	Aged order	Approved
459	PERMANENT_ALIAS	kelastrion_stairs_spiral_large_aged	kelastrion_aged_stairs_spiral_large	Kelastrion Aged Large Spiral Stairs	Kelastrion Aged Large Spiral Stairs	Core / Inlay	Published ≤1.5.2	Aged order	Approved
460	PERMANENT_ALIAS	kelastrion_wall_aged	kelastrion_aged_wall	Kelastrion Aged Wall	Kelastrion Aged Wall	Core / Inlay	Published ≤1.5.2	Aged order	Approved
461	PERMANENT_ALIAS	kelastrion_window_arch_aged	kelastrion_aged_window_arch	Kelastrion Aged Arch Window	Kelastrion Aged Arch Window	Core / Inlay	Published ≤1.5.2	Aged order	Approved
462	PERMANENT_ALIAS	kylorion_block_aged	kylorion_aged_block	Kylorion Aged Block	Kylorion Aged Block	Core / Inlay	Published ≤1.5.2	Aged order	Approved
463	PERMANENT_ALIAS	kylorion_chimney_circular_aged	kylorion_aged_chimney_circular	Kylorion Aged Circular Chimney	Kylorion Aged Circular Chimney	Core / Inlay	Published ≤1.5.2	Aged order	Approved
464	PERMANENT_ALIAS	kylorion_column_circular_aged	kylorion_aged_column_circular	Kylorion Aged Circular Column	Kylorion Aged Circular Column	Core / Inlay	Published ≤1.5.2	Aged order	Approved
465	PERMANENT_ALIAS	kylorion_column_square_aged	kylorion_aged_column_square	Kylorion Aged Square Column	Kylorion Aged Square Column	Core / Inlay	Published ≤1.5.2	Aged order	Approved
466	PERMANENT_ALIAS	kylorion_layer_aged	kylorion_aged_layer	Kylorion Aged Layer	Kylorion Aged Layer	Core / Inlay	Published ≤1.5.2	Aged order	Approved
467	PERMANENT_ALIAS	kylorion_layer_multiface_aged	kylorion_aged_layer_multiface	Kylorion Aged Multiface Layer	Kylorion Aged Multiface Layer	Core / Inlay	Published ≤1.5.2	Aged order	Approved
468	PERMANENT_ALIAS	kylorion_layer_vertical_aged	kylorion_aged_layer_vertical	Kylorion Aged Vertical Layer	Kylorion Aged Vertical Layer	Core / Inlay	Published ≤1.5.2	Aged order	Approved
469	PERMANENT_ALIAS	kylorion_post_aged	kylorion_aged_post	Kylorion Aged Post	Kylorion Aged Post	Core / Inlay	Published ≤1.5.2	Aged order	Approved
470	PERMANENT_ALIAS	kylorion_slab_aged	kylorion_aged_slab	Kylorion Aged Slab	Kylorion Aged Slab	Core / Inlay	Published ≤1.5.2	Aged order	Approved
471	PERMANENT_ALIAS	kylorion_slope_aged	kylorion_aged_slope	Kylorion Aged Slope	Kylorion Aged Slope	Core / Inlay	Published ≤1.5.2	Aged order	Approved
472	PERMANENT_ALIAS	kylorion_slope_shallow_lower_aged	kylorion_aged_slope_shallow_lower	Kylorion Aged Lower Shallow Slope	Kylorion Aged Lower Shallow Slope	Core / Inlay	Published ≤1.5.2	Aged order	Approved
473	PERMANENT_ALIAS	kylorion_slope_shallow_upper_aged	kylorion_aged_slope_shallow_upper	Kylorion Aged Upper Shallow Slope	Kylorion Aged Upper Shallow Slope	Core / Inlay	Published ≤1.5.2	Aged order	Approved
474	PERMANENT_ALIAS	kylorion_slope_steep_lower_aged	kylorion_aged_slope_steep_lower	Kylorion Aged Lower Steep Slope	Kylorion Aged Lower Steep Slope	Core / Inlay	Published ≤1.5.2	Aged order	Approved
475	PERMANENT_ALIAS	kylorion_slope_steep_upper_aged	kylorion_aged_slope_steep_upper	Kylorion Aged Upper Steep Slope	Kylorion Aged Upper Steep Slope	Core / Inlay	Published ≤1.5.2	Aged order	Approved
476	PERMANENT_ALIAS	kylorion_slope_vertical_aged	kylorion_aged_slope_vertical	Kylorion Aged Vertical Slope	Kylorion Aged Vertical Slope	Core / Inlay	Published ≤1.5.2	Aged order	Approved
477	PERMANENT_ALIAS	kylorion_slope_vertical_shallow_broad_aged	kylorion_aged_slope_vertical_shallow_broad	Kylorion Aged Broad Shallow Vertical Slope	Kylorion Aged Broad Shallow Vertical Slope	Core / Inlay	Published ≤1.5.2	Aged order	Approved
478	PERMANENT_ALIAS	kylorion_slope_vertical_shallow_narrow_aged	kylorion_aged_slope_vertical_shallow_narrow	Kylorion Aged Narrow Shallow Vertical Slope	Kylorion Aged Narrow Shallow Vertical Slope	Core / Inlay	Published ≤1.5.2	Aged order	Approved
479	PERMANENT_ALIAS	kylorion_stairs_aged	kylorion_aged_stairs	Kylorion Aged Stairs	Kylorion Aged Stairs	Core / Inlay	Published ≤1.5.2	Aged order	Approved
480	PERMANENT_ALIAS	kylorion_stairs_shallow_bottom_aged	kylorion_aged_stairs_shallow_bottom	Kylorion Aged Shallow Stairs (Bottom)	Kylorion Aged Shallow Stairs (Bottom)	Core / Inlay	Published ≤1.5.2	Aged order	Approved
481	PERMANENT_ALIAS	kylorion_stairs_shallow_top_aged	kylorion_aged_stairs_shallow_top	Kylorion Aged Shallow Stairs (Top)	Kylorion Aged Shallow Stairs (Top)	Core / Inlay	Published ≤1.5.2	Aged order	Approved
482	PERMANENT_ALIAS	kylorion_stairs_spiral_large_aged	kylorion_aged_stairs_spiral_large	Kylorion Aged Large Spiral Stairs	Kylorion Aged Large Spiral Stairs	Core / Inlay	Published ≤1.5.2	Aged order	Approved
483	PERMANENT_ALIAS	kylorion_wall_aged	kylorion_aged_wall	Kylorion Aged Wall	Kylorion Aged Wall	Core / Inlay	Published ≤1.5.2	Aged order	Approved
484	PERMANENT_ALIAS	kylorion_window_arch_aged	kylorion_aged_window_arch	Kylorion Aged Arch Window	Kylorion Aged Arch Window	Core / Inlay	Published ≤1.5.2	Aged order	Approved
485	PERMANENT_ALIAS	latmion_block_aged	latmion_aged_block	Latmion Aged Block	Latmion Aged Block	Core / Inlay	Published ≤1.5.2	Aged order	Approved
486	PERMANENT_ALIAS	latmion_chimney_circular_aged	latmion_aged_chimney_circular	Latmion Aged Circular Chimney	Latmion Aged Circular Chimney	Core / Inlay	Published ≤1.5.2	Aged order	Approved
487	PERMANENT_ALIAS	latmion_column_circular_aged	latmion_aged_column_circular	Latmion Aged Circular Column	Latmion Aged Circular Column	Core / Inlay	Published ≤1.5.2	Aged order	Approved
488	PERMANENT_ALIAS	latmion_column_square_aged	latmion_aged_column_square	Latmion Aged Square Column	Latmion Aged Square Column	Core / Inlay	Published ≤1.5.2	Aged order	Approved
489	PERMANENT_ALIAS	latmion_layer_aged	latmion_aged_layer	Latmion Aged Layer	Latmion Aged Layer	Core / Inlay	Published ≤1.5.2	Aged order	Approved
490	PERMANENT_ALIAS	latmion_layer_multiface_aged	latmion_aged_layer_multiface	Latmion Aged Multiface Layer	Latmion Aged Multiface Layer	Core / Inlay	Published ≤1.5.2	Aged order	Approved
491	PERMANENT_ALIAS	latmion_layer_vertical_aged	latmion_aged_layer_vertical	Latmion Aged Vertical Layer	Latmion Aged Vertical Layer	Core / Inlay	Published ≤1.5.2	Aged order	Approved
492	PERMANENT_ALIAS	latmion_post_aged	latmion_aged_post	Latmion Aged Post	Latmion Aged Post	Core / Inlay	Published ≤1.5.2	Aged order	Approved
493	PERMANENT_ALIAS	latmion_slab_aged	latmion_aged_slab	Latmion Aged Slab	Latmion Aged Slab	Core / Inlay	Published ≤1.5.2	Aged order	Approved
494	PERMANENT_ALIAS	latmion_slope_aged	latmion_aged_slope	Latmion Aged Slope	Latmion Aged Slope	Core / Inlay	Published ≤1.5.2	Aged order	Approved
495	PERMANENT_ALIAS	latmion_slope_shallow_lower_aged	latmion_aged_slope_shallow_lower	Latmion Aged Lower Shallow Slope	Latmion Aged Lower Shallow Slope	Core / Inlay	Published ≤1.5.2	Aged order	Approved
496	PERMANENT_ALIAS	latmion_slope_shallow_upper_aged	latmion_aged_slope_shallow_upper	Latmion Aged Upper Shallow Slope	Latmion Aged Upper Shallow Slope	Core / Inlay	Published ≤1.5.2	Aged order	Approved
497	PERMANENT_ALIAS	latmion_slope_steep_lower_aged	latmion_aged_slope_steep_lower	Latmion Aged Lower Steep Slope	Latmion Aged Lower Steep Slope	Core / Inlay	Published ≤1.5.2	Aged order	Approved
498	PERMANENT_ALIAS	latmion_slope_steep_upper_aged	latmion_aged_slope_steep_upper	Latmion Aged Upper Steep Slope	Latmion Aged Upper Steep Slope	Core / Inlay	Published ≤1.5.2	Aged order	Approved
499	PERMANENT_ALIAS	latmion_slope_vertical_aged	latmion_aged_slope_vertical	Latmion Aged Vertical Slope	Latmion Aged Vertical Slope	Core / Inlay	Published ≤1.5.2	Aged order	Approved
500	PERMANENT_ALIAS	latmion_slope_vertical_shallow_broad_aged	latmion_aged_slope_vertical_shallow_broad	Latmion Aged Broad Shallow Vertical Slope	Latmion Aged Broad Shallow Vertical Slope	Core / Inlay	Published ≤1.5.2	Aged order	Approved
501	PERMANENT_ALIAS	latmion_slope_vertical_shallow_narrow_aged	latmion_aged_slope_vertical_shallow_narrow	Latmion Aged Narrow Shallow Vertical Slope	Latmion Aged Narrow Shallow Vertical Slope	Core / Inlay	Published ≤1.5.2	Aged order	Approved
502	PERMANENT_ALIAS	latmion_stairs_aged	latmion_aged_stairs	Latmion Aged Stairs	Latmion Aged Stairs	Core / Inlay	Published ≤1.5.2	Aged order	Approved
503	PERMANENT_ALIAS	latmion_stairs_shallow_bottom_aged	latmion_aged_stairs_shallow_bottom	Latmion Aged Shallow Stairs (Bottom)	Latmion Aged Shallow Stairs (Bottom)	Core / Inlay	Published ≤1.5.2	Aged order	Approved
504	PERMANENT_ALIAS	latmion_stairs_shallow_top_aged	latmion_aged_stairs_shallow_top	Latmion Aged Shallow Stairs (Top)	Latmion Aged Shallow Stairs (Top)	Core / Inlay	Published ≤1.5.2	Aged order	Approved
505	PERMANENT_ALIAS	latmion_stairs_spiral_large_aged	latmion_aged_stairs_spiral_large	Latmion Aged Large Spiral Stairs	Latmion Aged Large Spiral Stairs	Core / Inlay	Published ≤1.5.2	Aged order	Approved
506	PERMANENT_ALIAS	latmion_wall_aged	latmion_aged_wall	Latmion Aged Wall	Latmion Aged Wall	Core / Inlay	Published ≤1.5.2	Aged order	Approved
507	PERMANENT_ALIAS	latmion_window_arch_aged	latmion_aged_window_arch	Latmion Aged Arch Window	Latmion Aged Arch Window	Core / Inlay	Published ≤1.5.2	Aged order	Approved
508	PERMANENT_ALIAS	laurentium_block_aged	laurentium_aged_block	Laurentium Aged Block	Laurentium Aged Block	Core / Inlay	Published ≤1.5.2	Aged order	Approved
509	PERMANENT_ALIAS	laurentium_chimney_circular_aged	laurentium_aged_chimney_circular	Laurentium Aged Circular Chimney	Laurentium Aged Circular Chimney	Core / Inlay	Published ≤1.5.2	Aged order	Approved
510	PERMANENT_ALIAS	laurentium_column_circular_aged	laurentium_aged_column_circular	Laurentium Aged Circular Column	Laurentium Aged Circular Column	Core / Inlay	Published ≤1.5.2	Aged order	Approved
511	PERMANENT_ALIAS	laurentium_column_square_aged	laurentium_aged_column_square	Laurentium Aged Square Column	Laurentium Aged Square Column	Core / Inlay	Published ≤1.5.2	Aged order	Approved
512	PERMANENT_ALIAS	laurentium_layer_aged	laurentium_aged_layer	Laurentium Aged Layer	Laurentium Aged Layer	Core / Inlay	Published ≤1.5.2	Aged order	Approved
513	PERMANENT_ALIAS	laurentium_layer_multiface_aged	laurentium_aged_layer_multiface	Laurentium Aged Multiface Layer	Laurentium Aged Multiface Layer	Core / Inlay	Published ≤1.5.2	Aged order	Approved
514	PERMANENT_ALIAS	laurentium_layer_vertical_aged	laurentium_aged_layer_vertical	Laurentium Aged Vertical Layer	Laurentium Aged Vertical Layer	Core / Inlay	Published ≤1.5.2	Aged order	Approved
515	PERMANENT_ALIAS	laurentium_post_aged	laurentium_aged_post	Laurentium Aged Post	Laurentium Aged Post	Core / Inlay	Published ≤1.5.2	Aged order	Approved
516	PERMANENT_ALIAS	laurentium_slab_aged	laurentium_aged_slab	Laurentium Aged Slab	Laurentium Aged Slab	Core / Inlay	Published ≤1.5.2	Aged order	Approved
517	PERMANENT_ALIAS	laurentium_slope_aged	laurentium_aged_slope	Laurentium Aged Slope	Laurentium Aged Slope	Core / Inlay	Published ≤1.5.2	Aged order	Approved
518	PERMANENT_ALIAS	laurentium_slope_shallow_lower_aged	laurentium_aged_slope_shallow_lower	Laurentium Aged Lower Shallow Slope	Laurentium Aged Lower Shallow Slope	Core / Inlay	Published ≤1.5.2	Aged order	Approved
519	PERMANENT_ALIAS	laurentium_slope_shallow_upper_aged	laurentium_aged_slope_shallow_upper	Laurentium Aged Upper Shallow Slope	Laurentium Aged Upper Shallow Slope	Core / Inlay	Published ≤1.5.2	Aged order	Approved
520	PERMANENT_ALIAS	laurentium_slope_steep_lower_aged	laurentium_aged_slope_steep_lower	Laurentium Aged Lower Steep Slope	Laurentium Aged Lower Steep Slope	Core / Inlay	Published ≤1.5.2	Aged order	Approved
521	PERMANENT_ALIAS	laurentium_slope_steep_upper_aged	laurentium_aged_slope_steep_upper	Laurentium Aged Upper Steep Slope	Laurentium Aged Upper Steep Slope	Core / Inlay	Published ≤1.5.2	Aged order	Approved
522	PERMANENT_ALIAS	laurentium_slope_vertical_aged	laurentium_aged_slope_vertical	Laurentium Aged Vertical Slope	Laurentium Aged Vertical Slope	Core / Inlay	Published ≤1.5.2	Aged order	Approved
523	PERMANENT_ALIAS	laurentium_slope_vertical_shallow_broad_aged	laurentium_aged_slope_vertical_shallow_broad	Laurentium Aged Broad Shallow Vertical Slope	Laurentium Aged Broad Shallow Vertical Slope	Core / Inlay	Published ≤1.5.2	Aged order	Approved
524	PERMANENT_ALIAS	laurentium_slope_vertical_shallow_narrow_aged	laurentium_aged_slope_vertical_shallow_narrow	Laurentium Aged Narrow Shallow Vertical Slope	Laurentium Aged Narrow Shallow Vertical Slope	Core / Inlay	Published ≤1.5.2	Aged order	Approved
525	PERMANENT_ALIAS	laurentium_stairs_aged	laurentium_aged_stairs	Laurentium Aged Stairs	Laurentium Aged Stairs	Core / Inlay	Published ≤1.5.2	Aged order	Approved
526	PERMANENT_ALIAS	laurentium_stairs_shallow_bottom_aged	laurentium_aged_stairs_shallow_bottom	Laurentium Aged Shallow Stairs (Bottom)	Laurentium Aged Shallow Stairs (Bottom)	Core / Inlay	Published ≤1.5.2	Aged order	Approved
527	PERMANENT_ALIAS	laurentium_stairs_shallow_top_aged	laurentium_aged_stairs_shallow_top	Laurentium Aged Shallow Stairs (Top)	Laurentium Aged Shallow Stairs (Top)	Core / Inlay	Published ≤1.5.2	Aged order	Approved
528	PERMANENT_ALIAS	laurentium_stairs_spiral_large_aged	laurentium_aged_stairs_spiral_large	Laurentium Aged Large Spiral Stairs	Laurentium Aged Large Spiral Stairs	Core / Inlay	Published ≤1.5.2	Aged order	Approved
529	PERMANENT_ALIAS	laurentium_wall_aged	laurentium_aged_wall	Laurentium Aged Wall	Laurentium Aged Wall	Core / Inlay	Published ≤1.5.2	Aged order	Approved
530	PERMANENT_ALIAS	laurentium_window_arch_aged	laurentium_aged_window_arch	Laurentium Aged Arch Window	Laurentium Aged Arch Window	Core / Inlay	Published ≤1.5.2	Aged order	Approved
531	PERMANENT_ALIAS	mielonyx_block_aged	mielonyx_aged_block	Mielonyx Aged Block	Mielonyx Aged Block	Core / Inlay	Published ≤1.5.2	Aged order	Approved
532	PERMANENT_ALIAS	mielonyx_chimney_circular_aged	mielonyx_aged_chimney_circular	Mielonyx Aged Circular Chimney	Mielonyx Aged Circular Chimney	Core / Inlay	Published ≤1.5.2	Aged order	Approved
533	PERMANENT_ALIAS	mielonyx_column_circular_aged	mielonyx_aged_column_circular	Mielonyx Aged Circular Column	Mielonyx Aged Circular Column	Core / Inlay	Published ≤1.5.2	Aged order	Approved
534	PERMANENT_ALIAS	mielonyx_column_square_aged	mielonyx_aged_column_square	Mielonyx Aged Square Column	Mielonyx Aged Square Column	Core / Inlay	Published ≤1.5.2	Aged order	Approved
535	PERMANENT_ALIAS	mielonyx_layer_aged	mielonyx_aged_layer	Mielonyx Aged Layer	Mielonyx Aged Layer	Core / Inlay	Published ≤1.5.2	Aged order	Approved
536	PERMANENT_ALIAS	mielonyx_layer_multiface_aged	mielonyx_aged_layer_multiface	Mielonyx Aged Multiface Layer	Mielonyx Aged Multiface Layer	Core / Inlay	Published ≤1.5.2	Aged order	Approved
537	PERMANENT_ALIAS	mielonyx_layer_vertical_aged	mielonyx_aged_layer_vertical	Mielonyx Aged Vertical Layer	Mielonyx Aged Vertical Layer	Core / Inlay	Published ≤1.5.2	Aged order	Approved
538	PERMANENT_ALIAS	mielonyx_post_aged	mielonyx_aged_post	Mielonyx Aged Post	Mielonyx Aged Post	Core / Inlay	Published ≤1.5.2	Aged order	Approved
539	PERMANENT_ALIAS	mielonyx_slab_aged	mielonyx_aged_slab	Mielonyx Aged Slab	Mielonyx Aged Slab	Core / Inlay	Published ≤1.5.2	Aged order	Approved
540	PERMANENT_ALIAS	mielonyx_slope_aged	mielonyx_aged_slope	Mielonyx Aged Slope	Mielonyx Aged Slope	Core / Inlay	Published ≤1.5.2	Aged order	Approved
541	PERMANENT_ALIAS	mielonyx_slope_shallow_lower_aged	mielonyx_aged_slope_shallow_lower	Mielonyx Aged Lower Shallow Slope	Mielonyx Aged Lower Shallow Slope	Core / Inlay	Published ≤1.5.2	Aged order	Approved
542	PERMANENT_ALIAS	mielonyx_slope_shallow_upper_aged	mielonyx_aged_slope_shallow_upper	Mielonyx Aged Upper Shallow Slope	Mielonyx Aged Upper Shallow Slope	Core / Inlay	Published ≤1.5.2	Aged order	Approved
543	PERMANENT_ALIAS	mielonyx_slope_steep_lower_aged	mielonyx_aged_slope_steep_lower	Mielonyx Aged Lower Steep Slope	Mielonyx Aged Lower Steep Slope	Core / Inlay	Published ≤1.5.2	Aged order	Approved
544	PERMANENT_ALIAS	mielonyx_slope_steep_upper_aged	mielonyx_aged_slope_steep_upper	Mielonyx Aged Upper Steep Slope	Mielonyx Aged Upper Steep Slope	Core / Inlay	Published ≤1.5.2	Aged order	Approved
545	PERMANENT_ALIAS	mielonyx_slope_vertical_aged	mielonyx_aged_slope_vertical	Mielonyx Aged Vertical Slope	Mielonyx Aged Vertical Slope	Core / Inlay	Published ≤1.5.2	Aged order	Approved
546	PERMANENT_ALIAS	mielonyx_slope_vertical_shallow_broad_aged	mielonyx_aged_slope_vertical_shallow_broad	Mielonyx Aged Broad Shallow Vertical Slope	Mielonyx Aged Broad Shallow Vertical Slope	Core / Inlay	Published ≤1.5.2	Aged order	Approved
547	PERMANENT_ALIAS	mielonyx_slope_vertical_shallow_narrow_aged	mielonyx_aged_slope_vertical_shallow_narrow	Mielonyx Aged Narrow Shallow Vertical Slope	Mielonyx Aged Narrow Shallow Vertical Slope	Core / Inlay	Published ≤1.5.2	Aged order	Approved
548	PERMANENT_ALIAS	mielonyx_stairs_aged	mielonyx_aged_stairs	Mielonyx Aged Stairs	Mielonyx Aged Stairs	Core / Inlay	Published ≤1.5.2	Aged order	Approved
549	PERMANENT_ALIAS	mielonyx_stairs_shallow_bottom_aged	mielonyx_aged_stairs_shallow_bottom	Mielonyx Aged Shallow Stairs (Bottom)	Mielonyx Aged Shallow Stairs (Bottom)	Core / Inlay	Published ≤1.5.2	Aged order	Approved
550	PERMANENT_ALIAS	mielonyx_stairs_shallow_top_aged	mielonyx_aged_stairs_shallow_top	Mielonyx Aged Shallow Stairs (Top)	Mielonyx Aged Shallow Stairs (Top)	Core / Inlay	Published ≤1.5.2	Aged order	Approved
551	PERMANENT_ALIAS	mielonyx_stairs_spiral_large_aged	mielonyx_aged_stairs_spiral_large	Mielonyx Aged Large Spiral Stairs	Mielonyx Aged Large Spiral Stairs	Core / Inlay	Published ≤1.5.2	Aged order	Approved
552	PERMANENT_ALIAS	mielonyx_wall_aged	mielonyx_aged_wall	Mielonyx Aged Wall	Mielonyx Aged Wall	Core / Inlay	Published ≤1.5.2	Aged order	Approved
553	PERMANENT_ALIAS	mielonyx_window_arch_aged	mielonyx_aged_window_arch	Mielonyx Aged Arch Window	Mielonyx Aged Arch Window	Core / Inlay	Published ≤1.5.2	Aged order	Approved
554	PERMANENT_ALIAS	nerium_block_aged	nerium_aged_block	Nerium Aged Block	Nerium Aged Block	Core / Inlay	Published ≤1.5.2	Aged order	Approved
555	PERMANENT_ALIAS	nerium_chimney_circular_aged	nerium_aged_chimney_circular	Nerium Aged Circular Chimney	Nerium Aged Circular Chimney	Core / Inlay	Published ≤1.5.2	Aged order	Approved
556	PERMANENT_ALIAS	nerium_column_circular_aged	nerium_aged_column_circular	Nerium Aged Circular Column	Nerium Aged Circular Column	Core / Inlay	Published ≤1.5.2	Aged order	Approved
557	PERMANENT_ALIAS	nerium_column_square_aged	nerium_aged_column_square	Nerium Aged Square Column	Nerium Aged Square Column	Core / Inlay	Published ≤1.5.2	Aged order	Approved
558	PERMANENT_ALIAS	nerium_layer_aged	nerium_aged_layer	Nerium Aged Layer	Nerium Aged Layer	Core / Inlay	Published ≤1.5.2	Aged order	Approved
559	PERMANENT_ALIAS	nerium_layer_multiface_aged	nerium_aged_layer_multiface	Nerium Aged Multiface Layer	Nerium Aged Multiface Layer	Core / Inlay	Published ≤1.5.2	Aged order	Approved
560	PERMANENT_ALIAS	nerium_layer_vertical_aged	nerium_aged_layer_vertical	Nerium Aged Vertical Layer	Nerium Aged Vertical Layer	Core / Inlay	Published ≤1.5.2	Aged order	Approved
561	PERMANENT_ALIAS	nerium_post_aged	nerium_aged_post	Nerium Aged Post	Nerium Aged Post	Core / Inlay	Published ≤1.5.2	Aged order	Approved
562	PERMANENT_ALIAS	nerium_slab_aged	nerium_aged_slab	Nerium Aged Slab	Nerium Aged Slab	Core / Inlay	Published ≤1.5.2	Aged order	Approved
563	PERMANENT_ALIAS	nerium_slope_aged	nerium_aged_slope	Nerium Aged Slope	Nerium Aged Slope	Core / Inlay	Published ≤1.5.2	Aged order	Approved
564	PERMANENT_ALIAS	nerium_slope_shallow_lower_aged	nerium_aged_slope_shallow_lower	Nerium Aged Lower Shallow Slope	Nerium Aged Lower Shallow Slope	Core / Inlay	Published ≤1.5.2	Aged order	Approved
565	PERMANENT_ALIAS	nerium_slope_shallow_upper_aged	nerium_aged_slope_shallow_upper	Nerium Aged Upper Shallow Slope	Nerium Aged Upper Shallow Slope	Core / Inlay	Published ≤1.5.2	Aged order	Approved
566	PERMANENT_ALIAS	nerium_slope_steep_lower_aged	nerium_aged_slope_steep_lower	Nerium Aged Lower Steep Slope	Nerium Aged Lower Steep Slope	Core / Inlay	Published ≤1.5.2	Aged order	Approved
567	PERMANENT_ALIAS	nerium_slope_steep_upper_aged	nerium_aged_slope_steep_upper	Nerium Aged Upper Steep Slope	Nerium Aged Upper Steep Slope	Core / Inlay	Published ≤1.5.2	Aged order	Approved
568	PERMANENT_ALIAS	nerium_slope_vertical_aged	nerium_aged_slope_vertical	Nerium Aged Vertical Slope	Nerium Aged Vertical Slope	Core / Inlay	Published ≤1.5.2	Aged order	Approved
569	PERMANENT_ALIAS	nerium_slope_vertical_shallow_broad_aged	nerium_aged_slope_vertical_shallow_broad	Nerium Aged Broad Shallow Vertical Slope	Nerium Aged Broad Shallow Vertical Slope	Core / Inlay	Published ≤1.5.2	Aged order	Approved
570	PERMANENT_ALIAS	nerium_slope_vertical_shallow_narrow_aged	nerium_aged_slope_vertical_shallow_narrow	Nerium Aged Narrow Shallow Vertical Slope	Nerium Aged Narrow Shallow Vertical Slope	Core / Inlay	Published ≤1.5.2	Aged order	Approved
571	PERMANENT_ALIAS	nerium_stairs_aged	nerium_aged_stairs	Nerium Aged Stairs	Nerium Aged Stairs	Core / Inlay	Published ≤1.5.2	Aged order	Approved
572	PERMANENT_ALIAS	nerium_stairs_shallow_bottom_aged	nerium_aged_stairs_shallow_bottom	Nerium Aged Shallow Stairs (Bottom)	Nerium Aged Shallow Stairs (Bottom)	Core / Inlay	Published ≤1.5.2	Aged order	Approved
573	PERMANENT_ALIAS	nerium_stairs_shallow_top_aged	nerium_aged_stairs_shallow_top	Nerium Aged Shallow Stairs (Top)	Nerium Aged Shallow Stairs (Top)	Core / Inlay	Published ≤1.5.2	Aged order	Approved
574	PERMANENT_ALIAS	nerium_stairs_spiral_large_aged	nerium_aged_stairs_spiral_large	Nerium Aged Large Spiral Stairs	Nerium Aged Large Spiral Stairs	Core / Inlay	Published ≤1.5.2	Aged order	Approved
575	PERMANENT_ALIAS	nerium_wall_aged	nerium_aged_wall	Nerium Aged Wall	Nerium Aged Wall	Core / Inlay	Published ≤1.5.2	Aged order	Approved
576	PERMANENT_ALIAS	nerium_window_arch_aged	nerium_aged_window_arch	Nerium Aged Arch Window	Nerium Aged Arch Window	Core / Inlay	Published ≤1.5.2	Aged order	Approved
577	PERMANENT_ALIAS	noxoplis_block_aged	noxoplis_aged_block	Noxoplis Aged Block	Noxoplis Aged Block	Core / Inlay	Published ≤1.5.2	Aged order	Approved
578	PERMANENT_ALIAS	noxoplis_chimney_circular_aged	noxoplis_aged_chimney_circular	Noxoplis Aged Circular Chimney	Noxoplis Aged Circular Chimney	Core / Inlay	Published ≤1.5.2	Aged order	Approved
579	PERMANENT_ALIAS	noxoplis_column_circular_aged	noxoplis_aged_column_circular	Noxoplis Aged Circular Column	Noxoplis Aged Circular Column	Core / Inlay	Published ≤1.5.2	Aged order	Approved
580	PERMANENT_ALIAS	noxoplis_column_square_aged	noxoplis_aged_column_square	Noxoplis Aged Square Column	Noxoplis Aged Square Column	Core / Inlay	Published ≤1.5.2	Aged order	Approved
581	PERMANENT_ALIAS	noxoplis_layer_aged	noxoplis_aged_layer	Noxoplis Aged Layer	Noxoplis Aged Layer	Core / Inlay	Published ≤1.5.2	Aged order	Approved
582	PERMANENT_ALIAS	noxoplis_layer_multiface_aged	noxoplis_aged_layer_multiface	Noxoplis Aged Multiface Layer	Noxoplis Aged Multiface Layer	Core / Inlay	Published ≤1.5.2	Aged order	Approved
583	PERMANENT_ALIAS	noxoplis_layer_vertical_aged	noxoplis_aged_layer_vertical	Noxoplis Aged Vertical Layer	Noxoplis Aged Vertical Layer	Core / Inlay	Published ≤1.5.2	Aged order	Approved
584	PERMANENT_ALIAS	noxoplis_post_aged	noxoplis_aged_post	Noxoplis Aged Post	Noxoplis Aged Post	Core / Inlay	Published ≤1.5.2	Aged order	Approved
585	PERMANENT_ALIAS	noxoplis_slab_aged	noxoplis_aged_slab	Noxoplis Aged Slab	Noxoplis Aged Slab	Core / Inlay	Published ≤1.5.2	Aged order	Approved
586	PERMANENT_ALIAS	noxoplis_slope_aged	noxoplis_aged_slope	Noxoplis Aged Slope	Noxoplis Aged Slope	Core / Inlay	Published ≤1.5.2	Aged order	Approved
587	PERMANENT_ALIAS	noxoplis_slope_shallow_lower_aged	noxoplis_aged_slope_shallow_lower	Noxoplis Aged Lower Shallow Slope	Noxoplis Aged Lower Shallow Slope	Core / Inlay	Published ≤1.5.2	Aged order	Approved
588	PERMANENT_ALIAS	noxoplis_slope_shallow_upper_aged	noxoplis_aged_slope_shallow_upper	Noxoplis Aged Upper Shallow Slope	Noxoplis Aged Upper Shallow Slope	Core / Inlay	Published ≤1.5.2	Aged order	Approved
589	PERMANENT_ALIAS	noxoplis_slope_steep_lower_aged	noxoplis_aged_slope_steep_lower	Noxoplis Aged Lower Steep Slope	Noxoplis Aged Lower Steep Slope	Core / Inlay	Published ≤1.5.2	Aged order	Approved
590	PERMANENT_ALIAS	noxoplis_slope_steep_upper_aged	noxoplis_aged_slope_steep_upper	Noxoplis Aged Upper Steep Slope	Noxoplis Aged Upper Steep Slope	Core / Inlay	Published ≤1.5.2	Aged order	Approved
591	PERMANENT_ALIAS	noxoplis_slope_vertical_aged	noxoplis_aged_slope_vertical	Noxoplis Aged Vertical Slope	Noxoplis Aged Vertical Slope	Core / Inlay	Published ≤1.5.2	Aged order	Approved
592	PERMANENT_ALIAS	noxoplis_slope_vertical_shallow_broad_aged	noxoplis_aged_slope_vertical_shallow_broad	Noxoplis Aged Broad Shallow Vertical Slope	Noxoplis Aged Broad Shallow Vertical Slope	Core / Inlay	Published ≤1.5.2	Aged order	Approved
593	PERMANENT_ALIAS	noxoplis_slope_vertical_shallow_narrow_aged	noxoplis_aged_slope_vertical_shallow_narrow	Noxoplis Aged Narrow Shallow Vertical Slope	Noxoplis Aged Narrow Shallow Vertical Slope	Core / Inlay	Published ≤1.5.2	Aged order	Approved
594	PERMANENT_ALIAS	noxoplis_stairs_aged	noxoplis_aged_stairs	Noxoplis Aged Stairs	Noxoplis Aged Stairs	Core / Inlay	Published ≤1.5.2	Aged order	Approved
595	PERMANENT_ALIAS	noxoplis_stairs_shallow_bottom_aged	noxoplis_aged_stairs_shallow_bottom	Noxoplis Aged Shallow Stairs (Bottom)	Noxoplis Aged Shallow Stairs (Bottom)	Core / Inlay	Published ≤1.5.2	Aged order	Approved
596	PERMANENT_ALIAS	noxoplis_stairs_shallow_top_aged	noxoplis_aged_stairs_shallow_top	Noxoplis Aged Shallow Stairs (Top)	Noxoplis Aged Shallow Stairs (Top)	Core / Inlay	Published ≤1.5.2	Aged order	Approved
597	PERMANENT_ALIAS	noxoplis_stairs_spiral_large_aged	noxoplis_aged_stairs_spiral_large	Noxoplis Aged Large Spiral Stairs	Noxoplis Aged Large Spiral Stairs	Core / Inlay	Published ≤1.5.2	Aged order	Approved
598	PERMANENT_ALIAS	noxoplis_wall_aged	noxoplis_aged_wall	Noxoplis Aged Wall	Noxoplis Aged Wall	Core / Inlay	Published ≤1.5.2	Aged order	Approved
599	PERMANENT_ALIAS	noxoplis_window_arch_aged	noxoplis_aged_window_arch	Noxoplis Aged Arch Window	Noxoplis Aged Arch Window	Core / Inlay	Published ≤1.5.2	Aged order	Approved
600	PERMANENT_ALIAS	porphyros_block_aged	porphyros_aged_block	Porphyros Aged Block	Porphyros Aged Block	Core / Inlay	Published ≤1.5.2	Aged order	Approved
601	PERMANENT_ALIAS	porphyros_chimney_circular_aged	porphyros_aged_chimney_circular	Porphyros Aged Circular Chimney	Porphyros Aged Circular Chimney	Core / Inlay	Published ≤1.5.2	Aged order	Approved
602	PERMANENT_ALIAS	porphyros_column_circular_aged	porphyros_aged_column_circular	Porphyros Aged Circular Column	Porphyros Aged Circular Column	Core / Inlay	Published ≤1.5.2	Aged order	Approved
603	PERMANENT_ALIAS	porphyros_column_square_aged	porphyros_aged_column_square	Porphyros Aged Square Column	Porphyros Aged Square Column	Core / Inlay	Published ≤1.5.2	Aged order	Approved
604	PERMANENT_ALIAS	porphyros_layer_aged	porphyros_aged_layer	Porphyros Aged Layer	Porphyros Aged Layer	Core / Inlay	Published ≤1.5.2	Aged order	Approved
605	PERMANENT_ALIAS	porphyros_layer_multiface_aged	porphyros_aged_layer_multiface	Porphyros Aged Multiface Layer	Porphyros Aged Multiface Layer	Core / Inlay	Published ≤1.5.2	Aged order	Approved
606	PERMANENT_ALIAS	porphyros_layer_vertical_aged	porphyros_aged_layer_vertical	Porphyros Aged Vertical Layer	Porphyros Aged Vertical Layer	Core / Inlay	Published ≤1.5.2	Aged order	Approved
607	PERMANENT_ALIAS	porphyros_post_aged	porphyros_aged_post	Porphyros Aged Post	Porphyros Aged Post	Core / Inlay	Published ≤1.5.2	Aged order	Approved
608	PERMANENT_ALIAS	porphyros_slab_aged	porphyros_aged_slab	Porphyros Aged Slab	Porphyros Aged Slab	Core / Inlay	Published ≤1.5.2	Aged order	Approved
609	PERMANENT_ALIAS	porphyros_slope_aged	porphyros_aged_slope	Porphyros Aged Slope	Porphyros Aged Slope	Core / Inlay	Published ≤1.5.2	Aged order	Approved
610	PERMANENT_ALIAS	porphyros_slope_shallow_lower_aged	porphyros_aged_slope_shallow_lower	Porphyros Aged Lower Shallow Slope	Porphyros Aged Lower Shallow Slope	Core / Inlay	Published ≤1.5.2	Aged order	Approved
611	PERMANENT_ALIAS	porphyros_slope_shallow_upper_aged	porphyros_aged_slope_shallow_upper	Porphyros Aged Upper Shallow Slope	Porphyros Aged Upper Shallow Slope	Core / Inlay	Published ≤1.5.2	Aged order	Approved
612	PERMANENT_ALIAS	porphyros_slope_steep_lower_aged	porphyros_aged_slope_steep_lower	Porphyros Aged Lower Steep Slope	Porphyros Aged Lower Steep Slope	Core / Inlay	Published ≤1.5.2	Aged order	Approved
613	PERMANENT_ALIAS	porphyros_slope_steep_upper_aged	porphyros_aged_slope_steep_upper	Porphyros Aged Upper Steep Slope	Porphyros Aged Upper Steep Slope	Core / Inlay	Published ≤1.5.2	Aged order	Approved
614	PERMANENT_ALIAS	porphyros_slope_vertical_aged	porphyros_aged_slope_vertical	Porphyros Aged Vertical Slope	Porphyros Aged Vertical Slope	Core / Inlay	Published ≤1.5.2	Aged order	Approved
615	PERMANENT_ALIAS	porphyros_slope_vertical_shallow_broad_aged	porphyros_aged_slope_vertical_shallow_broad	Porphyros Aged Broad Shallow Vertical Slope	Porphyros Aged Broad Shallow Vertical Slope	Core / Inlay	Published ≤1.5.2	Aged order	Approved
616	PERMANENT_ALIAS	porphyros_slope_vertical_shallow_narrow_aged	porphyros_aged_slope_vertical_shallow_narrow	Porphyros Aged Narrow Shallow Vertical Slope	Porphyros Aged Narrow Shallow Vertical Slope	Core / Inlay	Published ≤1.5.2	Aged order	Approved
617	PERMANENT_ALIAS	porphyros_stairs_aged	porphyros_aged_stairs	Porphyros Aged Stairs	Porphyros Aged Stairs	Core / Inlay	Published ≤1.5.2	Aged order	Approved
618	PERMANENT_ALIAS	porphyros_stairs_shallow_bottom_aged	porphyros_aged_stairs_shallow_bottom	Porphyros Aged Shallow Stairs (Bottom)	Porphyros Aged Shallow Stairs (Bottom)	Core / Inlay	Published ≤1.5.2	Aged order	Approved
619	PERMANENT_ALIAS	porphyros_stairs_shallow_top_aged	porphyros_aged_stairs_shallow_top	Porphyros Aged Shallow Stairs (Top)	Porphyros Aged Shallow Stairs (Top)	Core / Inlay	Published ≤1.5.2	Aged order	Approved
620	PERMANENT_ALIAS	porphyros_stairs_spiral_large_aged	porphyros_aged_stairs_spiral_large	Porphyros Aged Large Spiral Stairs	Porphyros Aged Large Spiral Stairs	Core / Inlay	Published ≤1.5.2	Aged order	Approved
621	PERMANENT_ALIAS	porphyros_wall_aged	porphyros_aged_wall	Porphyros Aged Wall	Porphyros Aged Wall	Core / Inlay	Published ≤1.5.2	Aged order	Approved
622	PERMANENT_ALIAS	porphyros_window_arch_aged	porphyros_aged_window_arch	Porphyros Aged Arch Window	Porphyros Aged Arch Window	Core / Inlay	Published ≤1.5.2	Aged order	Approved
623	PERMANENT_ALIAS	portorium_block_aged	portorium_aged_block	Portorium Aged Block	Portorium Aged Block	Core / Inlay	Published ≤1.5.2	Aged order	Approved
624	PERMANENT_ALIAS	portorium_chimney_circular_aged	portorium_aged_chimney_circular	Portorium Aged Circular Chimney	Portorium Aged Circular Chimney	Core / Inlay	Published ≤1.5.2	Aged order	Approved
625	PERMANENT_ALIAS	portorium_column_circular_aged	portorium_aged_column_circular	Portorium Aged Circular Column	Portorium Aged Circular Column	Core / Inlay	Published ≤1.5.2	Aged order	Approved
626	PERMANENT_ALIAS	portorium_column_square_aged	portorium_aged_column_square	Portorium Aged Square Column	Portorium Aged Square Column	Core / Inlay	Published ≤1.5.2	Aged order	Approved
627	PERMANENT_ALIAS	portorium_layer_aged	portorium_aged_layer	Portorium Aged Layer	Portorium Aged Layer	Core / Inlay	Published ≤1.5.2	Aged order	Approved
628	PERMANENT_ALIAS	portorium_layer_multiface_aged	portorium_aged_layer_multiface	Portorium Aged Multiface Layer	Portorium Aged Multiface Layer	Core / Inlay	Published ≤1.5.2	Aged order	Approved
629	PERMANENT_ALIAS	portorium_layer_vertical_aged	portorium_aged_layer_vertical	Portorium Aged Vertical Layer	Portorium Aged Vertical Layer	Core / Inlay	Published ≤1.5.2	Aged order	Approved
630	PERMANENT_ALIAS	portorium_post_aged	portorium_aged_post	Portorium Aged Post	Portorium Aged Post	Core / Inlay	Published ≤1.5.2	Aged order	Approved
631	PERMANENT_ALIAS	portorium_slab_aged	portorium_aged_slab	Portorium Aged Slab	Portorium Aged Slab	Core / Inlay	Published ≤1.5.2	Aged order	Approved
632	PERMANENT_ALIAS	portorium_slope_aged	portorium_aged_slope	Portorium Aged Slope	Portorium Aged Slope	Core / Inlay	Published ≤1.5.2	Aged order	Approved
633	PERMANENT_ALIAS	portorium_slope_shallow_lower_aged	portorium_aged_slope_shallow_lower	Portorium Aged Lower Shallow Slope	Portorium Aged Lower Shallow Slope	Core / Inlay	Published ≤1.5.2	Aged order	Approved
634	PERMANENT_ALIAS	portorium_slope_shallow_upper_aged	portorium_aged_slope_shallow_upper	Portorium Aged Upper Shallow Slope	Portorium Aged Upper Shallow Slope	Core / Inlay	Published ≤1.5.2	Aged order	Approved
635	PERMANENT_ALIAS	portorium_slope_steep_lower_aged	portorium_aged_slope_steep_lower	Portorium Aged Lower Steep Slope	Portorium Aged Lower Steep Slope	Core / Inlay	Published ≤1.5.2	Aged order	Approved
636	PERMANENT_ALIAS	portorium_slope_steep_upper_aged	portorium_aged_slope_steep_upper	Portorium Aged Upper Steep Slope	Portorium Aged Upper Steep Slope	Core / Inlay	Published ≤1.5.2	Aged order	Approved
637	PERMANENT_ALIAS	portorium_slope_vertical_aged	portorium_aged_slope_vertical	Portorium Aged Vertical Slope	Portorium Aged Vertical Slope	Core / Inlay	Published ≤1.5.2	Aged order	Approved
638	PERMANENT_ALIAS	portorium_slope_vertical_shallow_broad_aged	portorium_aged_slope_vertical_shallow_broad	Portorium Aged Broad Shallow Vertical Slope	Portorium Aged Broad Shallow Vertical Slope	Core / Inlay	Published ≤1.5.2	Aged order	Approved
639	PERMANENT_ALIAS	portorium_slope_vertical_shallow_narrow_aged	portorium_aged_slope_vertical_shallow_narrow	Portorium Aged Narrow Shallow Vertical Slope	Portorium Aged Narrow Shallow Vertical Slope	Core / Inlay	Published ≤1.5.2	Aged order	Approved
640	PERMANENT_ALIAS	portorium_stairs_aged	portorium_aged_stairs	Portorium Aged Stairs	Portorium Aged Stairs	Core / Inlay	Published ≤1.5.2	Aged order	Approved
641	PERMANENT_ALIAS	portorium_stairs_shallow_bottom_aged	portorium_aged_stairs_shallow_bottom	Portorium Aged Shallow Stairs (Bottom)	Portorium Aged Shallow Stairs (Bottom)	Core / Inlay	Published ≤1.5.2	Aged order	Approved
642	PERMANENT_ALIAS	portorium_stairs_shallow_top_aged	portorium_aged_stairs_shallow_top	Portorium Aged Shallow Stairs (Top)	Portorium Aged Shallow Stairs (Top)	Core / Inlay	Published ≤1.5.2	Aged order	Approved
643	PERMANENT_ALIAS	portorium_stairs_spiral_large_aged	portorium_aged_stairs_spiral_large	Portorium Aged Large Spiral Stairs	Portorium Aged Large Spiral Stairs	Core / Inlay	Published ≤1.5.2	Aged order	Approved
644	PERMANENT_ALIAS	portorium_wall_aged	portorium_aged_wall	Portorium Aged Wall	Portorium Aged Wall	Core / Inlay	Published ≤1.5.2	Aged order	Approved
645	PERMANENT_ALIAS	portorium_window_arch_aged	portorium_aged_window_arch	Portorium Aged Arch Window	Portorium Aged Arch Window	Core / Inlay	Published ≤1.5.2	Aged order	Approved
646	PERMANENT_ALIAS	psamatheon_block_aged	psamatheon_aged_block	Psamatheon Aged Block	Psamatheon Aged Block	Core / Inlay	Published ≤1.5.2	Aged order	Approved
647	PERMANENT_ALIAS	psamatheon_chimney_circular_aged	psamatheon_aged_chimney_circular	Psamatheon Aged Circular Chimney	Psamatheon Aged Circular Chimney	Core / Inlay	Published ≤1.5.2	Aged order	Approved
648	PERMANENT_ALIAS	psamatheon_column_circular_aged	psamatheon_aged_column_circular	Psamatheon Aged Circular Column	Psamatheon Aged Circular Column	Core / Inlay	Published ≤1.5.2	Aged order	Approved
649	PERMANENT_ALIAS	psamatheon_column_square_aged	psamatheon_aged_column_square	Psamatheon Aged Square Column	Psamatheon Aged Square Column	Core / Inlay	Published ≤1.5.2	Aged order	Approved
650	PERMANENT_ALIAS	psamatheon_layer_aged	psamatheon_aged_layer	Psamatheon Aged Layer	Psamatheon Aged Layer	Core / Inlay	Published ≤1.5.2	Aged order	Approved
651	PERMANENT_ALIAS	psamatheon_layer_multiface_aged	psamatheon_aged_layer_multiface	Psamatheon Aged Multiface Layer	Psamatheon Aged Multiface Layer	Core / Inlay	Published ≤1.5.2	Aged order	Approved
652	PERMANENT_ALIAS	psamatheon_layer_vertical_aged	psamatheon_aged_layer_vertical	Psamatheon Aged Vertical Layer	Psamatheon Aged Vertical Layer	Core / Inlay	Published ≤1.5.2	Aged order	Approved
653	PERMANENT_ALIAS	psamatheon_post_aged	psamatheon_aged_post	Psamatheon Aged Post	Psamatheon Aged Post	Core / Inlay	Published ≤1.5.2	Aged order	Approved
654	PERMANENT_ALIAS	psamatheon_slab_aged	psamatheon_aged_slab	Psamatheon Aged Slab	Psamatheon Aged Slab	Core / Inlay	Published ≤1.5.2	Aged order	Approved
655	PERMANENT_ALIAS	psamatheon_slope_aged	psamatheon_aged_slope	Psamatheon Aged Slope	Psamatheon Aged Slope	Core / Inlay	Published ≤1.5.2	Aged order	Approved
656	PERMANENT_ALIAS	psamatheon_slope_shallow_lower_aged	psamatheon_aged_slope_shallow_lower	Psamatheon Aged Lower Shallow Slope	Psamatheon Aged Lower Shallow Slope	Core / Inlay	Published ≤1.5.2	Aged order	Approved
657	PERMANENT_ALIAS	psamatheon_slope_shallow_upper_aged	psamatheon_aged_slope_shallow_upper	Psamatheon Aged Upper Shallow Slope	Psamatheon Aged Upper Shallow Slope	Core / Inlay	Published ≤1.5.2	Aged order	Approved
658	PERMANENT_ALIAS	psamatheon_slope_steep_lower_aged	psamatheon_aged_slope_steep_lower	Psamatheon Aged Lower Steep Slope	Psamatheon Aged Lower Steep Slope	Core / Inlay	Published ≤1.5.2	Aged order	Approved
659	PERMANENT_ALIAS	psamatheon_slope_steep_upper_aged	psamatheon_aged_slope_steep_upper	Psamatheon Aged Upper Steep Slope	Psamatheon Aged Upper Steep Slope	Core / Inlay	Published ≤1.5.2	Aged order	Approved
660	PERMANENT_ALIAS	psamatheon_slope_vertical_aged	psamatheon_aged_slope_vertical	Psamatheon Aged Vertical Slope	Psamatheon Aged Vertical Slope	Core / Inlay	Published ≤1.5.2	Aged order	Approved
661	PERMANENT_ALIAS	psamatheon_slope_vertical_shallow_broad_aged	psamatheon_aged_slope_vertical_shallow_broad	Psamatheon Aged Broad Shallow Vertical Slope	Psamatheon Aged Broad Shallow Vertical Slope	Core / Inlay	Published ≤1.5.2	Aged order	Approved
662	PERMANENT_ALIAS	psamatheon_slope_vertical_shallow_narrow_aged	psamatheon_aged_slope_vertical_shallow_narrow	Psamatheon Aged Narrow Shallow Vertical Slope	Psamatheon Aged Narrow Shallow Vertical Slope	Core / Inlay	Published ≤1.5.2	Aged order	Approved
663	PERMANENT_ALIAS	psamatheon_stairs_aged	psamatheon_aged_stairs	Psamatheon Aged Stairs	Psamatheon Aged Stairs	Core / Inlay	Published ≤1.5.2	Aged order	Approved
664	PERMANENT_ALIAS	psamatheon_stairs_shallow_bottom_aged	psamatheon_aged_stairs_shallow_bottom	Psamatheon Aged Shallow Stairs (Bottom)	Psamatheon Aged Shallow Stairs (Bottom)	Core / Inlay	Published ≤1.5.2	Aged order	Approved
665	PERMANENT_ALIAS	psamatheon_stairs_shallow_top_aged	psamatheon_aged_stairs_shallow_top	Psamatheon Aged Shallow Stairs (Top)	Psamatheon Aged Shallow Stairs (Top)	Core / Inlay	Published ≤1.5.2	Aged order	Approved
666	PERMANENT_ALIAS	psamatheon_stairs_spiral_large_aged	psamatheon_aged_stairs_spiral_large	Psamatheon Aged Large Spiral Stairs	Psamatheon Aged Large Spiral Stairs	Core / Inlay	Published ≤1.5.2	Aged order	Approved
667	PERMANENT_ALIAS	psamatheon_wall_aged	psamatheon_aged_wall	Psamatheon Aged Wall	Psamatheon Aged Wall	Core / Inlay	Published ≤1.5.2	Aged order	Approved
668	PERMANENT_ALIAS	psamatheon_window_arch_aged	psamatheon_aged_window_arch	Psamatheon Aged Arch Window	Psamatheon Aged Arch Window	Core / Inlay	Published ≤1.5.2	Aged order	Approved
669	PERMANENT_ALIAS	rosinium_block_aged	rosinium_aged_block	Rosinium Aged Block	Rosinium Aged Block	Core / Inlay	Published ≤1.5.2	Aged order	Approved
670	PERMANENT_ALIAS	rosinium_chimney_circular_aged	rosinium_aged_chimney_circular	Rosinium Aged Circular Chimney	Rosinium Aged Circular Chimney	Core / Inlay	Published ≤1.5.2	Aged order	Approved
671	PERMANENT_ALIAS	rosinium_column_circular_aged	rosinium_aged_column_circular	Rosinium Aged Circular Column	Rosinium Aged Circular Column	Core / Inlay	Published ≤1.5.2	Aged order	Approved
672	PERMANENT_ALIAS	rosinium_column_square_aged	rosinium_aged_column_square	Rosinium Aged Square Column	Rosinium Aged Square Column	Core / Inlay	Published ≤1.5.2	Aged order	Approved
673	PERMANENT_ALIAS	rosinium_layer_aged	rosinium_aged_layer	Rosinium Aged Layer	Rosinium Aged Layer	Core / Inlay	Published ≤1.5.2	Aged order	Approved
674	PERMANENT_ALIAS	rosinium_layer_multiface_aged	rosinium_aged_layer_multiface	Rosinium Aged Multiface Layer	Rosinium Aged Multiface Layer	Core / Inlay	Published ≤1.5.2	Aged order	Approved
675	PERMANENT_ALIAS	rosinium_layer_vertical_aged	rosinium_aged_layer_vertical	Rosinium Aged Vertical Layer	Rosinium Aged Vertical Layer	Core / Inlay	Published ≤1.5.2	Aged order	Approved
676	PERMANENT_ALIAS	rosinium_post_aged	rosinium_aged_post	Rosinium Aged Post	Rosinium Aged Post	Core / Inlay	Published ≤1.5.2	Aged order	Approved
677	PERMANENT_ALIAS	rosinium_slab_aged	rosinium_aged_slab	Rosinium Aged Slab	Rosinium Aged Slab	Core / Inlay	Published ≤1.5.2	Aged order	Approved
678	PERMANENT_ALIAS	rosinium_slope_aged	rosinium_aged_slope	Rosinium Aged Slope	Rosinium Aged Slope	Core / Inlay	Published ≤1.5.2	Aged order	Approved
679	PERMANENT_ALIAS	rosinium_slope_shallow_lower_aged	rosinium_aged_slope_shallow_lower	Rosinium Aged Lower Shallow Slope	Rosinium Aged Lower Shallow Slope	Core / Inlay	Published ≤1.5.2	Aged order	Approved
680	PERMANENT_ALIAS	rosinium_slope_shallow_upper_aged	rosinium_aged_slope_shallow_upper	Rosinium Aged Upper Shallow Slope	Rosinium Aged Upper Shallow Slope	Core / Inlay	Published ≤1.5.2	Aged order	Approved
681	PERMANENT_ALIAS	rosinium_slope_steep_lower_aged	rosinium_aged_slope_steep_lower	Rosinium Aged Lower Steep Slope	Rosinium Aged Lower Steep Slope	Core / Inlay	Published ≤1.5.2	Aged order	Approved
682	PERMANENT_ALIAS	rosinium_slope_steep_upper_aged	rosinium_aged_slope_steep_upper	Rosinium Aged Upper Steep Slope	Rosinium Aged Upper Steep Slope	Core / Inlay	Published ≤1.5.2	Aged order	Approved
683	PERMANENT_ALIAS	rosinium_slope_vertical_aged	rosinium_aged_slope_vertical	Rosinium Aged Vertical Slope	Rosinium Aged Vertical Slope	Core / Inlay	Published ≤1.5.2	Aged order	Approved
684	PERMANENT_ALIAS	rosinium_slope_vertical_shallow_broad_aged	rosinium_aged_slope_vertical_shallow_broad	Rosinium Aged Broad Shallow Vertical Slope	Rosinium Aged Broad Shallow Vertical Slope	Core / Inlay	Published ≤1.5.2	Aged order	Approved
685	PERMANENT_ALIAS	rosinium_slope_vertical_shallow_narrow_aged	rosinium_aged_slope_vertical_shallow_narrow	Rosinium Aged Narrow Shallow Vertical Slope	Rosinium Aged Narrow Shallow Vertical Slope	Core / Inlay	Published ≤1.5.2	Aged order	Approved
686	PERMANENT_ALIAS	rosinium_stairs_aged	rosinium_aged_stairs	Rosinium Aged Stairs	Rosinium Aged Stairs	Core / Inlay	Published ≤1.5.2	Aged order	Approved
687	PERMANENT_ALIAS	rosinium_stairs_shallow_bottom_aged	rosinium_aged_stairs_shallow_bottom	Rosinium Aged Shallow Stairs (Bottom)	Rosinium Aged Shallow Stairs (Bottom)	Core / Inlay	Published ≤1.5.2	Aged order	Approved
688	PERMANENT_ALIAS	rosinium_stairs_shallow_top_aged	rosinium_aged_stairs_shallow_top	Rosinium Aged Shallow Stairs (Top)	Rosinium Aged Shallow Stairs (Top)	Core / Inlay	Published ≤1.5.2	Aged order	Approved
689	PERMANENT_ALIAS	rosinium_stairs_spiral_large_aged	rosinium_aged_stairs_spiral_large	Rosinium Aged Large Spiral Stairs	Rosinium Aged Large Spiral Stairs	Core / Inlay	Published ≤1.5.2	Aged order	Approved
690	PERMANENT_ALIAS	rosinium_wall_aged	rosinium_aged_wall	Rosinium Aged Wall	Rosinium Aged Wall	Core / Inlay	Published ≤1.5.2	Aged order	Approved
691	PERMANENT_ALIAS	rosinium_window_arch_aged	rosinium_aged_window_arch	Rosinium Aged Arch Window	Rosinium Aged Arch Window	Core / Inlay	Published ≤1.5.2	Aged order	Approved
692	PERMANENT_ALIAS	sanguenite_block_aged	sanguenite_aged_block	Sanguenite Aged Block	Sanguenite Aged Block	Core / Inlay	Published ≤1.5.2	Aged order	Approved
693	PERMANENT_ALIAS	sanguenite_chimney_circular_aged	sanguenite_aged_chimney_circular	Sanguenite Aged Circular Chimney	Sanguenite Aged Circular Chimney	Core / Inlay	Published ≤1.5.2	Aged order	Approved
694	PERMANENT_ALIAS	sanguenite_column_circular_aged	sanguenite_aged_column_circular	Sanguenite Aged Circular Column	Sanguenite Aged Circular Column	Core / Inlay	Published ≤1.5.2	Aged order	Approved
695	PERMANENT_ALIAS	sanguenite_column_square_aged	sanguenite_aged_column_square	Sanguenite Aged Square Column	Sanguenite Aged Square Column	Core / Inlay	Published ≤1.5.2	Aged order	Approved
696	PERMANENT_ALIAS	sanguenite_layer_aged	sanguenite_aged_layer	Sanguenite Aged Layer	Sanguenite Aged Layer	Core / Inlay	Published ≤1.5.2	Aged order	Approved
697	PERMANENT_ALIAS	sanguenite_layer_multiface_aged	sanguenite_aged_layer_multiface	Sanguenite Aged Multiface Layer	Sanguenite Aged Multiface Layer	Core / Inlay	Published ≤1.5.2	Aged order	Approved
698	PERMANENT_ALIAS	sanguenite_layer_vertical_aged	sanguenite_aged_layer_vertical	Sanguenite Aged Vertical Layer	Sanguenite Aged Vertical Layer	Core / Inlay	Published ≤1.5.2	Aged order	Approved
699	PERMANENT_ALIAS	sanguenite_post_aged	sanguenite_aged_post	Sanguenite Aged Post	Sanguenite Aged Post	Core / Inlay	Published ≤1.5.2	Aged order	Approved
700	PERMANENT_ALIAS	sanguenite_slab_aged	sanguenite_aged_slab	Sanguenite Aged Slab	Sanguenite Aged Slab	Core / Inlay	Published ≤1.5.2	Aged order	Approved
701	PERMANENT_ALIAS	sanguenite_slope_aged	sanguenite_aged_slope	Sanguenite Aged Slope	Sanguenite Aged Slope	Core / Inlay	Published ≤1.5.2	Aged order	Approved
702	PERMANENT_ALIAS	sanguenite_slope_shallow_lower_aged	sanguenite_aged_slope_shallow_lower	Sanguenite Aged Lower Shallow Slope	Sanguenite Aged Lower Shallow Slope	Core / Inlay	Published ≤1.5.2	Aged order	Approved
703	PERMANENT_ALIAS	sanguenite_slope_shallow_upper_aged	sanguenite_aged_slope_shallow_upper	Sanguenite Aged Upper Shallow Slope	Sanguenite Aged Upper Shallow Slope	Core / Inlay	Published ≤1.5.2	Aged order	Approved
704	PERMANENT_ALIAS	sanguenite_slope_steep_lower_aged	sanguenite_aged_slope_steep_lower	Sanguenite Aged Lower Steep Slope	Sanguenite Aged Lower Steep Slope	Core / Inlay	Published ≤1.5.2	Aged order	Approved
705	PERMANENT_ALIAS	sanguenite_slope_steep_upper_aged	sanguenite_aged_slope_steep_upper	Sanguenite Aged Upper Steep Slope	Sanguenite Aged Upper Steep Slope	Core / Inlay	Published ≤1.5.2	Aged order	Approved
706	PERMANENT_ALIAS	sanguenite_slope_vertical_aged	sanguenite_aged_slope_vertical	Sanguenite Aged Vertical Slope	Sanguenite Aged Vertical Slope	Core / Inlay	Published ≤1.5.2	Aged order	Approved
707	PERMANENT_ALIAS	sanguenite_slope_vertical_shallow_broad_aged	sanguenite_aged_slope_vertical_shallow_broad	Sanguenite Aged Broad Shallow Vertical Slope	Sanguenite Aged Broad Shallow Vertical Slope	Core / Inlay	Published ≤1.5.2	Aged order	Approved
708	PERMANENT_ALIAS	sanguenite_slope_vertical_shallow_narrow_aged	sanguenite_aged_slope_vertical_shallow_narrow	Sanguenite Aged Narrow Shallow Vertical Slope	Sanguenite Aged Narrow Shallow Vertical Slope	Core / Inlay	Published ≤1.5.2	Aged order	Approved
709	PERMANENT_ALIAS	sanguenite_stairs_aged	sanguenite_aged_stairs	Sanguenite Aged Stairs	Sanguenite Aged Stairs	Core / Inlay	Published ≤1.5.2	Aged order	Approved
710	PERMANENT_ALIAS	sanguenite_stairs_shallow_bottom_aged	sanguenite_aged_stairs_shallow_bottom	Sanguenite Aged Shallow Stairs (Bottom)	Sanguenite Aged Shallow Stairs (Bottom)	Core / Inlay	Published ≤1.5.2	Aged order	Approved
711	PERMANENT_ALIAS	sanguenite_stairs_shallow_top_aged	sanguenite_aged_stairs_shallow_top	Sanguenite Aged Shallow Stairs (Top)	Sanguenite Aged Shallow Stairs (Top)	Core / Inlay	Published ≤1.5.2	Aged order	Approved
712	PERMANENT_ALIAS	sanguenite_stairs_spiral_large_aged	sanguenite_aged_stairs_spiral_large	Sanguenite Aged Large Spiral Stairs	Sanguenite Aged Large Spiral Stairs	Core / Inlay	Published ≤1.5.2	Aged order	Approved
713	PERMANENT_ALIAS	sanguenite_wall_aged	sanguenite_aged_wall	Sanguenite Aged Wall	Sanguenite Aged Wall	Core / Inlay	Published ≤1.5.2	Aged order	Approved
714	PERMANENT_ALIAS	sanguenite_window_arch_aged	sanguenite_aged_window_arch	Sanguenite Aged Arch Window	Sanguenite Aged Arch Window	Core / Inlay	Published ≤1.5.2	Aged order	Approved
715	PERMANENT_ALIAS	selenephos_block_aged	selenephos_aged_block	Selenephos Aged Block	Selenephos Aged Block	Core / Inlay	Published ≤1.5.2	Aged order	Approved
716	PERMANENT_ALIAS	selenephos_chimney_circular_aged	selenephos_aged_chimney_circular	Selenephos Aged Circular Chimney	Selenephos Aged Circular Chimney	Core / Inlay	Published ≤1.5.2	Aged order	Approved
717	PERMANENT_ALIAS	selenephos_column_circular_aged	selenephos_aged_column_circular	Selenephos Aged Circular Column	Selenephos Aged Circular Column	Core / Inlay	Published ≤1.5.2	Aged order	Approved
718	PERMANENT_ALIAS	selenephos_column_square_aged	selenephos_aged_column_square	Selenephos Aged Square Column	Selenephos Aged Square Column	Core / Inlay	Published ≤1.5.2	Aged order	Approved
719	PERMANENT_ALIAS	selenephos_layer_aged	selenephos_aged_layer	Selenephos Aged Layer	Selenephos Aged Layer	Core / Inlay	Published ≤1.5.2	Aged order	Approved
720	PERMANENT_ALIAS	selenephos_layer_multiface_aged	selenephos_aged_layer_multiface	Selenephos Aged Multiface Layer	Selenephos Aged Multiface Layer	Core / Inlay	Published ≤1.5.2	Aged order	Approved
721	PERMANENT_ALIAS	selenephos_layer_vertical_aged	selenephos_aged_layer_vertical	Selenephos Aged Vertical Layer	Selenephos Aged Vertical Layer	Core / Inlay	Published ≤1.5.2	Aged order	Approved
722	PERMANENT_ALIAS	selenephos_post_aged	selenephos_aged_post	Selenephos Aged Post	Selenephos Aged Post	Core / Inlay	Published ≤1.5.2	Aged order	Approved
723	PERMANENT_ALIAS	selenephos_slab_aged	selenephos_aged_slab	Selenephos Aged Slab	Selenephos Aged Slab	Core / Inlay	Published ≤1.5.2	Aged order	Approved
724	PERMANENT_ALIAS	selenephos_slope_aged	selenephos_aged_slope	Selenephos Aged Slope	Selenephos Aged Slope	Core / Inlay	Published ≤1.5.2	Aged order	Approved
725	PERMANENT_ALIAS	selenephos_slope_shallow_lower_aged	selenephos_aged_slope_shallow_lower	Selenephos Aged Lower Shallow Slope	Selenephos Aged Lower Shallow Slope	Core / Inlay	Published ≤1.5.2	Aged order	Approved
726	PERMANENT_ALIAS	selenephos_slope_shallow_upper_aged	selenephos_aged_slope_shallow_upper	Selenephos Aged Upper Shallow Slope	Selenephos Aged Upper Shallow Slope	Core / Inlay	Published ≤1.5.2	Aged order	Approved
727	PERMANENT_ALIAS	selenephos_slope_steep_lower_aged	selenephos_aged_slope_steep_lower	Selenephos Aged Lower Steep Slope	Selenephos Aged Lower Steep Slope	Core / Inlay	Published ≤1.5.2	Aged order	Approved
728	PERMANENT_ALIAS	selenephos_slope_steep_upper_aged	selenephos_aged_slope_steep_upper	Selenephos Aged Upper Steep Slope	Selenephos Aged Upper Steep Slope	Core / Inlay	Published ≤1.5.2	Aged order	Approved
729	PERMANENT_ALIAS	selenephos_slope_vertical_aged	selenephos_aged_slope_vertical	Selenephos Aged Vertical Slope	Selenephos Aged Vertical Slope	Core / Inlay	Published ≤1.5.2	Aged order	Approved
730	PERMANENT_ALIAS	selenephos_slope_vertical_shallow_broad_aged	selenephos_aged_slope_vertical_shallow_broad	Selenephos Aged Broad Shallow Vertical Slope	Selenephos Aged Broad Shallow Vertical Slope	Core / Inlay	Published ≤1.5.2	Aged order	Approved
731	PERMANENT_ALIAS	selenephos_slope_vertical_shallow_narrow_aged	selenephos_aged_slope_vertical_shallow_narrow	Selenephos Aged Narrow Shallow Vertical Slope	Selenephos Aged Narrow Shallow Vertical Slope	Core / Inlay	Published ≤1.5.2	Aged order	Approved
732	PERMANENT_ALIAS	selenephos_stairs_aged	selenephos_aged_stairs	Selenephos Aged Stairs	Selenephos Aged Stairs	Core / Inlay	Published ≤1.5.2	Aged order	Approved
733	PERMANENT_ALIAS	selenephos_stairs_shallow_bottom_aged	selenephos_aged_stairs_shallow_bottom	Selenephos Aged Shallow Stairs (Bottom)	Selenephos Aged Shallow Stairs (Bottom)	Core / Inlay	Published ≤1.5.2	Aged order	Approved
734	PERMANENT_ALIAS	selenephos_stairs_shallow_top_aged	selenephos_aged_stairs_shallow_top	Selenephos Aged Shallow Stairs (Top)	Selenephos Aged Shallow Stairs (Top)	Core / Inlay	Published ≤1.5.2	Aged order	Approved
735	PERMANENT_ALIAS	selenephos_stairs_spiral_large_aged	selenephos_aged_stairs_spiral_large	Selenephos Aged Large Spiral Stairs	Selenephos Aged Large Spiral Stairs	Core / Inlay	Published ≤1.5.2	Aged order	Approved
736	PERMANENT_ALIAS	selenephos_wall_aged	selenephos_aged_wall	Selenephos Aged Wall	Selenephos Aged Wall	Core / Inlay	Published ≤1.5.2	Aged order	Approved
737	PERMANENT_ALIAS	selenephos_window_arch_aged	selenephos_aged_window_arch	Selenephos Aged Arch Window	Selenephos Aged Arch Window	Core / Inlay	Published ≤1.5.2	Aged order	Approved
738	PERMANENT_ALIAS	solistra_block_aged	solistra_aged_block	Solistra Aged Block	Solistra Aged Block	Core / Inlay	Published ≤1.5.2	Aged order	Approved
739	PERMANENT_ALIAS	solistra_chimney_circular_aged	solistra_aged_chimney_circular	Solistra Aged Circular Chimney	Solistra Aged Circular Chimney	Core / Inlay	Published ≤1.5.2	Aged order	Approved
740	PERMANENT_ALIAS	solistra_column_circular_aged	solistra_aged_column_circular	Solistra Aged Circular Column	Solistra Aged Circular Column	Core / Inlay	Published ≤1.5.2	Aged order	Approved
741	PERMANENT_ALIAS	solistra_column_square_aged	solistra_aged_column_square	Solistra Aged Square Column	Solistra Aged Square Column	Core / Inlay	Published ≤1.5.2	Aged order	Approved
742	PERMANENT_ALIAS	solistra_layer_aged	solistra_aged_layer	Solistra Aged Layer	Solistra Aged Layer	Core / Inlay	Published ≤1.5.2	Aged order	Approved
743	PERMANENT_ALIAS	solistra_layer_multiface_aged	solistra_aged_layer_multiface	Solistra Aged Multiface Layer	Solistra Aged Multiface Layer	Core / Inlay	Published ≤1.5.2	Aged order	Approved
744	PERMANENT_ALIAS	solistra_layer_vertical_aged	solistra_aged_layer_vertical	Solistra Aged Vertical Layer	Solistra Aged Vertical Layer	Core / Inlay	Published ≤1.5.2	Aged order	Approved
745	PERMANENT_ALIAS	solistra_post_aged	solistra_aged_post	Solistra Aged Post	Solistra Aged Post	Core / Inlay	Published ≤1.5.2	Aged order	Approved
746	PERMANENT_ALIAS	solistra_slab_aged	solistra_aged_slab	Solistra Aged Slab	Solistra Aged Slab	Core / Inlay	Published ≤1.5.2	Aged order	Approved
747	PERMANENT_ALIAS	solistra_slope_aged	solistra_aged_slope	Solistra Aged Slope	Solistra Aged Slope	Core / Inlay	Published ≤1.5.2	Aged order	Approved
748	PERMANENT_ALIAS	solistra_slope_shallow_lower_aged	solistra_aged_slope_shallow_lower	Solistra Aged Lower Shallow Slope	Solistra Aged Lower Shallow Slope	Core / Inlay	Published ≤1.5.2	Aged order	Approved
749	PERMANENT_ALIAS	solistra_slope_shallow_upper_aged	solistra_aged_slope_shallow_upper	Solistra Aged Upper Shallow Slope	Solistra Aged Upper Shallow Slope	Core / Inlay	Published ≤1.5.2	Aged order	Approved
750	PERMANENT_ALIAS	solistra_slope_steep_lower_aged	solistra_aged_slope_steep_lower	Solistra Aged Lower Steep Slope	Solistra Aged Lower Steep Slope	Core / Inlay	Published ≤1.5.2	Aged order	Approved
751	PERMANENT_ALIAS	solistra_slope_steep_upper_aged	solistra_aged_slope_steep_upper	Solistra Aged Upper Steep Slope	Solistra Aged Upper Steep Slope	Core / Inlay	Published ≤1.5.2	Aged order	Approved
752	PERMANENT_ALIAS	solistra_slope_vertical_aged	solistra_aged_slope_vertical	Solistra Aged Vertical Slope	Solistra Aged Vertical Slope	Core / Inlay	Published ≤1.5.2	Aged order	Approved
753	PERMANENT_ALIAS	solistra_slope_vertical_shallow_broad_aged	solistra_aged_slope_vertical_shallow_broad	Solistra Aged Broad Shallow Vertical Slope	Solistra Aged Broad Shallow Vertical Slope	Core / Inlay	Published ≤1.5.2	Aged order	Approved
754	PERMANENT_ALIAS	solistra_slope_vertical_shallow_narrow_aged	solistra_aged_slope_vertical_shallow_narrow	Solistra Aged Narrow Shallow Vertical Slope	Solistra Aged Narrow Shallow Vertical Slope	Core / Inlay	Published ≤1.5.2	Aged order	Approved
755	PERMANENT_ALIAS	solistra_stairs_aged	solistra_aged_stairs	Solistra Aged Stairs	Solistra Aged Stairs	Core / Inlay	Published ≤1.5.2	Aged order	Approved
756	PERMANENT_ALIAS	solistra_stairs_shallow_bottom_aged	solistra_aged_stairs_shallow_bottom	Solistra Aged Shallow Stairs (Bottom)	Solistra Aged Shallow Stairs (Bottom)	Core / Inlay	Published ≤1.5.2	Aged order	Approved
757	PERMANENT_ALIAS	solistra_stairs_shallow_top_aged	solistra_aged_stairs_shallow_top	Solistra Aged Shallow Stairs (Top)	Solistra Aged Shallow Stairs (Top)	Core / Inlay	Published ≤1.5.2	Aged order	Approved
758	PERMANENT_ALIAS	solistra_stairs_spiral_large_aged	solistra_aged_stairs_spiral_large	Solistra Aged Large Spiral Stairs	Solistra Aged Large Spiral Stairs	Core / Inlay	Published ≤1.5.2	Aged order	Approved
759	PERMANENT_ALIAS	solistra_wall_aged	solistra_aged_wall	Solistra Aged Wall	Solistra Aged Wall	Core / Inlay	Published ≤1.5.2	Aged order	Approved
760	PERMANENT_ALIAS	solistra_window_arch_aged	solistra_aged_window_arch	Solistra Aged Arch Window	Solistra Aged Arch Window	Core / Inlay	Published ≤1.5.2	Aged order	Approved
761	PERMANENT_ALIAS	striatus_block_aged	striatus_aged_block	Striatus Aged Block	Striatus Aged Block	Core / Inlay	Published ≤1.5.2	Aged order	Approved
762	PERMANENT_ALIAS	striatus_chimney_circular_aged	striatus_aged_chimney_circular	Striatus Aged Circular Chimney	Striatus Aged Circular Chimney	Core / Inlay	Published ≤1.5.2	Aged order	Approved
763	PERMANENT_ALIAS	striatus_column_circular_aged	striatus_aged_column_circular	Striatus Aged Circular Column	Striatus Aged Circular Column	Core / Inlay	Published ≤1.5.2	Aged order	Approved
764	PERMANENT_ALIAS	striatus_column_square_aged	striatus_aged_column_square	Striatus Aged Square Column	Striatus Aged Square Column	Core / Inlay	Published ≤1.5.2	Aged order	Approved
765	PERMANENT_ALIAS	striatus_layer_aged	striatus_aged_layer	Striatus Aged Layer	Striatus Aged Layer	Core / Inlay	Published ≤1.5.2	Aged order	Approved
766	PERMANENT_ALIAS	striatus_layer_multiface_aged	striatus_aged_layer_multiface	Striatus Aged Multiface Layer	Striatus Aged Multiface Layer	Core / Inlay	Published ≤1.5.2	Aged order	Approved
767	PERMANENT_ALIAS	striatus_layer_vertical_aged	striatus_aged_layer_vertical	Striatus Aged Vertical Layer	Striatus Aged Vertical Layer	Core / Inlay	Published ≤1.5.2	Aged order	Approved
768	PERMANENT_ALIAS	striatus_post_aged	striatus_aged_post	Striatus Aged Post	Striatus Aged Post	Core / Inlay	Published ≤1.5.2	Aged order	Approved
769	PERMANENT_ALIAS	striatus_slab_aged	striatus_aged_slab	Striatus Aged Slab	Striatus Aged Slab	Core / Inlay	Published ≤1.5.2	Aged order	Approved
770	PERMANENT_ALIAS	striatus_slope_aged	striatus_aged_slope	Striatus Aged Slope	Striatus Aged Slope	Core / Inlay	Published ≤1.5.2	Aged order	Approved
771	PERMANENT_ALIAS	striatus_slope_shallow_lower_aged	striatus_aged_slope_shallow_lower	Striatus Aged Lower Shallow Slope	Striatus Aged Lower Shallow Slope	Core / Inlay	Published ≤1.5.2	Aged order	Approved
772	PERMANENT_ALIAS	striatus_slope_shallow_upper_aged	striatus_aged_slope_shallow_upper	Striatus Aged Upper Shallow Slope	Striatus Aged Upper Shallow Slope	Core / Inlay	Published ≤1.5.2	Aged order	Approved
773	PERMANENT_ALIAS	striatus_slope_steep_lower_aged	striatus_aged_slope_steep_lower	Striatus Aged Lower Steep Slope	Striatus Aged Lower Steep Slope	Core / Inlay	Published ≤1.5.2	Aged order	Approved
774	PERMANENT_ALIAS	striatus_slope_steep_upper_aged	striatus_aged_slope_steep_upper	Striatus Aged Upper Steep Slope	Striatus Aged Upper Steep Slope	Core / Inlay	Published ≤1.5.2	Aged order	Approved
775	PERMANENT_ALIAS	striatus_slope_vertical_aged	striatus_aged_slope_vertical	Striatus Aged Vertical Slope	Striatus Aged Vertical Slope	Core / Inlay	Published ≤1.5.2	Aged order	Approved
776	PERMANENT_ALIAS	striatus_slope_vertical_shallow_broad_aged	striatus_aged_slope_vertical_shallow_broad	Striatus Aged Broad Shallow Vertical Slope	Striatus Aged Broad Shallow Vertical Slope	Core / Inlay	Published ≤1.5.2	Aged order	Approved
777	PERMANENT_ALIAS	striatus_slope_vertical_shallow_narrow_aged	striatus_aged_slope_vertical_shallow_narrow	Striatus Aged Narrow Shallow Vertical Slope	Striatus Aged Narrow Shallow Vertical Slope	Core / Inlay	Published ≤1.5.2	Aged order	Approved
778	PERMANENT_ALIAS	striatus_stairs_aged	striatus_aged_stairs	Striatus Aged Stairs	Striatus Aged Stairs	Core / Inlay	Published ≤1.5.2	Aged order	Approved
779	PERMANENT_ALIAS	striatus_stairs_shallow_bottom_aged	striatus_aged_stairs_shallow_bottom	Striatus Aged Shallow Stairs (Bottom)	Striatus Aged Shallow Stairs (Bottom)	Core / Inlay	Published ≤1.5.2	Aged order	Approved
780	PERMANENT_ALIAS	striatus_stairs_shallow_top_aged	striatus_aged_stairs_shallow_top	Striatus Aged Shallow Stairs (Top)	Striatus Aged Shallow Stairs (Top)	Core / Inlay	Published ≤1.5.2	Aged order	Approved
781	PERMANENT_ALIAS	striatus_stairs_spiral_large_aged	striatus_aged_stairs_spiral_large	Striatus Aged Large Spiral Stairs	Striatus Aged Large Spiral Stairs	Core / Inlay	Published ≤1.5.2	Aged order	Approved
782	PERMANENT_ALIAS	striatus_wall_aged	striatus_aged_wall	Striatus Aged Wall	Striatus Aged Wall	Core / Inlay	Published ≤1.5.2	Aged order	Approved
783	PERMANENT_ALIAS	striatus_window_arch_aged	striatus_aged_window_arch	Striatus Aged Arch Window	Striatus Aged Arch Window	Core / Inlay	Published ≤1.5.2	Aged order	Approved
784	PERMANENT_ALIAS	aganite_horizontal_slice_aged	aganite_aged_slice_horizontal	Aganite Aged Horizontal Slice	Aganite Aged Horizontal Slice	Core / Inlay	Published ≤1.5.2	Aged order; Slice order	Approved
785	PERMANENT_ALIAS	aganite_vertical_slice_aged	aganite_aged_slice_vertical	Aganite Aged Vertical Slice	Aganite Aged Vertical Slice	Core / Inlay	Published ≤1.5.2	Aged order; Slice order	Approved
786	PERMANENT_ALIAS	aterzon_horizontal_slice_aged	aterzon_aged_slice_horizontal	Aterzon Aged Horizontal Slice	Aterzon Aged Horizontal Slice	Core / Inlay	Published ≤1.5.2	Aged order; Slice order	Approved
787	PERMANENT_ALIAS	aterzon_vertical_slice_aged	aterzon_aged_slice_vertical	Aterzon Aged Vertical Slice	Aterzon Aged Vertical Slice	Core / Inlay	Published ≤1.5.2	Aged order; Slice order	Approved
788	PERMANENT_ALIAS	borealis_horizontal_slice_aged	borealis_aged_slice_horizontal	Borealis Aged Horizontal Slice	Borealis Aged Horizontal Slice	Core / Inlay	Published ≤1.5.2	Aged order; Slice order	Approved
789	PERMANENT_ALIAS	borealis_vertical_slice_aged	borealis_aged_slice_vertical	Borealis Aged Vertical Slice	Borealis Aged Vertical Slice	Core / Inlay	Published ≤1.5.2	Aged order; Slice order	Approved
790	PERMANENT_ALIAS	brectite_horizontal_slice_aged	brectite_aged_slice_horizontal	Brectite Aged Horizontal Slice	Brectite Aged Horizontal Slice	Core / Inlay	Published ≤1.5.2	Aged order; Slice order	Approved
791	PERMANENT_ALIAS	brectite_vertical_slice_aged	brectite_aged_slice_vertical	Brectite Aged Vertical Slice	Brectite Aged Vertical Slice	Core / Inlay	Published ≤1.5.2	Aged order; Slice order	Approved
792	PERMANENT_ALIAS	calacattum_horizontal_slice_aged	calacattum_aged_slice_horizontal	Calacattum Aged Horizontal Slice	Calacattum Aged Horizontal Slice	Core / Inlay	Published ≤1.5.2	Aged order; Slice order	Approved
793	PERMANENT_ALIAS	calacattum_vertical_slice_aged	calacattum_aged_slice_vertical	Calacattum Aged Vertical Slice	Calacattum Aged Vertical Slice	Core / Inlay	Published ≤1.5.2	Aged order; Slice order	Approved
794	PERMANENT_ALIAS	chalstrom_horizontal_slice_aged	chalstrom_aged_slice_horizontal	Chalstrom Aged Horizontal Slice	Chalstrom Aged Horizontal Slice	Core / Inlay	Published ≤1.5.2	Aged order; Slice order	Approved
795	PERMANENT_ALIAS	chalstrom_vertical_slice_aged	chalstrom_aged_slice_vertical	Chalstrom Aged Vertical Slice	Chalstrom Aged Vertical Slice	Core / Inlay	Published ≤1.5.2	Aged order; Slice order	Approved
796	PERMANENT_ALIAS	chrysonyx_horizontal_slice_aged	chrysonyx_aged_slice_horizontal	Chrysonyx Aged Horizontal Slice	Chrysonyx Aged Horizontal Slice	Core / Inlay	Published ≤1.5.2	Aged order; Slice order	Approved
797	PERMANENT_ALIAS	chrysonyx_vertical_slice_aged	chrysonyx_aged_slice_vertical	Chrysonyx Aged Vertical Slice	Chrysonyx Aged Vertical Slice	Core / Inlay	Published ≤1.5.2	Aged order; Slice order	Approved
798	PERMANENT_ALIAS	etruscus_horizontal_slice_aged	etruscus_aged_slice_horizontal	Etruscus Aged Horizontal Slice	Etruscus Aged Horizontal Slice	Core / Inlay	Published ≤1.5.2	Aged order; Slice order	Approved
799	PERMANENT_ALIAS	etruscus_vertical_slice_aged	etruscus_aged_slice_vertical	Etruscus Aged Vertical Slice	Etruscus Aged Vertical Slice	Core / Inlay	Published ≤1.5.2	Aged order; Slice order	Approved
800	PERMANENT_ALIAS	gelastrum_horizontal_slice_aged	gelastrum_aged_slice_horizontal	Gelastrum Aged Horizontal Slice	Gelastrum Aged Horizontal Slice	Core / Inlay	Published ≤1.5.2	Aged order; Slice order	Approved
801	PERMANENT_ALIAS	gelastrum_vertical_slice_aged	gelastrum_aged_slice_vertical	Gelastrum Aged Vertical Slice	Gelastrum Aged Vertical Slice	Core / Inlay	Published ≤1.5.2	Aged order; Slice order	Approved
802	PERMANENT_ALIAS	glacium_horizontal_slice_aged	glacium_aged_slice_horizontal	Glacium Aged Horizontal Slice	Glacium Aged Horizontal Slice	Core / Inlay	Published ≤1.5.2	Aged order; Slice order	Approved
803	PERMANENT_ALIAS	glacium_vertical_slice_aged	glacium_aged_slice_vertical	Glacium Aged Vertical Slice	Glacium Aged Vertical Slice	Core / Inlay	Published ≤1.5.2	Aged order; Slice order	Approved
804	PERMANENT_ALIAS	hesperion_horizontal_slice_aged	hesperion_aged_slice_horizontal	Hesperion Aged Horizontal Slice	Hesperion Aged Horizontal Slice	Core / Inlay	Published ≤1.5.2	Aged order; Slice order	Approved
805	PERMANENT_ALIAS	hesperion_vertical_slice_aged	hesperion_aged_slice_vertical	Hesperion Aged Vertical Slice	Hesperion Aged Vertical Slice	Core / Inlay	Published ≤1.5.2	Aged order; Slice order	Approved
806	PERMANENT_ALIAS	imperium_horizontal_slice_aged	imperium_aged_slice_horizontal	Imperium Aged Horizontal Slice	Imperium Aged Horizontal Slice	Core / Inlay	Published ≤1.5.2	Aged order; Slice order	Approved
807	PERMANENT_ALIAS	imperium_vertical_slice_aged	imperium_aged_slice_vertical	Imperium Aged Vertical Slice	Imperium Aged Vertical Slice	Core / Inlay	Published ≤1.5.2	Aged order; Slice order	Approved
808	PERMANENT_ALIAS	kelastrion_horizontal_slice_aged	kelastrion_aged_slice_horizontal	Kelastrion Aged Horizontal Slice	Kelastrion Aged Horizontal Slice	Core / Inlay	Published ≤1.5.2	Aged order; Slice order	Approved
809	PERMANENT_ALIAS	kelastrion_vertical_slice_aged	kelastrion_aged_slice_vertical	Kelastrion Aged Vertical Slice	Kelastrion Aged Vertical Slice	Core / Inlay	Published ≤1.5.2	Aged order; Slice order	Approved
810	PERMANENT_ALIAS	kylorion_horizontal_slice_aged	kylorion_aged_slice_horizontal	Kylorion Aged Horizontal Slice	Kylorion Aged Horizontal Slice	Core / Inlay	Published ≤1.5.2	Aged order; Slice order	Approved
811	PERMANENT_ALIAS	kylorion_vertical_slice_aged	kylorion_aged_slice_vertical	Kylorion Aged Vertical Slice	Kylorion Aged Vertical Slice	Core / Inlay	Published ≤1.5.2	Aged order; Slice order	Approved
812	PERMANENT_ALIAS	latmion_horizontal_slice_aged	latmion_aged_slice_horizontal	Latmion Aged Horizontal Slice	Latmion Aged Horizontal Slice	Core / Inlay	Published ≤1.5.2	Aged order; Slice order	Approved
813	PERMANENT_ALIAS	latmion_vertical_slice_aged	latmion_aged_slice_vertical	Latmion Aged Vertical Slice	Latmion Aged Vertical Slice	Core / Inlay	Published ≤1.5.2	Aged order; Slice order	Approved
814	PERMANENT_ALIAS	laurentium_horizontal_slice_aged	laurentium_aged_slice_horizontal	Laurentium Aged Horizontal Slice	Laurentium Aged Horizontal Slice	Core / Inlay	Published ≤1.5.2	Aged order; Slice order	Approved
815	PERMANENT_ALIAS	laurentium_vertical_slice_aged	laurentium_aged_slice_vertical	Laurentium Aged Vertical Slice	Laurentium Aged Vertical Slice	Core / Inlay	Published ≤1.5.2	Aged order; Slice order	Approved
816	PERMANENT_ALIAS	mielonyx_horizontal_slice_aged	mielonyx_aged_slice_horizontal	Mielonyx Aged Horizontal Slice	Mielonyx Aged Horizontal Slice	Core / Inlay	Published ≤1.5.2	Aged order; Slice order	Approved
817	PERMANENT_ALIAS	mielonyx_vertical_slice_aged	mielonyx_aged_slice_vertical	Mielonyx Aged Vertical Slice	Mielonyx Aged Vertical Slice	Core / Inlay	Published ≤1.5.2	Aged order; Slice order	Approved
818	PERMANENT_ALIAS	nerium_horizontal_slice_aged	nerium_aged_slice_horizontal	Nerium Aged Horizontal Slice	Nerium Aged Horizontal Slice	Core / Inlay	Published ≤1.5.2	Aged order; Slice order	Approved
819	PERMANENT_ALIAS	nerium_vertical_slice_aged	nerium_aged_slice_vertical	Nerium Aged Vertical Slice	Nerium Aged Vertical Slice	Core / Inlay	Published ≤1.5.2	Aged order; Slice order	Approved
820	PERMANENT_ALIAS	noxoplis_horizontal_slice_aged	noxoplis_aged_slice_horizontal	Noxoplis Aged Horizontal Slice	Noxoplis Aged Horizontal Slice	Core / Inlay	Published ≤1.5.2	Aged order; Slice order	Approved
821	PERMANENT_ALIAS	noxoplis_vertical_slice_aged	noxoplis_aged_slice_vertical	Noxoplis Aged Vertical Slice	Noxoplis Aged Vertical Slice	Core / Inlay	Published ≤1.5.2	Aged order; Slice order	Approved
822	PERMANENT_ALIAS	porphyros_horizontal_slice_aged	porphyros_aged_slice_horizontal	Porphyros Aged Horizontal Slice	Porphyros Aged Horizontal Slice	Core / Inlay	Published ≤1.5.2	Aged order; Slice order	Approved
823	PERMANENT_ALIAS	porphyros_vertical_slice_aged	porphyros_aged_slice_vertical	Porphyros Aged Vertical Slice	Porphyros Aged Vertical Slice	Core / Inlay	Published ≤1.5.2	Aged order; Slice order	Approved
824	PERMANENT_ALIAS	portorium_horizontal_slice_aged	portorium_aged_slice_horizontal	Portorium Aged Horizontal Slice	Portorium Aged Horizontal Slice	Core / Inlay	Published ≤1.5.2	Aged order; Slice order	Approved
825	PERMANENT_ALIAS	portorium_vertical_slice_aged	portorium_aged_slice_vertical	Portorium Aged Vertical Slice	Portorium Aged Vertical Slice	Core / Inlay	Published ≤1.5.2	Aged order; Slice order	Approved
826	PERMANENT_ALIAS	psamatheon_horizontal_slice_aged	psamatheon_aged_slice_horizontal	Psamatheon Aged Horizontal Slice	Psamatheon Aged Horizontal Slice	Core / Inlay	Published ≤1.5.2	Aged order; Slice order	Approved
827	PERMANENT_ALIAS	psamatheon_vertical_slice_aged	psamatheon_aged_slice_vertical	Psamatheon Aged Vertical Slice	Psamatheon Aged Vertical Slice	Core / Inlay	Published ≤1.5.2	Aged order; Slice order	Approved
828	PERMANENT_ALIAS	rosinium_horizontal_slice_aged	rosinium_aged_slice_horizontal	Rosinium Aged Horizontal Slice	Rosinium Aged Horizontal Slice	Core / Inlay	Published ≤1.5.2	Aged order; Slice order	Approved
829	PERMANENT_ALIAS	rosinium_vertical_slice_aged	rosinium_aged_slice_vertical	Rosinium Aged Vertical Slice	Rosinium Aged Vertical Slice	Core / Inlay	Published ≤1.5.2	Aged order; Slice order	Approved
830	PERMANENT_ALIAS	sanguenite_horizontal_slice_aged	sanguenite_aged_slice_horizontal	Sanguenite Aged Horizontal Slice	Sanguenite Aged Horizontal Slice	Core / Inlay	Published ≤1.5.2	Aged order; Slice order	Approved
831	PERMANENT_ALIAS	sanguenite_vertical_slice_aged	sanguenite_aged_slice_vertical	Sanguenite Aged Vertical Slice	Sanguenite Aged Vertical Slice	Core / Inlay	Published ≤1.5.2	Aged order; Slice order	Approved
832	PERMANENT_ALIAS	selenephos_horizontal_slice_aged	selenephos_aged_slice_horizontal	Selenephos Aged Horizontal Slice	Selenephos Aged Horizontal Slice	Core / Inlay	Published ≤1.5.2	Aged order; Slice order	Approved
833	PERMANENT_ALIAS	selenephos_vertical_slice_aged	selenephos_aged_slice_vertical	Selenephos Aged Vertical Slice	Selenephos Aged Vertical Slice	Core / Inlay	Published ≤1.5.2	Aged order; Slice order	Approved
834	PERMANENT_ALIAS	solistra_horizontal_slice_aged	solistra_aged_slice_horizontal	Solistra Aged Horizontal Slice	Solistra Aged Horizontal Slice	Core / Inlay	Published ≤1.5.2	Aged order; Slice order	Approved
835	PERMANENT_ALIAS	solistra_vertical_slice_aged	solistra_aged_slice_vertical	Solistra Aged Vertical Slice	Solistra Aged Vertical Slice	Core / Inlay	Published ≤1.5.2	Aged order; Slice order	Approved
836	PERMANENT_ALIAS	striatus_horizontal_slice_aged	striatus_aged_slice_horizontal	Striatus Aged Horizontal Slice	Striatus Aged Horizontal Slice	Core / Inlay	Published ≤1.5.2	Aged order; Slice order	Approved
837	PERMANENT_ALIAS	striatus_vertical_slice_aged	striatus_aged_slice_vertical	Striatus Aged Vertical Slice	Striatus Aged Vertical Slice	Core / Inlay	Published ≤1.5.2	Aged order; Slice order	Approved
838	PERMANENT_ALIAS	aganite_block_bronzeguilloche	aganite_guilloche_bronze_block	Aganite Bronze Guilloche Block	Aganite Bronze Guilloche Inlay	Byzantine	Published ≤1.5.2	Inlay grammar	Approved
839	PERMANENT_ALIAS	aganite_block_bronzequatrefoil	aganite_quatrefoil_bronze_block	Aganite Bronze Quatrefoil Block	Aganite Bronze Quatrefoil Inlay	Byzantine	Published ≤1.5.2	Inlay grammar	Approved
840	PERMANENT_ALIAS	aganite_block_bronzetrim	aganite_trim_bronze_block	Aganite Bronze Trim Block	Aganite Bronze Trim Inlay	Core / Inlay	Published ≤1.5.2	Inlay grammar	Approved
841	PERMANENT_ALIAS	aganite_block_silverguilloche	aganite_guilloche_silver_block	Aganite Silver Guilloche Block	Aganite Silver Guilloche Inlay	Byzantine	Published ≤1.5.2	Inlay grammar	Approved
842	PERMANENT_ALIAS	aganite_block_silverquatrefoil	aganite_quatrefoil_silver_block	Aganite Silver Quatrefoil Block	Aganite Silver Quatrefoil Inlay	Byzantine	Published ≤1.5.2	Inlay grammar	Approved
843	PERMANENT_ALIAS	aganite_block_silvertrim	aganite_trim_silver_block	Aganite Silver Trim Block	Aganite Silver Trim Inlay	Core / Inlay	Published ≤1.5.2	Inlay grammar	Approved
844	PERMANENT_ALIAS	aterzon_block_bronzeguilloche	aterzon_guilloche_bronze_block	Aterzon Bronze Guilloche Block	Aterzon Bronze Guilloche Inlay	Byzantine	Published ≤1.5.2	Inlay grammar	Approved
845	PERMANENT_ALIAS	aterzon_block_bronzequatrefoil	aterzon_quatrefoil_bronze_block	Aterzon Bronze Quatrefoil Block	Aterzon Bronze Quatrefoil Inlay	Byzantine	Published ≤1.5.2	Inlay grammar	Approved
846	PERMANENT_ALIAS	aterzon_block_bronzetrim	aterzon_trim_bronze_block	Aterzon Bronze Trim Block	Aterzon Bronze Trim Inlay	Core / Inlay	Published ≤1.5.2	Inlay grammar	Approved
847	PERMANENT_ALIAS	aterzon_block_silverguilloche	aterzon_guilloche_silver_block	Aterzon Silver Guilloche Block	Aterzon Silver Guilloche Inlay	Byzantine	Published ≤1.5.2	Inlay grammar	Approved
848	PERMANENT_ALIAS	aterzon_block_silverquatrefoil	aterzon_quatrefoil_silver_block	Aterzon Silver Quatrefoil Block	Aterzon Silver Quatrefoil Inlay	Byzantine	Published ≤1.5.2	Inlay grammar	Approved
849	PERMANENT_ALIAS	aterzon_block_silvertrim	aterzon_trim_silver_block	Aterzon Silver Trim Block	Aterzon Silver Trim Inlay	Core / Inlay	Published ≤1.5.2	Inlay grammar	Approved
850	PERMANENT_ALIAS	borealis_block_bronzeguilloche	borealis_guilloche_bronze_block	Borealis Bronze Guilloche Block	Borealis Bronze Guilloche Inlay	Byzantine	Published ≤1.5.2	Inlay grammar	Approved
851	PERMANENT_ALIAS	borealis_block_bronzequatrefoil	borealis_quatrefoil_bronze_block	Borealis Bronze Quatrefoil Block	Borealis Bronze Quatrefoil Inlay	Byzantine	Published ≤1.5.2	Inlay grammar	Approved
852	PERMANENT_ALIAS	borealis_block_bronzetrim	borealis_trim_bronze_block	Borealis Bronze Trim Block	Borealis Bronze Trim Inlay	Core / Inlay	Published ≤1.5.2	Inlay grammar	Approved
853	PERMANENT_ALIAS	borealis_block_silverguilloche	borealis_guilloche_silver_block	Borealis Silver Guilloche Block	Borealis Silver Guilloche Inlay	Byzantine	Published ≤1.5.2	Inlay grammar	Approved
854	PERMANENT_ALIAS	borealis_block_silverquatrefoil	borealis_quatrefoil_silver_block	Borealis Silver Quatrefoil Block	Borealis Silver Quatrefoil Inlay	Byzantine	Published ≤1.5.2	Inlay grammar	Approved
855	PERMANENT_ALIAS	borealis_block_silvertrim	borealis_trim_silver_block	Borealis Silver Trim Block	Borealis Silver Trim Inlay	Core / Inlay	Published ≤1.5.2	Inlay grammar	Approved
856	PERMANENT_ALIAS	brectite_block_bronzeguilloche	brectite_guilloche_bronze_block	Brectite Bronze Guilloche Block	Brectite Bronze Guilloche Inlay	Byzantine	Published ≤1.5.2	Inlay grammar	Approved
857	PERMANENT_ALIAS	brectite_block_bronzequatrefoil	brectite_quatrefoil_bronze_block	Brectite Bronze Quatrefoil Block	Brectite Bronze Quatrefoil Inlay	Byzantine	Published ≤1.5.2	Inlay grammar	Approved
858	PERMANENT_ALIAS	brectite_block_bronzetrim	brectite_trim_bronze_block	Brectite Bronze Trim Block	Brectite Bronze Trim Inlay	Core / Inlay	Published ≤1.5.2	Inlay grammar	Approved
859	PERMANENT_ALIAS	brectite_block_silverguilloche	brectite_guilloche_silver_block	Brectite Silver Guilloche Block	Brectite Silver Guilloche Inlay	Byzantine	Published ≤1.5.2	Inlay grammar	Approved
860	PERMANENT_ALIAS	brectite_block_silverquatrefoil	brectite_quatrefoil_silver_block	Brectite Silver Quatrefoil Block	Brectite Silver Quatrefoil Inlay	Byzantine	Published ≤1.5.2	Inlay grammar	Approved
861	PERMANENT_ALIAS	brectite_block_silvertrim	brectite_trim_silver_block	Brectite Silver Trim Block	Brectite Silver Trim Inlay	Core / Inlay	Published ≤1.5.2	Inlay grammar	Approved
862	PERMANENT_ALIAS	calacattum_block_bronzeguilloche	calacattum_guilloche_bronze_block	Calacattum Bronze Guilloche Block	Calacattum Bronze Guilloche Inlay	Byzantine	Published ≤1.5.2	Inlay grammar	Approved
863	PERMANENT_ALIAS	calacattum_block_bronzequatrefoil	calacattum_quatrefoil_bronze_block	Calacattum Bronze Quatrefoil Block	Calacattum Bronze Quatrefoil Inlay	Byzantine	Published ≤1.5.2	Inlay grammar	Approved
864	PERMANENT_ALIAS	calacattum_block_bronzetrim	calacattum_trim_bronze_block	Calacattum Bronze Trim Block	Calacattum Bronze Trim Inlay	Core / Inlay	Published ≤1.5.2	Inlay grammar	Approved
865	PERMANENT_ALIAS	calacattum_block_silverguilloche	calacattum_guilloche_silver_block	Calacattum Silver Guilloche Block	Calacattum Silver Guilloche Inlay	Byzantine	Published ≤1.5.2	Inlay grammar	Approved
866	PERMANENT_ALIAS	calacattum_block_silverquatrefoil	calacattum_quatrefoil_silver_block	Calacattum Silver Quatrefoil Block	Calacattum Silver Quatrefoil Inlay	Byzantine	Published ≤1.5.2	Inlay grammar	Approved
867	PERMANENT_ALIAS	calacattum_block_silvertrim	calacattum_trim_silver_block	Calacattum Silver Trim Block	Calacattum Silver Trim Inlay	Core / Inlay	Published ≤1.5.2	Inlay grammar	Approved
868	PERMANENT_ALIAS	chalstrom_block_bronzeguilloche	chalstrom_guilloche_bronze_block	Chalstrom Bronze Guilloche Block	Chalstrom Bronze Guilloche Inlay	Byzantine	Published ≤1.5.2	Inlay grammar	Approved
869	PERMANENT_ALIAS	chalstrom_block_bronzequatrefoil	chalstrom_quatrefoil_bronze_block	Chalstrom Bronze Quatrefoil Block	Chalstrom Bronze Quatrefoil Inlay	Byzantine	Published ≤1.5.2	Inlay grammar	Approved
870	PERMANENT_ALIAS	chalstrom_block_bronzetrim	chalstrom_trim_bronze_block	Chalstrom Bronze Trim Block	Chalstrom Bronze Trim Inlay	Core / Inlay	Published ≤1.5.2	Inlay grammar	Approved
871	PERMANENT_ALIAS	chalstrom_block_silverguilloche	chalstrom_guilloche_silver_block	Chalstrom Silver Guilloche Block	Chalstrom Silver Guilloche Inlay	Byzantine	Published ≤1.5.2	Inlay grammar	Approved
872	PERMANENT_ALIAS	chalstrom_block_silverquatrefoil	chalstrom_quatrefoil_silver_block	Chalstrom Silver Quatrefoil Block	Chalstrom Silver Quatrefoil Inlay	Byzantine	Published ≤1.5.2	Inlay grammar	Approved
873	PERMANENT_ALIAS	chalstrom_block_silvertrim	chalstrom_trim_silver_block	Chalstrom Silver Trim Block	Chalstrom Silver Trim Inlay	Core / Inlay	Published ≤1.5.2	Inlay grammar	Approved
874	PERMANENT_ALIAS	chrysonyx_block_bronzeguilloche	chrysonyx_guilloche_bronze_block	Chrysonyx Bronze Guilloche Block	Chrysonyx Bronze Guilloche Inlay	Byzantine	Published ≤1.5.2	Inlay grammar	Approved
875	PERMANENT_ALIAS	chrysonyx_block_bronzequatrefoil	chrysonyx_quatrefoil_bronze_block	Chrysonyx Bronze Quatrefoil Block	Chrysonyx Bronze Quatrefoil Inlay	Byzantine	Published ≤1.5.2	Inlay grammar	Approved
876	PERMANENT_ALIAS	chrysonyx_block_bronzetrim	chrysonyx_trim_bronze_block	Chrysonyx Bronze Trim Block	Chrysonyx Bronze Trim Inlay	Core / Inlay	Published ≤1.5.2	Inlay grammar	Approved
877	PERMANENT_ALIAS	chrysonyx_block_silverguilloche	chrysonyx_guilloche_silver_block	Chrysonyx Silver Guilloche Block	Chrysonyx Silver Guilloche Inlay	Byzantine	Published ≤1.5.2	Inlay grammar	Approved
878	PERMANENT_ALIAS	chrysonyx_block_silverquatrefoil	chrysonyx_quatrefoil_silver_block	Chrysonyx Silver Quatrefoil Block	Chrysonyx Silver Quatrefoil Inlay	Byzantine	Published ≤1.5.2	Inlay grammar	Approved
879	PERMANENT_ALIAS	chrysonyx_block_silvertrim	chrysonyx_trim_silver_block	Chrysonyx Silver Trim Block	Chrysonyx Silver Trim Inlay	Core / Inlay	Published ≤1.5.2	Inlay grammar	Approved
880	PERMANENT_ALIAS	etruscus_block_bronzeguilloche	etruscus_guilloche_bronze_block	Etruscus Bronze Guilloche Block	Etruscus Bronze Guilloche Inlay	Byzantine	Published ≤1.5.2	Inlay grammar	Approved
881	PERMANENT_ALIAS	etruscus_block_bronzequatrefoil	etruscus_quatrefoil_bronze_block	Etruscus Bronze Quatrefoil Block	Etruscus Bronze Quatrefoil Inlay	Byzantine	Published ≤1.5.2	Inlay grammar	Approved
882	PERMANENT_ALIAS	etruscus_block_bronzetrim	etruscus_trim_bronze_block	Etruscus Bronze Trim Block	Etruscus Bronze Trim Inlay	Core / Inlay	Published ≤1.5.2	Inlay grammar	Approved
883	PERMANENT_ALIAS	etruscus_block_silverguilloche	etruscus_guilloche_silver_block	Etruscus Silver Guilloche Block	Etruscus Silver Guilloche Inlay	Byzantine	Published ≤1.5.2	Inlay grammar	Approved
884	PERMANENT_ALIAS	etruscus_block_silverquatrefoil	etruscus_quatrefoil_silver_block	Etruscus Silver Quatrefoil Block	Etruscus Silver Quatrefoil Inlay	Byzantine	Published ≤1.5.2	Inlay grammar	Approved
885	PERMANENT_ALIAS	etruscus_block_silvertrim	etruscus_trim_silver_block	Etruscus Silver Trim Block	Etruscus Silver Trim Inlay	Core / Inlay	Published ≤1.5.2	Inlay grammar	Approved
886	PERMANENT_ALIAS	gelastrum_block_bronzeguilloche	gelastrum_guilloche_bronze_block	Gelastrum Bronze Guilloche Block	Gelastrum Bronze Guilloche Inlay	Byzantine	Published ≤1.5.2	Inlay grammar	Approved
887	PERMANENT_ALIAS	gelastrum_block_bronzequatrefoil	gelastrum_quatrefoil_bronze_block	Gelastrum Bronze Quatrefoil Block	Gelastrum Bronze Quatrefoil Inlay	Byzantine	Published ≤1.5.2	Inlay grammar	Approved
888	PERMANENT_ALIAS	gelastrum_block_bronzetrim	gelastrum_trim_bronze_block	Gelastrum Bronze Trim Block	Gelastrum Bronze Trim Inlay	Core / Inlay	Published ≤1.5.2	Inlay grammar	Approved
889	PERMANENT_ALIAS	gelastrum_block_silverguilloche	gelastrum_guilloche_silver_block	Gelastrum Silver Guilloche Block	Gelastrum Silver Guilloche Inlay	Byzantine	Published ≤1.5.2	Inlay grammar	Approved
890	PERMANENT_ALIAS	gelastrum_block_silverquatrefoil	gelastrum_quatrefoil_silver_block	Gelastrum Silver Quatrefoil Block	Gelastrum Silver Quatrefoil Inlay	Byzantine	Published ≤1.5.2	Inlay grammar	Approved
891	PERMANENT_ALIAS	gelastrum_block_silvertrim	gelastrum_trim_silver_block	Gelastrum Silver Trim Block	Gelastrum Silver Trim Inlay	Core / Inlay	Published ≤1.5.2	Inlay grammar	Approved
892	PERMANENT_ALIAS	glacium_block_bronzeguilloche	glacium_guilloche_bronze_block	Glacium Bronze Guilloche Block	Glacium Bronze Guilloche Inlay	Byzantine	Published ≤1.5.2	Inlay grammar	Approved
893	PERMANENT_ALIAS	glacium_block_bronzequatrefoil	glacium_quatrefoil_bronze_block	Glacium Bronze Quatrefoil Block	Glacium Bronze Quatrefoil Inlay	Byzantine	Published ≤1.5.2	Inlay grammar	Approved
894	PERMANENT_ALIAS	glacium_block_bronzetrim	glacium_trim_bronze_block	Glacium Bronze Trim Block	Glacium Bronze Trim Inlay	Core / Inlay	Published ≤1.5.2	Inlay grammar	Approved
895	PERMANENT_ALIAS	glacium_block_silverguilloche	glacium_guilloche_silver_block	Glacium Silver Guilloche Block	Glacium Silver Guilloche Inlay	Byzantine	Published ≤1.5.2	Inlay grammar	Approved
896	PERMANENT_ALIAS	glacium_block_silverquatrefoil	glacium_quatrefoil_silver_block	Glacium Silver Quatrefoil Block	Glacium Silver Quatrefoil Inlay	Byzantine	Published ≤1.5.2	Inlay grammar	Approved
897	PERMANENT_ALIAS	glacium_block_silvertrim	glacium_trim_silver_block	Glacium Silver Trim Block	Glacium Silver Trim Inlay	Core / Inlay	Published ≤1.5.2	Inlay grammar	Approved
898	PERMANENT_ALIAS	hesperion_block_bronzeguilloche	hesperion_guilloche_bronze_block	Hesperion Bronze Guilloche Block	Hesperion Bronze Guilloche Inlay	Byzantine	Published ≤1.5.2	Inlay grammar	Approved
899	PERMANENT_ALIAS	hesperion_block_bronzequatrefoil	hesperion_quatrefoil_bronze_block	Hesperion Bronze Quatrefoil Block	Hesperion Bronze Quatrefoil Inlay	Byzantine	Published ≤1.5.2	Inlay grammar	Approved
900	PERMANENT_ALIAS	hesperion_block_bronzetrim	hesperion_trim_bronze_block	Hesperion Bronze Trim Block	Hesperion Bronze Trim Inlay	Core / Inlay	Published ≤1.5.2	Inlay grammar	Approved
901	PERMANENT_ALIAS	hesperion_block_silverguilloche	hesperion_guilloche_silver_block	Hesperion Silver Guilloche Block	Hesperion Silver Guilloche Inlay	Byzantine	Published ≤1.5.2	Inlay grammar	Approved
902	PERMANENT_ALIAS	hesperion_block_silverquatrefoil	hesperion_quatrefoil_silver_block	Hesperion Silver Quatrefoil Block	Hesperion Silver Quatrefoil Inlay	Byzantine	Published ≤1.5.2	Inlay grammar	Approved
903	PERMANENT_ALIAS	hesperion_block_silvertrim	hesperion_trim_silver_block	Hesperion Silver Trim Block	Hesperion Silver Trim Inlay	Core / Inlay	Published ≤1.5.2	Inlay grammar	Approved
904	PERMANENT_ALIAS	imperium_block_bronzeguilloche	imperium_guilloche_bronze_block	Imperium Bronze Guilloche Block	Imperium Bronze Guilloche Inlay	Byzantine	Published ≤1.5.2	Inlay grammar	Approved
905	PERMANENT_ALIAS	imperium_block_bronzequatrefoil	imperium_quatrefoil_bronze_block	Imperium Bronze Quatrefoil Block	Imperium Bronze Quatrefoil Inlay	Byzantine	Published ≤1.5.2	Inlay grammar	Approved
906	PERMANENT_ALIAS	imperium_block_bronzetrim	imperium_trim_bronze_block	Imperium Bronze Trim Block	Imperium Bronze Trim Inlay	Core / Inlay	Published ≤1.5.2	Inlay grammar	Approved
907	PERMANENT_ALIAS	imperium_block_silverguilloche	imperium_guilloche_silver_block	Imperium Silver Guilloche Block	Imperium Silver Guilloche Inlay	Byzantine	Published ≤1.5.2	Inlay grammar	Approved
908	PERMANENT_ALIAS	imperium_block_silverquatrefoil	imperium_quatrefoil_silver_block	Imperium Silver Quatrefoil Block	Imperium Silver Quatrefoil Inlay	Byzantine	Published ≤1.5.2	Inlay grammar	Approved
909	PERMANENT_ALIAS	imperium_block_silvertrim	imperium_trim_silver_block	Imperium Silver Trim Block	Imperium Silver Trim Inlay	Core / Inlay	Published ≤1.5.2	Inlay grammar	Approved
910	PERMANENT_ALIAS	kylorion_block_bronzeguilloche	kylorion_guilloche_bronze_block	Kylorion Bronze Guilloche Block	Kylorion Bronze Guilloche Inlay	Byzantine	Published ≤1.5.2	Inlay grammar	Approved
911	PERMANENT_ALIAS	kylorion_block_bronzequatrefoil	kylorion_quatrefoil_bronze_block	Kylorion Bronze Quatrefoil Block	Kylorion Bronze Quatrefoil Inlay	Byzantine	Published ≤1.5.2	Inlay grammar	Approved
912	PERMANENT_ALIAS	kylorion_block_bronzetrim	kylorion_trim_bronze_block	Kylorion Bronze Trim Block	Kylorion Bronze Trim Inlay	Core / Inlay	Published ≤1.5.2	Inlay grammar	Approved
913	PERMANENT_ALIAS	kylorion_block_silverguilloche	kylorion_guilloche_silver_block	Kylorion Silver Guilloche Block	Kylorion Silver Guilloche Inlay	Byzantine	Published ≤1.5.2	Inlay grammar	Approved
914	PERMANENT_ALIAS	kylorion_block_silverquatrefoil	kylorion_quatrefoil_silver_block	Kylorion Silver Quatrefoil Block	Kylorion Silver Quatrefoil Inlay	Byzantine	Published ≤1.5.2	Inlay grammar	Approved
915	PERMANENT_ALIAS	kylorion_block_silvertrim	kylorion_trim_silver_block	Kylorion Silver Trim Block	Kylorion Silver Trim Inlay	Core / Inlay	Published ≤1.5.2	Inlay grammar	Approved
916	PERMANENT_ALIAS	laurentium_block_bronzeguilloche	laurentium_guilloche_bronze_block	Laurentium Bronze Guilloche Block	Laurentium Bronze Guilloche Inlay	Byzantine	Published ≤1.5.2	Inlay grammar	Approved
917	PERMANENT_ALIAS	laurentium_block_bronzequatrefoil	laurentium_quatrefoil_bronze_block	Laurentium Bronze Quatrefoil Block	Laurentium Bronze Quatrefoil Inlay	Byzantine	Published ≤1.5.2	Inlay grammar	Approved
918	PERMANENT_ALIAS	laurentium_block_bronzetrim	laurentium_trim_bronze_block	Laurentium Bronze Trim Block	Laurentium Bronze Trim Inlay	Core / Inlay	Published ≤1.5.2	Inlay grammar	Approved
919	PERMANENT_ALIAS	laurentium_block_silverguilloche	laurentium_guilloche_silver_block	Laurentium Silver Guilloche Block	Laurentium Silver Guilloche Inlay	Byzantine	Published ≤1.5.2	Inlay grammar	Approved
920	PERMANENT_ALIAS	laurentium_block_silverquatrefoil	laurentium_quatrefoil_silver_block	Laurentium Silver Quatrefoil Block	Laurentium Silver Quatrefoil Inlay	Byzantine	Published ≤1.5.2	Inlay grammar	Approved
921	PERMANENT_ALIAS	laurentium_block_silvertrim	laurentium_trim_silver_block	Laurentium Silver Trim Block	Laurentium Silver Trim Inlay	Core / Inlay	Published ≤1.5.2	Inlay grammar	Approved
922	PERMANENT_ALIAS	mielonyx_block_bronzeguilloche	mielonyx_guilloche_bronze_block	Mielonyx Bronze Guilloche Block	Mielonyx Bronze Guilloche Inlay	Byzantine	Published ≤1.5.2	Inlay grammar	Approved
923	PERMANENT_ALIAS	mielonyx_block_bronzequatrefoil	mielonyx_quatrefoil_bronze_block	Mielonyx Bronze Quatrefoil Block	Mielonyx Bronze Quatrefoil Inlay	Byzantine	Published ≤1.5.2	Inlay grammar	Approved
924	PERMANENT_ALIAS	mielonyx_block_bronzetrim	mielonyx_trim_bronze_block	Mielonyx Bronze Trim Block	Mielonyx Bronze Trim Inlay	Core / Inlay	Published ≤1.5.2	Inlay grammar	Approved
925	PERMANENT_ALIAS	mielonyx_block_silverguilloche	mielonyx_guilloche_silver_block	Mielonyx Silver Guilloche Block	Mielonyx Silver Guilloche Inlay	Byzantine	Published ≤1.5.2	Inlay grammar	Approved
926	PERMANENT_ALIAS	mielonyx_block_silverquatrefoil	mielonyx_quatrefoil_silver_block	Mielonyx Silver Quatrefoil Block	Mielonyx Silver Quatrefoil Inlay	Byzantine	Published ≤1.5.2	Inlay grammar	Approved
927	PERMANENT_ALIAS	mielonyx_block_silvertrim	mielonyx_trim_silver_block	Mielonyx Silver Trim Block	Mielonyx Silver Trim Inlay	Core / Inlay	Published ≤1.5.2	Inlay grammar	Approved
928	PERMANENT_ALIAS	nerium_block_bronzeguilloche	nerium_guilloche_bronze_block	Nerium Bronze Guilloche Block	Nerium Bronze Guilloche Inlay	Byzantine	Published ≤1.5.2	Inlay grammar	Approved
929	PERMANENT_ALIAS	nerium_block_bronzequatrefoil	nerium_quatrefoil_bronze_block	Nerium Bronze Quatrefoil Block	Nerium Bronze Quatrefoil Inlay	Byzantine	Published ≤1.5.2	Inlay grammar	Approved
930	PERMANENT_ALIAS	nerium_block_bronzetrim	nerium_trim_bronze_block	Nerium Bronze Trim Block	Nerium Bronze Trim Inlay	Core / Inlay	Published ≤1.5.2	Inlay grammar	Approved
931	PERMANENT_ALIAS	nerium_block_silverguilloche	nerium_guilloche_silver_block	Nerium Silver Guilloche Block	Nerium Silver Guilloche Inlay	Byzantine	Published ≤1.5.2	Inlay grammar	Approved
932	PERMANENT_ALIAS	nerium_block_silverquatrefoil	nerium_quatrefoil_silver_block	Nerium Silver Quatrefoil Block	Nerium Silver Quatrefoil Inlay	Byzantine	Published ≤1.5.2	Inlay grammar	Approved
933	PERMANENT_ALIAS	nerium_block_silvertrim	nerium_trim_silver_block	Nerium Silver Trim Block	Nerium Silver Trim Inlay	Core / Inlay	Published ≤1.5.2	Inlay grammar	Approved
934	PERMANENT_ALIAS	noxoplis_block_bronzeguilloche	noxoplis_guilloche_bronze_block	Noxoplis Bronze Guilloche Block	Noxoplis Bronze Guilloche Inlay	Byzantine	Published ≤1.5.2	Inlay grammar	Approved
935	PERMANENT_ALIAS	noxoplis_block_bronzequatrefoil	noxoplis_quatrefoil_bronze_block	Noxoplis Bronze Quatrefoil Block	Noxoplis Bronze Quatrefoil Inlay	Byzantine	Published ≤1.5.2	Inlay grammar	Approved
936	PERMANENT_ALIAS	noxoplis_block_bronzetrim	noxoplis_trim_bronze_block	Noxoplis Bronze Trim Block	Noxoplis Bronze Trim Inlay	Core / Inlay	Published ≤1.5.2	Inlay grammar	Approved
937	PERMANENT_ALIAS	noxoplis_block_silverguilloche	noxoplis_guilloche_silver_block	Noxoplis Silver Guilloche Block	Noxoplis Silver Guilloche Inlay	Byzantine	Published ≤1.5.2	Inlay grammar	Approved
938	PERMANENT_ALIAS	noxoplis_block_silverquatrefoil	noxoplis_quatrefoil_silver_block	Noxoplis Silver Quatrefoil Block	Noxoplis Silver Quatrefoil Inlay	Byzantine	Published ≤1.5.2	Inlay grammar	Approved
939	PERMANENT_ALIAS	noxoplis_block_silvertrim	noxoplis_trim_silver_block	Noxoplis Silver Trim Block	Noxoplis Silver Trim Inlay	Core / Inlay	Published ≤1.5.2	Inlay grammar	Approved
940	PERMANENT_ALIAS	porphyros_block_bronzeguilloche	porphyros_guilloche_bronze_block	Porphyros Bronze Guilloche Block	Porphyros Bronze Guilloche Inlay	Byzantine	Published ≤1.5.2	Inlay grammar	Approved
941	PERMANENT_ALIAS	porphyros_block_bronzequatrefoil	porphyros_quatrefoil_bronze_block	Porphyros Bronze Quatrefoil Block	Porphyros Bronze Quatrefoil Inlay	Byzantine	Published ≤1.5.2	Inlay grammar	Approved
942	PERMANENT_ALIAS	porphyros_block_bronzetrim	porphyros_trim_bronze_block	Porphyros Bronze Trim Block	Porphyros Bronze Trim Inlay	Core / Inlay	Published ≤1.5.2	Inlay grammar	Approved
943	PERMANENT_ALIAS	porphyros_block_silverguilloche	porphyros_guilloche_silver_block	Porphyros Silver Guilloche Block	Porphyros Silver Guilloche Inlay	Byzantine	Published ≤1.5.2	Inlay grammar	Approved
944	PERMANENT_ALIAS	porphyros_block_silverquatrefoil	porphyros_quatrefoil_silver_block	Porphyros Silver Quatrefoil Block	Porphyros Silver Quatrefoil Inlay	Byzantine	Published ≤1.5.2	Inlay grammar	Approved
945	PERMANENT_ALIAS	porphyros_block_silvertrim	porphyros_trim_silver_block	Porphyros Silver Trim Block	Porphyros Silver Trim Inlay	Core / Inlay	Published ≤1.5.2	Inlay grammar	Approved
946	PERMANENT_ALIAS	portorium_block_bronzeguilloche	portorium_guilloche_bronze_block	Portorium Bronze Guilloche Block	Portorium Bronze Guilloche Inlay	Byzantine	Published ≤1.5.2	Inlay grammar	Approved
947	PERMANENT_ALIAS	portorium_block_bronzequatrefoil	portorium_quatrefoil_bronze_block	Portorium Bronze Quatrefoil Block	Portorium Bronze Quatrefoil Inlay	Byzantine	Published ≤1.5.2	Inlay grammar	Approved
948	PERMANENT_ALIAS	portorium_block_bronzetrim	portorium_trim_bronze_block	Portorium Bronze Trim Block	Portorium Bronze Trim Inlay	Core / Inlay	Published ≤1.5.2	Inlay grammar	Approved
949	PERMANENT_ALIAS	portorium_block_silverguilloche	portorium_guilloche_silver_block	Portorium Silver Guilloche Block	Portorium Silver Guilloche Inlay	Byzantine	Published ≤1.5.2	Inlay grammar	Approved
950	PERMANENT_ALIAS	portorium_block_silverquatrefoil	portorium_quatrefoil_silver_block	Portorium Silver Quatrefoil Block	Portorium Silver Quatrefoil Inlay	Byzantine	Published ≤1.5.2	Inlay grammar	Approved
951	PERMANENT_ALIAS	portorium_block_silvertrim	portorium_trim_silver_block	Portorium Silver Trim Block	Portorium Silver Trim Inlay	Core / Inlay	Published ≤1.5.2	Inlay grammar	Approved
952	PERMANENT_ALIAS	rosinium_block_bronzeguilloche	rosinium_guilloche_bronze_block	Rosinium Bronze Guilloche Block	Rosinium Bronze Guilloche Inlay	Byzantine	Published ≤1.5.2	Inlay grammar	Approved
953	PERMANENT_ALIAS	rosinium_block_bronzequatrefoil	rosinium_quatrefoil_bronze_block	Rosinium Bronze Quatrefoil Block	Rosinium Bronze Quatrefoil Inlay	Byzantine	Published ≤1.5.2	Inlay grammar	Approved
954	PERMANENT_ALIAS	rosinium_block_bronzetrim	rosinium_trim_bronze_block	Rosinium Bronze Trim Block	Rosinium Bronze Trim Inlay	Core / Inlay	Published ≤1.5.2	Inlay grammar	Approved
955	PERMANENT_ALIAS	rosinium_block_silverguilloche	rosinium_guilloche_silver_block	Rosinium Silver Guilloche Block	Rosinium Silver Guilloche Inlay	Byzantine	Published ≤1.5.2	Inlay grammar	Approved
956	PERMANENT_ALIAS	rosinium_block_silverquatrefoil	rosinium_quatrefoil_silver_block	Rosinium Silver Quatrefoil Block	Rosinium Silver Quatrefoil Inlay	Byzantine	Published ≤1.5.2	Inlay grammar	Approved
957	PERMANENT_ALIAS	rosinium_block_silvertrim	rosinium_trim_silver_block	Rosinium Silver Trim Block	Rosinium Silver Trim Inlay	Core / Inlay	Published ≤1.5.2	Inlay grammar	Approved
958	PERMANENT_ALIAS	sanguenite_block_bronzeguilloche	sanguenite_guilloche_bronze_block	Sanguenite Bronze Guilloche Block	Sanguenite Bronze Guilloche Inlay	Byzantine	Published ≤1.5.2	Inlay grammar	Approved
959	PERMANENT_ALIAS	sanguenite_block_bronzequatrefoil	sanguenite_quatrefoil_bronze_block	Sanguenite Bronze Quatrefoil Block	Sanguenite Bronze Quatrefoil Inlay	Byzantine	Published ≤1.5.2	Inlay grammar	Approved
960	PERMANENT_ALIAS	sanguenite_block_bronzetrim	sanguenite_trim_bronze_block	Sanguenite Bronze Trim Block	Sanguenite Bronze Trim Inlay	Core / Inlay	Published ≤1.5.2	Inlay grammar	Approved
961	PERMANENT_ALIAS	sanguenite_block_silverguilloche	sanguenite_guilloche_silver_block	Sanguenite Silver Guilloche Block	Sanguenite Silver Guilloche Inlay	Byzantine	Published ≤1.5.2	Inlay grammar	Approved
962	PERMANENT_ALIAS	sanguenite_block_silverquatrefoil	sanguenite_quatrefoil_silver_block	Sanguenite Silver Quatrefoil Block	Sanguenite Silver Quatrefoil Inlay	Byzantine	Published ≤1.5.2	Inlay grammar	Approved
963	PERMANENT_ALIAS	sanguenite_block_silvertrim	sanguenite_trim_silver_block	Sanguenite Silver Trim Block	Sanguenite Silver Trim Inlay	Core / Inlay	Published ≤1.5.2	Inlay grammar	Approved
964	PERMANENT_ALIAS	selenephos_block_bronzeguilloche	selenephos_guilloche_bronze_block	Selenephos Bronze Guilloche Block	Selenephos Bronze Guilloche Inlay	Byzantine	Published ≤1.5.2	Inlay grammar	Approved
965	PERMANENT_ALIAS	selenephos_block_bronzequatrefoil	selenephos_quatrefoil_bronze_block	Selenephos Bronze Quatrefoil Block	Selenephos Bronze Quatrefoil Inlay	Byzantine	Published ≤1.5.2	Inlay grammar	Approved
966	PERMANENT_ALIAS	selenephos_block_bronzetrim	selenephos_trim_bronze_block	Selenephos Bronze Trim Block	Selenephos Bronze Trim Inlay	Core / Inlay	Published ≤1.5.2	Inlay grammar	Approved
967	PERMANENT_ALIAS	selenephos_block_silverguilloche	selenephos_guilloche_silver_block	Selenephos Silver Guilloche Block	Selenephos Silver Guilloche Inlay	Byzantine	Published ≤1.5.2	Inlay grammar	Approved
968	PERMANENT_ALIAS	selenephos_block_silverquatrefoil	selenephos_quatrefoil_silver_block	Selenephos Silver Quatrefoil Block	Selenephos Silver Quatrefoil Inlay	Byzantine	Published ≤1.5.2	Inlay grammar	Approved
969	PERMANENT_ALIAS	selenephos_block_silvertrim	selenephos_trim_silver_block	Selenephos Silver Trim Block	Selenephos Silver Trim Inlay	Core / Inlay	Published ≤1.5.2	Inlay grammar	Approved
970	PERMANENT_ALIAS	solistra_block_bronzeguilloche	solistra_guilloche_bronze_block	Solistra Bronze Guilloche Block	Solistra Bronze Guilloche Inlay	Byzantine	Published ≤1.5.2	Inlay grammar	Approved
971	PERMANENT_ALIAS	solistra_block_bronzequatrefoil	solistra_quatrefoil_bronze_block	Solistra Bronze Quatrefoil Block	Solistra Bronze Quatrefoil Inlay	Byzantine	Published ≤1.5.2	Inlay grammar	Approved
972	PERMANENT_ALIAS	solistra_block_bronzetrim	solistra_trim_bronze_block	Solistra Bronze Trim Block	Solistra Bronze Trim Inlay	Core / Inlay	Published ≤1.5.2	Inlay grammar	Approved
973	PERMANENT_ALIAS	solistra_block_silverguilloche	solistra_guilloche_silver_block	Solistra Silver Guilloche Block	Solistra Silver Guilloche Inlay	Byzantine	Published ≤1.5.2	Inlay grammar	Approved
974	PERMANENT_ALIAS	solistra_block_silverquatrefoil	solistra_quatrefoil_silver_block	Solistra Silver Quatrefoil Block	Solistra Silver Quatrefoil Inlay	Byzantine	Published ≤1.5.2	Inlay grammar	Approved
975	PERMANENT_ALIAS	solistra_block_silvertrim	solistra_trim_silver_block	Solistra Silver Trim Block	Solistra Silver Trim Inlay	Core / Inlay	Published ≤1.5.2	Inlay grammar	Approved
976	PERMANENT_ALIAS	striatus_block_bronzeguilloche	striatus_guilloche_bronze_block	Striatus Bronze Guilloche Block	Striatus Bronze Guilloche Inlay	Byzantine	Published ≤1.5.2	Inlay grammar	Approved
977	PERMANENT_ALIAS	striatus_block_bronzequatrefoil	striatus_quatrefoil_bronze_block	Striatus Bronze Quatrefoil Block	Striatus Bronze Quatrefoil Inlay	Byzantine	Published ≤1.5.2	Inlay grammar	Approved
978	PERMANENT_ALIAS	striatus_block_bronzetrim	striatus_trim_bronze_block	Striatus Bronze Trim Block	Striatus Bronze Trim Inlay	Core / Inlay	Published ≤1.5.2	Inlay grammar	Approved
979	PERMANENT_ALIAS	striatus_block_silverguilloche	striatus_guilloche_silver_block	Striatus Silver Guilloche Block	Striatus Silver Guilloche Inlay	Byzantine	Published ≤1.5.2	Inlay grammar	Approved
980	PERMANENT_ALIAS	striatus_block_silverquatrefoil	striatus_quatrefoil_silver_block	Striatus Silver Quatrefoil Block	Striatus Silver Quatrefoil Inlay	Byzantine	Published ≤1.5.2	Inlay grammar	Approved
981	PERMANENT_ALIAS	striatus_block_silvertrim	striatus_trim_silver_block	Striatus Silver Trim Block	Striatus Silver Trim Inlay	Core / Inlay	Published ≤1.5.2	Inlay grammar	Approved
982	PERMANENT_ALIAS	aganite_block_bronzerose	aganite_rosette_bronze_block	Aganite Bronze Rose Block	Aganite Bronze Rosette Inlay	Byzantine	Published ≤1.5.2	Inlay grammar; Rose → Rosette	Approved
983	PERMANENT_ALIAS	aganite_block_silverrose	aganite_rosette_silver_block	Aganite Silver Rose Block	Aganite Silver Rosette Inlay	Byzantine	Published ≤1.5.2	Inlay grammar; Rose → Rosette	Approved
984	PERMANENT_ALIAS	aterzon_block_bronzerose	aterzon_rosette_bronze_block	Aterzon Bronze Rose Block	Aterzon Bronze Rosette Inlay	Byzantine	Published ≤1.5.2	Inlay grammar; Rose → Rosette	Approved
985	PERMANENT_ALIAS	aterzon_block_silverrose	aterzon_rosette_silver_block	Aterzon Silver Rose Block	Aterzon Silver Rosette Inlay	Byzantine	Published ≤1.5.2	Inlay grammar; Rose → Rosette	Approved
986	PERMANENT_ALIAS	borealis_block_bronzerose	borealis_rosette_bronze_block	Borealis Bronze Rose Block	Borealis Bronze Rosette Inlay	Byzantine	Published ≤1.5.2	Inlay grammar; Rose → Rosette	Approved
987	PERMANENT_ALIAS	borealis_block_silverrose	borealis_rosette_silver_block	Borealis Silver Rose Block	Borealis Silver Rosette Inlay	Byzantine	Published ≤1.5.2	Inlay grammar; Rose → Rosette	Approved
988	PERMANENT_ALIAS	brectite_block_bronzerose	brectite_rosette_bronze_block	Brectite Bronze Rose Block	Brectite Bronze Rosette Inlay	Byzantine	Published ≤1.5.2	Inlay grammar; Rose → Rosette	Approved
989	PERMANENT_ALIAS	brectite_block_silverrose	brectite_rosette_silver_block	Brectite Silver Rose Block	Brectite Silver Rosette Inlay	Byzantine	Published ≤1.5.2	Inlay grammar; Rose → Rosette	Approved
990	PERMANENT_ALIAS	calacattum_block_bronzerose	calacattum_rosette_bronze_block	Calacattum Bronze Rose Block	Calacattum Bronze Rosette Inlay	Byzantine	Published ≤1.5.2	Inlay grammar; Rose → Rosette	Approved
991	PERMANENT_ALIAS	calacattum_block_silverrose	calacattum_rosette_silver_block	Calacattum Silver Rose Block	Calacattum Silver Rosette Inlay	Byzantine	Published ≤1.5.2	Inlay grammar; Rose → Rosette	Approved
992	PERMANENT_ALIAS	chalstrom_block_bronzerose	chalstrom_rosette_bronze_block	Chalstrom Bronze Rose Block	Chalstrom Bronze Rosette Inlay	Byzantine	Published ≤1.5.2	Inlay grammar; Rose → Rosette	Approved
993	PERMANENT_ALIAS	chalstrom_block_silverrose	chalstrom_rosette_silver_block	Chalstrom Silver Rose Block	Chalstrom Silver Rosette Inlay	Byzantine	Published ≤1.5.2	Inlay grammar; Rose → Rosette	Approved
994	PERMANENT_ALIAS	chrysonyx_block_bronzerose	chrysonyx_rosette_bronze_block	Chrysonyx Bronze Rose Block	Chrysonyx Bronze Rosette Inlay	Byzantine	Published ≤1.5.2	Inlay grammar; Rose → Rosette	Approved
995	PERMANENT_ALIAS	chrysonyx_block_silverrose	chrysonyx_rosette_silver_block	Chrysonyx Silver Rose Block	Chrysonyx Silver Rosette Inlay	Byzantine	Published ≤1.5.2	Inlay grammar; Rose → Rosette	Approved
996	PERMANENT_ALIAS	etruscus_block_bronzerose	etruscus_rosette_bronze_block	Etruscus Bronze Rose Block	Etruscus Bronze Rosette Inlay	Byzantine	Published ≤1.5.2	Inlay grammar; Rose → Rosette	Approved
997	PERMANENT_ALIAS	etruscus_block_silverrose	etruscus_rosette_silver_block	Etruscus Silver Rose Block	Etruscus Silver Rosette Inlay	Byzantine	Published ≤1.5.2	Inlay grammar; Rose → Rosette	Approved
998	PERMANENT_ALIAS	gelastrum_block_bronzerose	gelastrum_rosette_bronze_block	Gelastrum Bronze Rose Block	Gelastrum Bronze Rosette Inlay	Byzantine	Published ≤1.5.2	Inlay grammar; Rose → Rosette	Approved
999	PERMANENT_ALIAS	gelastrum_block_silverrose	gelastrum_rosette_silver_block	Gelastrum Silver Rose Block	Gelastrum Silver Rosette Inlay	Byzantine	Published ≤1.5.2	Inlay grammar; Rose → Rosette	Approved
1000	PERMANENT_ALIAS	glacium_block_bronzerose	glacium_rosette_bronze_block	Glacium Bronze Rose Block	Glacium Bronze Rosette Inlay	Byzantine	Published ≤1.5.2	Inlay grammar; Rose → Rosette	Approved
1001	PERMANENT_ALIAS	glacium_block_silverrose	glacium_rosette_silver_block	Glacium Silver Rose Block	Glacium Silver Rosette Inlay	Byzantine	Published ≤1.5.2	Inlay grammar; Rose → Rosette	Approved
1002	PERMANENT_ALIAS	hesperion_block_bronzerose	hesperion_rosette_bronze_block	Hesperion Bronze Rose Block	Hesperion Bronze Rosette Inlay	Byzantine	Published ≤1.5.2	Inlay grammar; Rose → Rosette	Approved
1003	PERMANENT_ALIAS	hesperion_block_silverrose	hesperion_rosette_silver_block	Hesperion Silver Rose Block	Hesperion Silver Rosette Inlay	Byzantine	Published ≤1.5.2	Inlay grammar; Rose → Rosette	Approved
1004	PERMANENT_ALIAS	imperium_block_bronzerose	imperium_rosette_bronze_block	Imperium Bronze Rose Block	Imperium Bronze Rosette Inlay	Byzantine	Published ≤1.5.2	Inlay grammar; Rose → Rosette	Approved
1005	PERMANENT_ALIAS	imperium_block_silverrose	imperium_rosette_silver_block	Imperium Silver Rose Block	Imperium Silver Rosette Inlay	Byzantine	Published ≤1.5.2	Inlay grammar; Rose → Rosette	Approved
1006	PERMANENT_ALIAS	kylorion_block_bronzerose	kylorion_rosette_bronze_block	Kylorion Bronze Rose Block	Kylorion Bronze Rosette Inlay	Byzantine	Published ≤1.5.2	Inlay grammar; Rose → Rosette	Approved
1007	PERMANENT_ALIAS	kylorion_block_silverrose	kylorion_rosette_silver_block	Kylorion Silver Rose Block	Kylorion Silver Rosette Inlay	Byzantine	Published ≤1.5.2	Inlay grammar; Rose → Rosette	Approved
1008	PERMANENT_ALIAS	laurentium_block_bronzerose	laurentium_rosette_bronze_block	Laurentium Bronze Rose Block	Laurentium Bronze Rosette Inlay	Byzantine	Published ≤1.5.2	Inlay grammar; Rose → Rosette	Approved
1009	PERMANENT_ALIAS	laurentium_block_silverrose	laurentium_rosette_silver_block	Laurentium Silver Rose Block	Laurentium Silver Rosette Inlay	Byzantine	Published ≤1.5.2	Inlay grammar; Rose → Rosette	Approved
1010	PERMANENT_ALIAS	mielonyx_block_bronzerose	mielonyx_rosette_bronze_block	Mielonyx Bronze Rose Block	Mielonyx Bronze Rosette Inlay	Byzantine	Published ≤1.5.2	Inlay grammar; Rose → Rosette	Approved
1011	PERMANENT_ALIAS	mielonyx_block_silverrose	mielonyx_rosette_silver_block	Mielonyx Silver Rose Block	Mielonyx Silver Rosette Inlay	Byzantine	Published ≤1.5.2	Inlay grammar; Rose → Rosette	Approved
1012	PERMANENT_ALIAS	nerium_block_bronzerose	nerium_rosette_bronze_block	Nerium Bronze Rose Block	Nerium Bronze Rosette Inlay	Byzantine	Published ≤1.5.2	Inlay grammar; Rose → Rosette	Approved
1013	PERMANENT_ALIAS	nerium_block_silverrose	nerium_rosette_silver_block	Nerium Silver Rose Block	Nerium Silver Rosette Inlay	Byzantine	Published ≤1.5.2	Inlay grammar; Rose → Rosette	Approved
1014	PERMANENT_ALIAS	noxoplis_block_bronzerose	noxoplis_rosette_bronze_block	Noxoplis Bronze Rose Block	Noxoplis Bronze Rosette Inlay	Byzantine	Published ≤1.5.2	Inlay grammar; Rose → Rosette	Approved
1015	PERMANENT_ALIAS	noxoplis_block_silverrose	noxoplis_rosette_silver_block	Noxoplis Silver Rose Block	Noxoplis Silver Rosette Inlay	Byzantine	Published ≤1.5.2	Inlay grammar; Rose → Rosette	Approved
1016	PERMANENT_ALIAS	porphyros_block_bronzerose	porphyros_rosette_bronze_block	Porphyros Bronze Rose Block	Porphyros Bronze Rosette Inlay	Byzantine	Published ≤1.5.2	Inlay grammar; Rose → Rosette	Approved
1017	PERMANENT_ALIAS	porphyros_block_silverrose	porphyros_rosette_silver_block	Porphyros Silver Rose Block	Porphyros Silver Rosette Inlay	Byzantine	Published ≤1.5.2	Inlay grammar; Rose → Rosette	Approved
1018	PERMANENT_ALIAS	portorium_block_bronzerose	portorium_rosette_bronze_block	Portorium Bronze Rose Block	Portorium Bronze Rosette Inlay	Byzantine	Published ≤1.5.2	Inlay grammar; Rose → Rosette	Approved
1019	PERMANENT_ALIAS	portorium_block_silverrose	portorium_rosette_silver_block	Portorium Silver Rose Block	Portorium Silver Rosette Inlay	Byzantine	Published ≤1.5.2	Inlay grammar; Rose → Rosette	Approved
1020	PERMANENT_ALIAS	rosinium_block_bronzerose	rosinium_rosette_bronze_block	Rosinium Bronze Rose Block	Rosinium Bronze Rosette Inlay	Byzantine	Published ≤1.5.2	Inlay grammar; Rose → Rosette	Approved
1021	PERMANENT_ALIAS	rosinium_block_silverrose	rosinium_rosette_silver_block	Rosinium Silver Rose Block	Rosinium Silver Rosette Inlay	Byzantine	Published ≤1.5.2	Inlay grammar; Rose → Rosette	Approved
1022	PERMANENT_ALIAS	sanguenite_block_bronzerose	sanguenite_rosette_bronze_block	Sanguenite Bronze Rose Block	Sanguenite Bronze Rosette Inlay	Byzantine	Published ≤1.5.2	Inlay grammar; Rose → Rosette	Approved
1023	PERMANENT_ALIAS	sanguenite_block_silverrose	sanguenite_rosette_silver_block	Sanguenite Silver Rose Block	Sanguenite Silver Rosette Inlay	Byzantine	Published ≤1.5.2	Inlay grammar; Rose → Rosette	Approved
1024	PERMANENT_ALIAS	selenephos_block_bronzerose	selenephos_rosette_bronze_block	Selenephos Bronze Rose Block	Selenephos Bronze Rosette Inlay	Byzantine	Published ≤1.5.2	Inlay grammar; Rose → Rosette	Approved
1025	PERMANENT_ALIAS	selenephos_block_silverrose	selenephos_rosette_silver_block	Selenephos Silver Rose Block	Selenephos Silver Rosette Inlay	Byzantine	Published ≤1.5.2	Inlay grammar; Rose → Rosette	Approved
1026	PERMANENT_ALIAS	solistra_block_bronzerose	solistra_rosette_bronze_block	Solistra Bronze Rose Block	Solistra Bronze Rosette Inlay	Byzantine	Published ≤1.5.2	Inlay grammar; Rose → Rosette	Approved
1027	PERMANENT_ALIAS	solistra_block_silverrose	solistra_rosette_silver_block	Solistra Silver Rose Block	Solistra Silver Rosette Inlay	Byzantine	Published ≤1.5.2	Inlay grammar; Rose → Rosette	Approved
1028	PERMANENT_ALIAS	striatus_block_bronzerose	striatus_rosette_bronze_block	Striatus Bronze Rose Block	Striatus Bronze Rosette Inlay	Byzantine	Published ≤1.5.2	Inlay grammar; Rose → Rosette	Approved
1029	PERMANENT_ALIAS	striatus_block_silverrose	striatus_rosette_silver_block	Striatus Silver Rose Block	Striatus Silver Rosette Inlay	Byzantine	Published ≤1.5.2	Inlay grammar; Rose → Rosette	Approved
1030	PERMANENT_ALIAS	aganite_ashlar_horizontal_slice	aganite_ashlar_slice_horizontal	Aganite Ashlar Horizontal Slice	Aganite Ashlar Horizontal Slice	Core / Inlay	Published ≤1.5.2	Slice order	Approved
1031	PERMANENT_ALIAS	aganite_ashlar_vertical_slice	aganite_ashlar_slice_vertical	Aganite Ashlar Vertical Slice	Aganite Ashlar Vertical Slice	Core / Inlay	Published ≤1.5.2	Slice order	Approved
1032	PERMANENT_ALIAS	aganite_herringbone_bronze_horizontal_slice	aganite_herringbone_bronze_slice_horizontal	Aganite Bronze Herringbone Horizontal Slice	Aganite Bronze Herringbone Horizontal Slice	Core / Inlay	Published ≤1.5.2	Slice order	Approved
1033	PERMANENT_ALIAS	aganite_herringbone_bronze_vertical_slice	aganite_herringbone_bronze_slice_vertical	Aganite Bronze Herringbone Vertical Slice	Aganite Bronze Herringbone Vertical Slice	Core / Inlay	Published ≤1.5.2	Slice order	Approved
1034	PERMANENT_ALIAS	aganite_herringbone_grout_horizontal_slice	aganite_herringbone_grout_slice_horizontal	Aganite Herringbone Grout Horizontal Slice	Aganite Herringbone Grout Horizontal Slice	Core / Inlay	Published ≤1.5.2	Slice order	Approved
1035	PERMANENT_ALIAS	aganite_herringbone_grout_vertical_slice	aganite_herringbone_grout_slice_vertical	Aganite Herringbone Grout Vertical Slice	Aganite Herringbone Grout Vertical Slice	Core / Inlay	Published ≤1.5.2	Slice order	Approved
1036	PERMANENT_ALIAS	aganite_hewn_horizontal_slice	aganite_hewn_slice_horizontal	Aganite Hewn Horizontal Slice	Aganite Hewn Horizontal Slice	Core / Inlay	Published ≤1.5.2	Slice order	Approved
1037	PERMANENT_ALIAS	aganite_hewn_vertical_slice	aganite_hewn_slice_vertical	Aganite Hewn Vertical Slice	Aganite Hewn Vertical Slice	Core / Inlay	Published ≤1.5.2	Slice order	Approved
1038	PERMANENT_ALIAS	aganite_horizontal_slice	aganite_slice_horizontal	Aganite Horizontal Slice	Aganite Horizontal Slice	Core / Inlay	Published ≤1.5.2	Slice order	Approved
1039	PERMANENT_ALIAS	aganite_rusticated_horizontal_slice	aganite_rusticated_slice_horizontal	Aganite Rusticated Horizontal Slice	Aganite Rusticated Horizontal Slice	Core / Inlay	Published ≤1.5.2	Slice order	Approved
1040	PERMANENT_ALIAS	aganite_rusticated_vertical_slice	aganite_rusticated_slice_vertical	Aganite Rusticated Vertical Slice	Aganite Rusticated Vertical Slice	Core / Inlay	Published ≤1.5.2	Slice order	Approved
1041	PERMANENT_ALIAS	aganite_vertical_slice	aganite_slice_vertical	Aganite Vertical Slice	Aganite Vertical Slice	Core / Inlay	Published ≤1.5.2	Slice order	Approved
1042	PERMANENT_ALIAS	aterzon_ashlar_horizontal_slice	aterzon_ashlar_slice_horizontal	Aterzon Ashlar Horizontal Slice	Aterzon Ashlar Horizontal Slice	Core / Inlay	Published ≤1.5.2	Slice order	Approved
1043	PERMANENT_ALIAS	aterzon_ashlar_vertical_slice	aterzon_ashlar_slice_vertical	Aterzon Ashlar Vertical Slice	Aterzon Ashlar Vertical Slice	Core / Inlay	Published ≤1.5.2	Slice order	Approved
1044	PERMANENT_ALIAS	aterzon_herringbone_bronze_horizontal_slice	aterzon_herringbone_bronze_slice_horizontal	Aterzon Bronze Herringbone Horizontal Slice	Aterzon Bronze Herringbone Horizontal Slice	Core / Inlay	Published ≤1.5.2	Slice order	Approved
1045	PERMANENT_ALIAS	aterzon_herringbone_bronze_vertical_slice	aterzon_herringbone_bronze_slice_vertical	Aterzon Bronze Herringbone Vertical Slice	Aterzon Bronze Herringbone Vertical Slice	Core / Inlay	Published ≤1.5.2	Slice order	Approved
1046	PERMANENT_ALIAS	aterzon_herringbone_grout_horizontal_slice	aterzon_herringbone_grout_slice_horizontal	Aterzon Herringbone Grout Horizontal Slice	Aterzon Herringbone Grout Horizontal Slice	Core / Inlay	Published ≤1.5.2	Slice order	Approved
1047	PERMANENT_ALIAS	aterzon_herringbone_grout_vertical_slice	aterzon_herringbone_grout_slice_vertical	Aterzon Herringbone Grout Vertical Slice	Aterzon Herringbone Grout Vertical Slice	Core / Inlay	Published ≤1.5.2	Slice order	Approved
1048	PERMANENT_ALIAS	aterzon_hewn_horizontal_slice	aterzon_hewn_slice_horizontal	Aterzon Hewn Horizontal Slice	Aterzon Hewn Horizontal Slice	Core / Inlay	Published ≤1.5.2	Slice order	Approved
1049	PERMANENT_ALIAS	aterzon_hewn_vertical_slice	aterzon_hewn_slice_vertical	Aterzon Hewn Vertical Slice	Aterzon Hewn Vertical Slice	Core / Inlay	Published ≤1.5.2	Slice order	Approved
1050	PERMANENT_ALIAS	aterzon_horizontal_slice	aterzon_slice_horizontal	Aterzon Horizontal Slice	Aterzon Horizontal Slice	Core / Inlay	Published ≤1.5.2	Slice order	Approved
1051	PERMANENT_ALIAS	aterzon_rusticated_horizontal_slice	aterzon_rusticated_slice_horizontal	Aterzon Rusticated Horizontal Slice	Aterzon Rusticated Horizontal Slice	Core / Inlay	Published ≤1.5.2	Slice order	Approved
1052	PERMANENT_ALIAS	aterzon_rusticated_vertical_slice	aterzon_rusticated_slice_vertical	Aterzon Rusticated Vertical Slice	Aterzon Rusticated Vertical Slice	Core / Inlay	Published ≤1.5.2	Slice order	Approved
1053	PERMANENT_ALIAS	aterzon_vertical_slice	aterzon_slice_vertical	Aterzon Vertical Slice	Aterzon Vertical Slice	Core / Inlay	Published ≤1.5.2	Slice order	Approved
1054	PERMANENT_ALIAS	borealis_ashlar_horizontal_slice	borealis_ashlar_slice_horizontal	Borealis Ashlar Horizontal Slice	Borealis Ashlar Horizontal Slice	Core / Inlay	Published ≤1.5.2	Slice order	Approved
1055	PERMANENT_ALIAS	borealis_ashlar_vertical_slice	borealis_ashlar_slice_vertical	Borealis Ashlar Vertical Slice	Borealis Ashlar Vertical Slice	Core / Inlay	Published ≤1.5.2	Slice order	Approved
1056	PERMANENT_ALIAS	borealis_herringbone_bronze_horizontal_slice	borealis_herringbone_bronze_slice_horizontal	Borealis Bronze Herringbone Horizontal Slice	Borealis Bronze Herringbone Horizontal Slice	Core / Inlay	Published ≤1.5.2	Slice order	Approved
1057	PERMANENT_ALIAS	borealis_herringbone_bronze_vertical_slice	borealis_herringbone_bronze_slice_vertical	Borealis Bronze Herringbone Vertical Slice	Borealis Bronze Herringbone Vertical Slice	Core / Inlay	Published ≤1.5.2	Slice order	Approved
1058	PERMANENT_ALIAS	borealis_herringbone_grout_horizontal_slice	borealis_herringbone_grout_slice_horizontal	Borealis Herringbone Grout Horizontal Slice	Borealis Herringbone Grout Horizontal Slice	Core / Inlay	Published ≤1.5.2	Slice order	Approved
1059	PERMANENT_ALIAS	borealis_herringbone_grout_vertical_slice	borealis_herringbone_grout_slice_vertical	Borealis Herringbone Grout Vertical Slice	Borealis Herringbone Grout Vertical Slice	Core / Inlay	Published ≤1.5.2	Slice order	Approved
1060	PERMANENT_ALIAS	borealis_hewn_horizontal_slice	borealis_hewn_slice_horizontal	Borealis Hewn Horizontal Slice	Borealis Hewn Horizontal Slice	Core / Inlay	Published ≤1.5.2	Slice order	Approved
1061	PERMANENT_ALIAS	borealis_hewn_vertical_slice	borealis_hewn_slice_vertical	Borealis Hewn Vertical Slice	Borealis Hewn Vertical Slice	Core / Inlay	Published ≤1.5.2	Slice order	Approved
1062	PERMANENT_ALIAS	borealis_horizontal_slice	borealis_slice_horizontal	Borealis Horizontal Slice	Borealis Horizontal Slice	Core / Inlay	Published ≤1.5.2	Slice order	Approved
1063	PERMANENT_ALIAS	borealis_rusticated_horizontal_slice	borealis_rusticated_slice_horizontal	Borealis Rusticated Horizontal Slice	Borealis Rusticated Horizontal Slice	Core / Inlay	Published ≤1.5.2	Slice order	Approved
1064	PERMANENT_ALIAS	borealis_rusticated_vertical_slice	borealis_rusticated_slice_vertical	Borealis Rusticated Vertical Slice	Borealis Rusticated Vertical Slice	Core / Inlay	Published ≤1.5.2	Slice order	Approved
1065	PERMANENT_ALIAS	borealis_vertical_slice	borealis_slice_vertical	Borealis Vertical Slice	Borealis Vertical Slice	Core / Inlay	Published ≤1.5.2	Slice order	Approved
1066	PERMANENT_ALIAS	brectite_ashlar_horizontal_slice	brectite_ashlar_slice_horizontal	Brectite Ashlar Horizontal Slice	Brectite Ashlar Horizontal Slice	Core / Inlay	Published ≤1.5.2	Slice order	Approved
1067	PERMANENT_ALIAS	brectite_ashlar_vertical_slice	brectite_ashlar_slice_vertical	Brectite Ashlar Vertical Slice	Brectite Ashlar Vertical Slice	Core / Inlay	Published ≤1.5.2	Slice order	Approved
1068	PERMANENT_ALIAS	brectite_herringbone_bronze_horizontal_slice	brectite_herringbone_bronze_slice_horizontal	Brectite Bronze Herringbone Horizontal Slice	Brectite Bronze Herringbone Horizontal Slice	Core / Inlay	Published ≤1.5.2	Slice order	Approved
1069	PERMANENT_ALIAS	brectite_herringbone_bronze_vertical_slice	brectite_herringbone_bronze_slice_vertical	Brectite Bronze Herringbone Vertical Slice	Brectite Bronze Herringbone Vertical Slice	Core / Inlay	Published ≤1.5.2	Slice order	Approved
1070	PERMANENT_ALIAS	brectite_herringbone_grout_horizontal_slice	brectite_herringbone_grout_slice_horizontal	Brectite Herringbone Grout Horizontal Slice	Brectite Herringbone Grout Horizontal Slice	Core / Inlay	Published ≤1.5.2	Slice order	Approved
1071	PERMANENT_ALIAS	brectite_herringbone_grout_vertical_slice	brectite_herringbone_grout_slice_vertical	Brectite Herringbone Grout Vertical Slice	Brectite Herringbone Grout Vertical Slice	Core / Inlay	Published ≤1.5.2	Slice order	Approved
1072	PERMANENT_ALIAS	brectite_hewn_horizontal_slice	brectite_hewn_slice_horizontal	Brectite Hewn Horizontal Slice	Brectite Hewn Horizontal Slice	Core / Inlay	Published ≤1.5.2	Slice order	Approved
1073	PERMANENT_ALIAS	brectite_hewn_vertical_slice	brectite_hewn_slice_vertical	Brectite Hewn Vertical Slice	Brectite Hewn Vertical Slice	Core / Inlay	Published ≤1.5.2	Slice order	Approved
1074	PERMANENT_ALIAS	brectite_horizontal_slice	brectite_slice_horizontal	Brectite Horizontal Slice	Brectite Horizontal Slice	Core / Inlay	Published ≤1.5.2	Slice order	Approved
1075	PERMANENT_ALIAS	brectite_rusticated_horizontal_slice	brectite_rusticated_slice_horizontal	Brectite Rusticated Horizontal Slice	Brectite Rusticated Horizontal Slice	Core / Inlay	Published ≤1.5.2	Slice order	Approved
1076	PERMANENT_ALIAS	brectite_rusticated_vertical_slice	brectite_rusticated_slice_vertical	Brectite Rusticated Vertical Slice	Brectite Rusticated Vertical Slice	Core / Inlay	Published ≤1.5.2	Slice order	Approved
1077	PERMANENT_ALIAS	brectite_vertical_slice	brectite_slice_vertical	Brectite Vertical Slice	Brectite Vertical Slice	Core / Inlay	Published ≤1.5.2	Slice order	Approved
1078	PERMANENT_ALIAS	calacattum_ashlar_horizontal_slice	calacattum_ashlar_slice_horizontal	Calacattum Ashlar Horizontal Slice	Calacattum Ashlar Horizontal Slice	Core / Inlay	Published ≤1.5.2	Slice order	Approved
1079	PERMANENT_ALIAS	calacattum_ashlar_vertical_slice	calacattum_ashlar_slice_vertical	Calacattum Ashlar Vertical Slice	Calacattum Ashlar Vertical Slice	Core / Inlay	Published ≤1.5.2	Slice order	Approved
1080	PERMANENT_ALIAS	calacattum_herringbone_bronze_horizontal_slice	calacattum_herringbone_bronze_slice_horizontal	Calacattum Bronze Herringbone Horizontal Slice	Calacattum Bronze Herringbone Horizontal Slice	Core / Inlay	Published ≤1.5.2	Slice order	Approved
1081	PERMANENT_ALIAS	calacattum_herringbone_bronze_vertical_slice	calacattum_herringbone_bronze_slice_vertical	Calacattum Bronze Herringbone Vertical Slice	Calacattum Bronze Herringbone Vertical Slice	Core / Inlay	Published ≤1.5.2	Slice order	Approved
1082	PERMANENT_ALIAS	calacattum_herringbone_grout_horizontal_slice	calacattum_herringbone_grout_slice_horizontal	Calacattum Herringbone Grout Horizontal Slice	Calacattum Herringbone Grout Horizontal Slice	Core / Inlay	Published ≤1.5.2	Slice order	Approved
1083	PERMANENT_ALIAS	calacattum_herringbone_grout_vertical_slice	calacattum_herringbone_grout_slice_vertical	Calacattum Herringbone Grout Vertical Slice	Calacattum Herringbone Grout Vertical Slice	Core / Inlay	Published ≤1.5.2	Slice order	Approved
1084	PERMANENT_ALIAS	calacattum_hewn_horizontal_slice	calacattum_hewn_slice_horizontal	Calacattum Hewn Horizontal Slice	Calacattum Hewn Horizontal Slice	Core / Inlay	Published ≤1.5.2	Slice order	Approved
1085	PERMANENT_ALIAS	calacattum_hewn_vertical_slice	calacattum_hewn_slice_vertical	Calacattum Hewn Vertical Slice	Calacattum Hewn Vertical Slice	Core / Inlay	Published ≤1.5.2	Slice order	Approved
1086	PERMANENT_ALIAS	calacattum_horizontal_slice	calacattum_slice_horizontal	Calacattum Horizontal Slice	Calacattum Horizontal Slice	Core / Inlay	Published ≤1.5.2	Slice order	Approved
1087	PERMANENT_ALIAS	calacattum_portorium_weave_bronze_horizontal_slice	calacattum_portorium_weave_bronze_slice_horizontal	Calacattum and Portorium Bronze Weave Horizontal Slice	Calacattum and Portorium Bronze Weave Horizontal Slice	Core / Inlay	Published ≤1.5.2	Slice order	Approved
1088	PERMANENT_ALIAS	calacattum_portorium_weave_bronze_vertical_slice	calacattum_portorium_weave_bronze_slice_vertical	Calacattum and Portorium Bronze Weave Vertical Slice	Calacattum and Portorium Bronze Weave Vertical Slice	Core / Inlay	Published ≤1.5.2	Slice order	Approved
1089	PERMANENT_ALIAS	calacattum_portorium_weave_grout_horizontal_slice	calacattum_portorium_weave_grout_slice_horizontal	Calacattum and Portorium Weave Grout Horizontal Slice	Calacattum and Portorium Weave Grout Horizontal Slice	Core / Inlay	Published ≤1.5.2	Slice order	Approved
1090	PERMANENT_ALIAS	calacattum_portorium_weave_grout_vertical_slice	calacattum_portorium_weave_grout_slice_vertical	Calacattum and Portorium Weave Grout Vertical Slice	Calacattum and Portorium Weave Grout Vertical Slice	Core / Inlay	Published ≤1.5.2	Slice order	Approved
1091	PERMANENT_ALIAS	calacattum_rusticated_horizontal_slice	calacattum_rusticated_slice_horizontal	Calacattum Rusticated Horizontal Slice	Calacattum Rusticated Horizontal Slice	Core / Inlay	Published ≤1.5.2	Slice order	Approved
1092	PERMANENT_ALIAS	calacattum_rusticated_vertical_slice	calacattum_rusticated_slice_vertical	Calacattum Rusticated Vertical Slice	Calacattum Rusticated Vertical Slice	Core / Inlay	Published ≤1.5.2	Slice order	Approved
1093	PERMANENT_ALIAS	calacattum_vertical_slice	calacattum_slice_vertical	Calacattum Vertical Slice	Calacattum Vertical Slice	Core / Inlay	Published ≤1.5.2	Slice order	Approved
1094	PERMANENT_ALIAS	chalstrom_ashlar_horizontal_slice	chalstrom_ashlar_slice_horizontal	Chalstrom Ashlar Horizontal Slice	Chalstrom Ashlar Horizontal Slice	Core / Inlay	Published ≤1.5.2	Slice order	Approved
1095	PERMANENT_ALIAS	chalstrom_ashlar_vertical_slice	chalstrom_ashlar_slice_vertical	Chalstrom Ashlar Vertical Slice	Chalstrom Ashlar Vertical Slice	Core / Inlay	Published ≤1.5.2	Slice order	Approved
1096	PERMANENT_ALIAS	chalstrom_calacattum_weave_bronze_horizontal_slice	chalstrom_calacattum_weave_bronze_slice_horizontal	Chalstrom and Calacattum Bronze Weave Horizontal Slice	Chalstrom and Calacattum Bronze Weave Horizontal Slice	Core / Inlay	Published ≤1.5.2	Slice order	Approved
1097	PERMANENT_ALIAS	chalstrom_calacattum_weave_bronze_vertical_slice	chalstrom_calacattum_weave_bronze_slice_vertical	Chalstrom and Calacattum Bronze Weave Vertical Slice	Chalstrom and Calacattum Bronze Weave Vertical Slice	Core / Inlay	Published ≤1.5.2	Slice order	Approved
1098	PERMANENT_ALIAS	chalstrom_calacattum_weave_grout_horizontal_slice	chalstrom_calacattum_weave_grout_slice_horizontal	Chalstrom and Calacattum Weave Grout Horizontal Slice	Chalstrom and Calacattum Weave Grout Horizontal Slice	Core / Inlay	Published ≤1.5.2	Slice order	Approved
1099	PERMANENT_ALIAS	chalstrom_calacattum_weave_grout_vertical_slice	chalstrom_calacattum_weave_grout_slice_vertical	Chalstrom and Calacattum Weave Grout Vertical Slice	Chalstrom and Calacattum Weave Grout Vertical Slice	Core / Inlay	Published ≤1.5.2	Slice order	Approved
1100	PERMANENT_ALIAS	chalstrom_herringbone_bronze_horizontal_slice	chalstrom_herringbone_bronze_slice_horizontal	Chalstrom Bronze Herringbone Horizontal Slice	Chalstrom Bronze Herringbone Horizontal Slice	Core / Inlay	Published ≤1.5.2	Slice order	Approved
1101	PERMANENT_ALIAS	chalstrom_herringbone_bronze_vertical_slice	chalstrom_herringbone_bronze_slice_vertical	Chalstrom Bronze Herringbone Vertical Slice	Chalstrom Bronze Herringbone Vertical Slice	Core / Inlay	Published ≤1.5.2	Slice order	Approved
1102	PERMANENT_ALIAS	chalstrom_herringbone_grout_horizontal_slice	chalstrom_herringbone_grout_slice_horizontal	Chalstrom Herringbone Grout Horizontal Slice	Chalstrom Herringbone Grout Horizontal Slice	Core / Inlay	Published ≤1.5.2	Slice order	Approved
1103	PERMANENT_ALIAS	chalstrom_herringbone_grout_vertical_slice	chalstrom_herringbone_grout_slice_vertical	Chalstrom Herringbone Grout Vertical Slice	Chalstrom Herringbone Grout Vertical Slice	Core / Inlay	Published ≤1.5.2	Slice order	Approved
1104	PERMANENT_ALIAS	chalstrom_hewn_horizontal_slice	chalstrom_hewn_slice_horizontal	Chalstrom Hewn Horizontal Slice	Chalstrom Hewn Horizontal Slice	Core / Inlay	Published ≤1.5.2	Slice order	Approved
1105	PERMANENT_ALIAS	chalstrom_hewn_vertical_slice	chalstrom_hewn_slice_vertical	Chalstrom Hewn Vertical Slice	Chalstrom Hewn Vertical Slice	Core / Inlay	Published ≤1.5.2	Slice order	Approved
1106	PERMANENT_ALIAS	chalstrom_horizontal_slice	chalstrom_slice_horizontal	Chalstrom Horizontal Slice	Chalstrom Horizontal Slice	Core / Inlay	Published ≤1.5.2	Slice order	Approved
1107	PERMANENT_ALIAS	chalstrom_rusticated_horizontal_slice	chalstrom_rusticated_slice_horizontal	Chalstrom Rusticated Horizontal Slice	Chalstrom Rusticated Horizontal Slice	Core / Inlay	Published ≤1.5.2	Slice order	Approved
1108	PERMANENT_ALIAS	chalstrom_rusticated_vertical_slice	chalstrom_rusticated_slice_vertical	Chalstrom Rusticated Vertical Slice	Chalstrom Rusticated Vertical Slice	Core / Inlay	Published ≤1.5.2	Slice order	Approved
1109	PERMANENT_ALIAS	chalstrom_vertical_slice	chalstrom_slice_vertical	Chalstrom Vertical Slice	Chalstrom Vertical Slice	Core / Inlay	Published ≤1.5.2	Slice order	Approved
1110	PERMANENT_ALIAS	chrysonyx_ashlar_horizontal_slice	chrysonyx_ashlar_slice_horizontal	Chrysonyx Ashlar Horizontal Slice	Chrysonyx Ashlar Horizontal Slice	Core / Inlay	Published ≤1.5.2	Slice order	Approved
1111	PERMANENT_ALIAS	chrysonyx_ashlar_vertical_slice	chrysonyx_ashlar_slice_vertical	Chrysonyx Ashlar Vertical Slice	Chrysonyx Ashlar Vertical Slice	Core / Inlay	Published ≤1.5.2	Slice order	Approved
1112	PERMANENT_ALIAS	chrysonyx_glacium_weave_bronze_horizontal_slice	chrysonyx_glacium_weave_bronze_slice_horizontal	Chrysonyx and Glacium Bronze Weave Horizontal Slice	Chrysonyx and Glacium Bronze Weave Horizontal Slice	Core / Inlay	Published ≤1.5.2	Slice order	Approved
1113	PERMANENT_ALIAS	chrysonyx_glacium_weave_bronze_vertical_slice	chrysonyx_glacium_weave_bronze_slice_vertical	Chrysonyx and Glacium Bronze Weave Vertical Slice	Chrysonyx and Glacium Bronze Weave Vertical Slice	Core / Inlay	Published ≤1.5.2	Slice order	Approved
1114	PERMANENT_ALIAS	chrysonyx_glacium_weave_grout_horizontal_slice	chrysonyx_glacium_weave_grout_slice_horizontal	Chrysonyx and Glacium Weave Grout Horizontal Slice	Chrysonyx and Glacium Weave Grout Horizontal Slice	Core / Inlay	Published ≤1.5.2	Slice order	Approved
1115	PERMANENT_ALIAS	chrysonyx_glacium_weave_grout_vertical_slice	chrysonyx_glacium_weave_grout_slice_vertical	Chrysonyx and Glacium Weave Grout Vertical Slice	Chrysonyx and Glacium Weave Grout Vertical Slice	Core / Inlay	Published ≤1.5.2	Slice order	Approved
1116	PERMANENT_ALIAS	chrysonyx_herringbone_bronze_horizontal_slice	chrysonyx_herringbone_bronze_slice_horizontal	Chrysonyx Bronze Herringbone Horizontal Slice	Chrysonyx Bronze Herringbone Horizontal Slice	Core / Inlay	Published ≤1.5.2	Slice order	Approved
1117	PERMANENT_ALIAS	chrysonyx_herringbone_bronze_vertical_slice	chrysonyx_herringbone_bronze_slice_vertical	Chrysonyx Bronze Herringbone Vertical Slice	Chrysonyx Bronze Herringbone Vertical Slice	Core / Inlay	Published ≤1.5.2	Slice order	Approved
1118	PERMANENT_ALIAS	chrysonyx_herringbone_grout_horizontal_slice	chrysonyx_herringbone_grout_slice_horizontal	Chrysonyx Herringbone Grout Horizontal Slice	Chrysonyx Herringbone Grout Horizontal Slice	Core / Inlay	Published ≤1.5.2	Slice order	Approved
1119	PERMANENT_ALIAS	chrysonyx_herringbone_grout_vertical_slice	chrysonyx_herringbone_grout_slice_vertical	Chrysonyx Herringbone Grout Vertical Slice	Chrysonyx Herringbone Grout Vertical Slice	Core / Inlay	Published ≤1.5.2	Slice order	Approved
1120	PERMANENT_ALIAS	chrysonyx_hewn_horizontal_slice	chrysonyx_hewn_slice_horizontal	Chrysonyx Hewn Horizontal Slice	Chrysonyx Hewn Horizontal Slice	Core / Inlay	Published ≤1.5.2	Slice order	Approved
1121	PERMANENT_ALIAS	chrysonyx_hewn_vertical_slice	chrysonyx_hewn_slice_vertical	Chrysonyx Hewn Vertical Slice	Chrysonyx Hewn Vertical Slice	Core / Inlay	Published ≤1.5.2	Slice order	Approved
1122	PERMANENT_ALIAS	chrysonyx_horizontal_slice	chrysonyx_slice_horizontal	Chrysonyx Horizontal Slice	Chrysonyx Horizontal Slice	Core / Inlay	Published ≤1.5.2	Slice order	Approved
1123	PERMANENT_ALIAS	chrysonyx_rusticated_horizontal_slice	chrysonyx_rusticated_slice_horizontal	Chrysonyx Rusticated Horizontal Slice	Chrysonyx Rusticated Horizontal Slice	Core / Inlay	Published ≤1.5.2	Slice order	Approved
1124	PERMANENT_ALIAS	chrysonyx_rusticated_vertical_slice	chrysonyx_rusticated_slice_vertical	Chrysonyx Rusticated Vertical Slice	Chrysonyx Rusticated Vertical Slice	Core / Inlay	Published ≤1.5.2	Slice order	Approved
1125	PERMANENT_ALIAS	chrysonyx_vertical_slice	chrysonyx_slice_vertical	Chrysonyx Vertical Slice	Chrysonyx Vertical Slice	Core / Inlay	Published ≤1.5.2	Slice order	Approved
1126	PERMANENT_ALIAS	etruscus_ashlar_horizontal_slice	etruscus_ashlar_slice_horizontal	Etruscus Ashlar Horizontal Slice	Etruscus Ashlar Horizontal Slice	Core / Inlay	Published ≤1.5.2	Slice order	Approved
1127	PERMANENT_ALIAS	etruscus_ashlar_vertical_slice	etruscus_ashlar_slice_vertical	Etruscus Ashlar Vertical Slice	Etruscus Ashlar Vertical Slice	Core / Inlay	Published ≤1.5.2	Slice order	Approved
1128	PERMANENT_ALIAS	etruscus_herringbone_bronze_horizontal_slice	etruscus_herringbone_bronze_slice_horizontal	Etruscus Bronze Herringbone Horizontal Slice	Etruscus Bronze Herringbone Horizontal Slice	Core / Inlay	Published ≤1.5.2	Slice order	Approved
1129	PERMANENT_ALIAS	etruscus_herringbone_bronze_vertical_slice	etruscus_herringbone_bronze_slice_vertical	Etruscus Bronze Herringbone Vertical Slice	Etruscus Bronze Herringbone Vertical Slice	Core / Inlay	Published ≤1.5.2	Slice order	Approved
1130	PERMANENT_ALIAS	etruscus_herringbone_grout_horizontal_slice	etruscus_herringbone_grout_slice_horizontal	Etruscus Herringbone Grout Horizontal Slice	Etruscus Herringbone Grout Horizontal Slice	Core / Inlay	Published ≤1.5.2	Slice order	Approved
1131	PERMANENT_ALIAS	etruscus_herringbone_grout_vertical_slice	etruscus_herringbone_grout_slice_vertical	Etruscus Herringbone Grout Vertical Slice	Etruscus Herringbone Grout Vertical Slice	Core / Inlay	Published ≤1.5.2	Slice order	Approved
1132	PERMANENT_ALIAS	etruscus_hewn_horizontal_slice	etruscus_hewn_slice_horizontal	Etruscus Hewn Horizontal Slice	Etruscus Hewn Horizontal Slice	Core / Inlay	Published ≤1.5.2	Slice order	Approved
1133	PERMANENT_ALIAS	etruscus_hewn_vertical_slice	etruscus_hewn_slice_vertical	Etruscus Hewn Vertical Slice	Etruscus Hewn Vertical Slice	Core / Inlay	Published ≤1.5.2	Slice order	Approved
1134	PERMANENT_ALIAS	etruscus_horizontal_slice	etruscus_slice_horizontal	Etruscus Horizontal Slice	Etruscus Horizontal Slice	Core / Inlay	Published ≤1.5.2	Slice order	Approved
1135	PERMANENT_ALIAS	etruscus_rusticated_horizontal_slice	etruscus_rusticated_slice_horizontal	Etruscus Rusticated Horizontal Slice	Etruscus Rusticated Horizontal Slice	Core / Inlay	Published ≤1.5.2	Slice order	Approved
1136	PERMANENT_ALIAS	etruscus_rusticated_vertical_slice	etruscus_rusticated_slice_vertical	Etruscus Rusticated Vertical Slice	Etruscus Rusticated Vertical Slice	Core / Inlay	Published ≤1.5.2	Slice order	Approved
1137	PERMANENT_ALIAS	etruscus_vertical_slice	etruscus_slice_vertical	Etruscus Vertical Slice	Etruscus Vertical Slice	Core / Inlay	Published ≤1.5.2	Slice order	Approved
1138	PERMANENT_ALIAS	gelastrum_ashlar_horizontal_slice	gelastrum_ashlar_slice_horizontal	Gelastrum Ashlar Horizontal Slice	Gelastrum Ashlar Horizontal Slice	Core / Inlay	Published ≤1.5.2	Slice order	Approved
1139	PERMANENT_ALIAS	gelastrum_ashlar_vertical_slice	gelastrum_ashlar_slice_vertical	Gelastrum Ashlar Vertical Slice	Gelastrum Ashlar Vertical Slice	Core / Inlay	Published ≤1.5.2	Slice order	Approved
1140	PERMANENT_ALIAS	gelastrum_etruscus_weave_bronze_horizontal_slice	gelastrum_etruscus_weave_bronze_slice_horizontal	Gelastrum and Etruscus Bronze Weave Horizontal Slice	Gelastrum and Etruscus Bronze Weave Horizontal Slice	Core / Inlay	Published ≤1.5.2	Slice order	Approved
1141	PERMANENT_ALIAS	gelastrum_etruscus_weave_bronze_vertical_slice	gelastrum_etruscus_weave_bronze_slice_vertical	Gelastrum and Etruscus Bronze Weave Vertical Slice	Gelastrum and Etruscus Bronze Weave Vertical Slice	Core / Inlay	Published ≤1.5.2	Slice order	Approved
1142	PERMANENT_ALIAS	gelastrum_etruscus_weave_grout_horizontal_slice	gelastrum_etruscus_weave_grout_slice_horizontal	Gelastrum and Etruscus Weave Grout Horizontal Slice	Gelastrum and Etruscus Weave Grout Horizontal Slice	Core / Inlay	Published ≤1.5.2	Slice order	Approved
1143	PERMANENT_ALIAS	gelastrum_etruscus_weave_grout_vertical_slice	gelastrum_etruscus_weave_grout_slice_vertical	Gelastrum and Etruscus Weave Grout Vertical Slice	Gelastrum and Etruscus Weave Grout Vertical Slice	Core / Inlay	Published ≤1.5.2	Slice order	Approved
1144	PERMANENT_ALIAS	gelastrum_herringbone_bronze_horizontal_slice	gelastrum_herringbone_bronze_slice_horizontal	Gelastrum Bronze Herringbone Horizontal Slice	Gelastrum Bronze Herringbone Horizontal Slice	Core / Inlay	Published ≤1.5.2	Slice order	Approved
1145	PERMANENT_ALIAS	gelastrum_herringbone_bronze_vertical_slice	gelastrum_herringbone_bronze_slice_vertical	Gelastrum Bronze Herringbone Vertical Slice	Gelastrum Bronze Herringbone Vertical Slice	Core / Inlay	Published ≤1.5.2	Slice order	Approved
1146	PERMANENT_ALIAS	gelastrum_herringbone_grout_horizontal_slice	gelastrum_herringbone_grout_slice_horizontal	Gelastrum Herringbone Grout Horizontal Slice	Gelastrum Herringbone Grout Horizontal Slice	Core / Inlay	Published ≤1.5.2	Slice order	Approved
1147	PERMANENT_ALIAS	gelastrum_herringbone_grout_vertical_slice	gelastrum_herringbone_grout_slice_vertical	Gelastrum Herringbone Grout Vertical Slice	Gelastrum Herringbone Grout Vertical Slice	Core / Inlay	Published ≤1.5.2	Slice order	Approved
1148	PERMANENT_ALIAS	gelastrum_hewn_horizontal_slice	gelastrum_hewn_slice_horizontal	Gelastrum Hewn Horizontal Slice	Gelastrum Hewn Horizontal Slice	Core / Inlay	Published ≤1.5.2	Slice order	Approved
1149	PERMANENT_ALIAS	gelastrum_hewn_vertical_slice	gelastrum_hewn_slice_vertical	Gelastrum Hewn Vertical Slice	Gelastrum Hewn Vertical Slice	Core / Inlay	Published ≤1.5.2	Slice order	Approved
1150	PERMANENT_ALIAS	gelastrum_horizontal_slice	gelastrum_slice_horizontal	Gelastrum Horizontal Slice	Gelastrum Horizontal Slice	Core / Inlay	Published ≤1.5.2	Slice order	Approved
1151	PERMANENT_ALIAS	gelastrum_rusticated_horizontal_slice	gelastrum_rusticated_slice_horizontal	Gelastrum Rusticated Horizontal Slice	Gelastrum Rusticated Horizontal Slice	Core / Inlay	Published ≤1.5.2	Slice order	Approved
1152	PERMANENT_ALIAS	gelastrum_rusticated_vertical_slice	gelastrum_rusticated_slice_vertical	Gelastrum Rusticated Vertical Slice	Gelastrum Rusticated Vertical Slice	Core / Inlay	Published ≤1.5.2	Slice order	Approved
1153	PERMANENT_ALIAS	gelastrum_vertical_slice	gelastrum_slice_vertical	Gelastrum Vertical Slice	Gelastrum Vertical Slice	Core / Inlay	Published ≤1.5.2	Slice order	Approved
1154	PERMANENT_ALIAS	glacium_ashlar_horizontal_slice	glacium_ashlar_slice_horizontal	Glacium Ashlar Horizontal Slice	Glacium Ashlar Horizontal Slice	Core / Inlay	Published ≤1.5.2	Slice order	Approved
1155	PERMANENT_ALIAS	glacium_ashlar_vertical_slice	glacium_ashlar_slice_vertical	Glacium Ashlar Vertical Slice	Glacium Ashlar Vertical Slice	Core / Inlay	Published ≤1.5.2	Slice order	Approved
1156	PERMANENT_ALIAS	glacium_herringbone_bronze_horizontal_slice	glacium_herringbone_bronze_slice_horizontal	Glacium Bronze Herringbone Horizontal Slice	Glacium Bronze Herringbone Horizontal Slice	Core / Inlay	Published ≤1.5.2	Slice order	Approved
1157	PERMANENT_ALIAS	glacium_herringbone_bronze_vertical_slice	glacium_herringbone_bronze_slice_vertical	Glacium Bronze Herringbone Vertical Slice	Glacium Bronze Herringbone Vertical Slice	Core / Inlay	Published ≤1.5.2	Slice order	Approved
1158	PERMANENT_ALIAS	glacium_herringbone_grout_horizontal_slice	glacium_herringbone_grout_slice_horizontal	Glacium Herringbone Grout Horizontal Slice	Glacium Herringbone Grout Horizontal Slice	Core / Inlay	Published ≤1.5.2	Slice order	Approved
1159	PERMANENT_ALIAS	glacium_herringbone_grout_vertical_slice	glacium_herringbone_grout_slice_vertical	Glacium Herringbone Grout Vertical Slice	Glacium Herringbone Grout Vertical Slice	Core / Inlay	Published ≤1.5.2	Slice order	Approved
1160	PERMANENT_ALIAS	glacium_hewn_horizontal_slice	glacium_hewn_slice_horizontal	Glacium Hewn Horizontal Slice	Glacium Hewn Horizontal Slice	Core / Inlay	Published ≤1.5.2	Slice order	Approved
1161	PERMANENT_ALIAS	glacium_hewn_vertical_slice	glacium_hewn_slice_vertical	Glacium Hewn Vertical Slice	Glacium Hewn Vertical Slice	Core / Inlay	Published ≤1.5.2	Slice order	Approved
1162	PERMANENT_ALIAS	glacium_horizontal_slice	glacium_slice_horizontal	Glacium Horizontal Slice	Glacium Horizontal Slice	Core / Inlay	Published ≤1.5.2	Slice order	Approved
1163	PERMANENT_ALIAS	glacium_nerium_weave_bronze_horizontal_slice	glacium_nerium_weave_bronze_slice_horizontal	Glacium and Nerium Bronze Weave Horizontal Slice	Glacium and Nerium Bronze Weave Horizontal Slice	Core / Inlay	Published ≤1.5.2	Slice order	Approved
1164	PERMANENT_ALIAS	glacium_nerium_weave_bronze_vertical_slice	glacium_nerium_weave_bronze_slice_vertical	Glacium and Nerium Bronze Weave Vertical Slice	Glacium and Nerium Bronze Weave Vertical Slice	Core / Inlay	Published ≤1.5.2	Slice order	Approved
1165	PERMANENT_ALIAS	glacium_nerium_weave_grout_horizontal_slice	glacium_nerium_weave_grout_slice_horizontal	Glacium and Nerium Weave Grout Horizontal Slice	Glacium and Nerium Weave Grout Horizontal Slice	Core / Inlay	Published ≤1.5.2	Slice order	Approved
1166	PERMANENT_ALIAS	glacium_nerium_weave_grout_vertical_slice	glacium_nerium_weave_grout_slice_vertical	Glacium and Nerium Weave Grout Vertical Slice	Glacium and Nerium Weave Grout Vertical Slice	Core / Inlay	Published ≤1.5.2	Slice order	Approved
1167	PERMANENT_ALIAS	glacium_rusticated_horizontal_slice	glacium_rusticated_slice_horizontal	Glacium Rusticated Horizontal Slice	Glacium Rusticated Horizontal Slice	Core / Inlay	Published ≤1.5.2	Slice order	Approved
1168	PERMANENT_ALIAS	glacium_rusticated_vertical_slice	glacium_rusticated_slice_vertical	Glacium Rusticated Vertical Slice	Glacium Rusticated Vertical Slice	Core / Inlay	Published ≤1.5.2	Slice order	Approved
1169	PERMANENT_ALIAS	glacium_vertical_slice	glacium_slice_vertical	Glacium Vertical Slice	Glacium Vertical Slice	Core / Inlay	Published ≤1.5.2	Slice order	Approved
1170	PERMANENT_ALIAS	hesperion_ashlar_horizontal_slice	hesperion_ashlar_slice_horizontal	Hesperion Ashlar Horizontal Slice	Hesperion Ashlar Horizontal Slice	Core / Inlay	Published ≤1.5.2	Slice order	Approved
1171	PERMANENT_ALIAS	hesperion_ashlar_vertical_slice	hesperion_ashlar_slice_vertical	Hesperion Ashlar Vertical Slice	Hesperion Ashlar Vertical Slice	Core / Inlay	Published ≤1.5.2	Slice order	Approved
1172	PERMANENT_ALIAS	hesperion_glacium_weave_bronze_horizontal_slice	hesperion_glacium_weave_bronze_slice_horizontal	Hesperion and Glacium Bronze Weave Horizontal Slice	Hesperion and Glacium Bronze Weave Horizontal Slice	Core / Inlay	Published ≤1.5.2	Slice order	Approved
1173	PERMANENT_ALIAS	hesperion_glacium_weave_bronze_vertical_slice	hesperion_glacium_weave_bronze_slice_vertical	Hesperion and Glacium Bronze Weave Vertical Slice	Hesperion and Glacium Bronze Weave Vertical Slice	Core / Inlay	Published ≤1.5.2	Slice order	Approved
1174	PERMANENT_ALIAS	hesperion_glacium_weave_grout_horizontal_slice	hesperion_glacium_weave_grout_slice_horizontal	Hesperion and Glacium Weave Grout Horizontal Slice	Hesperion and Glacium Weave Grout Horizontal Slice	Core / Inlay	Published ≤1.5.2	Slice order	Approved
1175	PERMANENT_ALIAS	hesperion_glacium_weave_grout_vertical_slice	hesperion_glacium_weave_grout_slice_vertical	Hesperion and Glacium Weave Grout Vertical Slice	Hesperion and Glacium Weave Grout Vertical Slice	Core / Inlay	Published ≤1.5.2	Slice order	Approved
1176	PERMANENT_ALIAS	hesperion_herringbone_bronze_horizontal_slice	hesperion_herringbone_bronze_slice_horizontal	Hesperion Bronze Herringbone Horizontal Slice	Hesperion Bronze Herringbone Horizontal Slice	Core / Inlay	Published ≤1.5.2	Slice order	Approved
1177	PERMANENT_ALIAS	hesperion_herringbone_bronze_vertical_slice	hesperion_herringbone_bronze_slice_vertical	Hesperion Bronze Herringbone Vertical Slice	Hesperion Bronze Herringbone Vertical Slice	Core / Inlay	Published ≤1.5.2	Slice order	Approved
1178	PERMANENT_ALIAS	hesperion_herringbone_grout_horizontal_slice	hesperion_herringbone_grout_slice_horizontal	Hesperion Herringbone Grout Horizontal Slice	Hesperion Herringbone Grout Horizontal Slice	Core / Inlay	Published ≤1.5.2	Slice order	Approved
1179	PERMANENT_ALIAS	hesperion_herringbone_grout_vertical_slice	hesperion_herringbone_grout_slice_vertical	Hesperion Herringbone Grout Vertical Slice	Hesperion Herringbone Grout Vertical Slice	Core / Inlay	Published ≤1.5.2	Slice order	Approved
1180	PERMANENT_ALIAS	hesperion_hewn_horizontal_slice	hesperion_hewn_slice_horizontal	Hesperion Hewn Horizontal Slice	Hesperion Hewn Horizontal Slice	Core / Inlay	Published ≤1.5.2	Slice order	Approved
1181	PERMANENT_ALIAS	hesperion_hewn_vertical_slice	hesperion_hewn_slice_vertical	Hesperion Hewn Vertical Slice	Hesperion Hewn Vertical Slice	Core / Inlay	Published ≤1.5.2	Slice order	Approved
1182	PERMANENT_ALIAS	hesperion_horizontal_slice	hesperion_slice_horizontal	Hesperion Horizontal Slice	Hesperion Horizontal Slice	Core / Inlay	Published ≤1.5.2	Slice order	Approved
1183	PERMANENT_ALIAS	hesperion_rusticated_horizontal_slice	hesperion_rusticated_slice_horizontal	Hesperion Rusticated Horizontal Slice	Hesperion Rusticated Horizontal Slice	Core / Inlay	Published ≤1.5.2	Slice order	Approved
1184	PERMANENT_ALIAS	hesperion_rusticated_vertical_slice	hesperion_rusticated_slice_vertical	Hesperion Rusticated Vertical Slice	Hesperion Rusticated Vertical Slice	Core / Inlay	Published ≤1.5.2	Slice order	Approved
1185	PERMANENT_ALIAS	hesperion_vertical_slice	hesperion_slice_vertical	Hesperion Vertical Slice	Hesperion Vertical Slice	Core / Inlay	Published ≤1.5.2	Slice order	Approved
1186	PERMANENT_ALIAS	imperium_ashlar_horizontal_slice	imperium_ashlar_slice_horizontal	Imperium Ashlar Horizontal Slice	Imperium Ashlar Horizontal Slice	Core / Inlay	Published ≤1.5.2	Slice order	Approved
1187	PERMANENT_ALIAS	imperium_ashlar_vertical_slice	imperium_ashlar_slice_vertical	Imperium Ashlar Vertical Slice	Imperium Ashlar Vertical Slice	Core / Inlay	Published ≤1.5.2	Slice order	Approved
1188	PERMANENT_ALIAS	imperium_herringbone_bronze_horizontal_slice	imperium_herringbone_bronze_slice_horizontal	Imperium Bronze Herringbone Horizontal Slice	Imperium Bronze Herringbone Horizontal Slice	Core / Inlay	Published ≤1.5.2	Slice order	Approved
1189	PERMANENT_ALIAS	imperium_herringbone_bronze_vertical_slice	imperium_herringbone_bronze_slice_vertical	Imperium Bronze Herringbone Vertical Slice	Imperium Bronze Herringbone Vertical Slice	Core / Inlay	Published ≤1.5.2	Slice order	Approved
1190	PERMANENT_ALIAS	imperium_herringbone_grout_horizontal_slice	imperium_herringbone_grout_slice_horizontal	Imperium Herringbone Grout Horizontal Slice	Imperium Herringbone Grout Horizontal Slice	Core / Inlay	Published ≤1.5.2	Slice order	Approved
1191	PERMANENT_ALIAS	imperium_herringbone_grout_vertical_slice	imperium_herringbone_grout_slice_vertical	Imperium Herringbone Grout Vertical Slice	Imperium Herringbone Grout Vertical Slice	Core / Inlay	Published ≤1.5.2	Slice order	Approved
1192	PERMANENT_ALIAS	imperium_hewn_horizontal_slice	imperium_hewn_slice_horizontal	Imperium Hewn Horizontal Slice	Imperium Hewn Horizontal Slice	Core / Inlay	Published ≤1.5.2	Slice order	Approved
1193	PERMANENT_ALIAS	imperium_hewn_vertical_slice	imperium_hewn_slice_vertical	Imperium Hewn Vertical Slice	Imperium Hewn Vertical Slice	Core / Inlay	Published ≤1.5.2	Slice order	Approved
1194	PERMANENT_ALIAS	imperium_horizontal_slice	imperium_slice_horizontal	Imperium Horizontal Slice	Imperium Horizontal Slice	Core / Inlay	Published ≤1.5.2	Slice order	Approved
1195	PERMANENT_ALIAS	imperium_rusticated_horizontal_slice	imperium_rusticated_slice_horizontal	Imperium Rusticated Horizontal Slice	Imperium Rusticated Horizontal Slice	Core / Inlay	Published ≤1.5.2	Slice order	Approved
1196	PERMANENT_ALIAS	imperium_rusticated_vertical_slice	imperium_rusticated_slice_vertical	Imperium Rusticated Vertical Slice	Imperium Rusticated Vertical Slice	Core / Inlay	Published ≤1.5.2	Slice order	Approved
1197	PERMANENT_ALIAS	imperium_vertical_slice	imperium_slice_vertical	Imperium Vertical Slice	Imperium Vertical Slice	Core / Inlay	Published ≤1.5.2	Slice order	Approved
1198	PERMANENT_ALIAS	kelastrion_ashlar_horizontal_slice	kelastrion_ashlar_slice_horizontal	Kelastrion Ashlar Horizontal Slice	Kelastrion Ashlar Horizontal Slice	Core / Inlay	Published ≤1.5.2	Slice order	Approved
1199	PERMANENT_ALIAS	kelastrion_ashlar_vertical_slice	kelastrion_ashlar_slice_vertical	Kelastrion Ashlar Vertical Slice	Kelastrion Ashlar Vertical Slice	Core / Inlay	Published ≤1.5.2	Slice order	Approved
1200	PERMANENT_ALIAS	kelastrion_herringbone_bronze_horizontal_slice	kelastrion_herringbone_bronze_slice_horizontal	Kelastrion Bronze Herringbone Horizontal Slice	Kelastrion Bronze Herringbone Horizontal Slice	Core / Inlay	Published ≤1.5.2	Slice order	Approved
1201	PERMANENT_ALIAS	kelastrion_herringbone_bronze_vertical_slice	kelastrion_herringbone_bronze_slice_vertical	Kelastrion Bronze Herringbone Vertical Slice	Kelastrion Bronze Herringbone Vertical Slice	Core / Inlay	Published ≤1.5.2	Slice order	Approved
1202	PERMANENT_ALIAS	kelastrion_herringbone_grout_horizontal_slice	kelastrion_herringbone_grout_slice_horizontal	Kelastrion Herringbone Grout Horizontal Slice	Kelastrion Herringbone Grout Horizontal Slice	Core / Inlay	Published ≤1.5.2	Slice order	Approved
1203	PERMANENT_ALIAS	kelastrion_herringbone_grout_vertical_slice	kelastrion_herringbone_grout_slice_vertical	Kelastrion Herringbone Grout Vertical Slice	Kelastrion Herringbone Grout Vertical Slice	Core / Inlay	Published ≤1.5.2	Slice order	Approved
1204	PERMANENT_ALIAS	kelastrion_hewn_horizontal_slice	kelastrion_hewn_slice_horizontal	Kelastrion Hewn Horizontal Slice	Kelastrion Hewn Horizontal Slice	Core / Inlay	Published ≤1.5.2	Slice order	Approved
1205	PERMANENT_ALIAS	kelastrion_hewn_vertical_slice	kelastrion_hewn_slice_vertical	Kelastrion Hewn Vertical Slice	Kelastrion Hewn Vertical Slice	Core / Inlay	Published ≤1.5.2	Slice order	Approved
1206	PERMANENT_ALIAS	kelastrion_horizontal_slice	kelastrion_slice_horizontal	Kelastrion Horizontal Slice	Kelastrion Horizontal Slice	Core / Inlay	Published ≤1.5.2	Slice order	Approved
1207	PERMANENT_ALIAS	kelastrion_rusticated_horizontal_slice	kelastrion_rusticated_slice_horizontal	Kelastrion Rusticated Horizontal Slice	Kelastrion Rusticated Horizontal Slice	Core / Inlay	Published ≤1.5.2	Slice order	Approved
1208	PERMANENT_ALIAS	kelastrion_rusticated_vertical_slice	kelastrion_rusticated_slice_vertical	Kelastrion Rusticated Vertical Slice	Kelastrion Rusticated Vertical Slice	Core / Inlay	Published ≤1.5.2	Slice order	Approved
1209	PERMANENT_ALIAS	kelastrion_vertical_slice	kelastrion_slice_vertical	Kelastrion Vertical Slice	Kelastrion Vertical Slice	Core / Inlay	Published ≤1.5.2	Slice order	Approved
1210	PERMANENT_ALIAS	kylorion_ashlar_horizontal_slice	kylorion_ashlar_slice_horizontal	Kylorion Ashlar Horizontal Slice	Kylorion Ashlar Horizontal Slice	Core / Inlay	Published ≤1.5.2	Slice order	Approved
1211	PERMANENT_ALIAS	kylorion_ashlar_vertical_slice	kylorion_ashlar_slice_vertical	Kylorion Ashlar Vertical Slice	Kylorion Ashlar Vertical Slice	Core / Inlay	Published ≤1.5.2	Slice order	Approved
1212	PERMANENT_ALIAS	kylorion_glacium_weave_bronze_horizontal_slice	kylorion_glacium_weave_bronze_slice_horizontal	Kylorion and Glacium Bronze Weave Horizontal Slice	Kylorion and Glacium Bronze Weave Horizontal Slice	Core / Inlay	Published ≤1.5.2	Slice order	Approved
1213	PERMANENT_ALIAS	kylorion_glacium_weave_bronze_vertical_slice	kylorion_glacium_weave_bronze_slice_vertical	Kylorion and Glacium Bronze Weave Vertical Slice	Kylorion and Glacium Bronze Weave Vertical Slice	Core / Inlay	Published ≤1.5.2	Slice order	Approved
1214	PERMANENT_ALIAS	kylorion_glacium_weave_grout_horizontal_slice	kylorion_glacium_weave_grout_slice_horizontal	Kylorion and Glacium Weave Grout Horizontal Slice	Kylorion and Glacium Weave Grout Horizontal Slice	Core / Inlay	Published ≤1.5.2	Slice order	Approved
1215	PERMANENT_ALIAS	kylorion_glacium_weave_grout_vertical_slice	kylorion_glacium_weave_grout_slice_vertical	Kylorion and Glacium Weave Grout Vertical Slice	Kylorion and Glacium Weave Grout Vertical Slice	Core / Inlay	Published ≤1.5.2	Slice order	Approved
1216	PERMANENT_ALIAS	kylorion_herringbone_bronze_horizontal_slice	kylorion_herringbone_bronze_slice_horizontal	Kylorion Bronze Herringbone Horizontal Slice	Kylorion Bronze Herringbone Horizontal Slice	Core / Inlay	Published ≤1.5.2	Slice order	Approved
1217	PERMANENT_ALIAS	kylorion_herringbone_bronze_vertical_slice	kylorion_herringbone_bronze_slice_vertical	Kylorion Bronze Herringbone Vertical Slice	Kylorion Bronze Herringbone Vertical Slice	Core / Inlay	Published ≤1.5.2	Slice order	Approved
1218	PERMANENT_ALIAS	kylorion_herringbone_grout_horizontal_slice	kylorion_herringbone_grout_slice_horizontal	Kylorion Herringbone Grout Horizontal Slice	Kylorion Herringbone Grout Horizontal Slice	Core / Inlay	Published ≤1.5.2	Slice order	Approved
1219	PERMANENT_ALIAS	kylorion_herringbone_grout_vertical_slice	kylorion_herringbone_grout_slice_vertical	Kylorion Herringbone Grout Vertical Slice	Kylorion Herringbone Grout Vertical Slice	Core / Inlay	Published ≤1.5.2	Slice order	Approved
1220	PERMANENT_ALIAS	kylorion_hewn_horizontal_slice	kylorion_hewn_slice_horizontal	Kylorion Hewn Horizontal Slice	Kylorion Hewn Horizontal Slice	Core / Inlay	Published ≤1.5.2	Slice order	Approved
1221	PERMANENT_ALIAS	kylorion_hewn_vertical_slice	kylorion_hewn_slice_vertical	Kylorion Hewn Vertical Slice	Kylorion Hewn Vertical Slice	Core / Inlay	Published ≤1.5.2	Slice order	Approved
1222	PERMANENT_ALIAS	kylorion_horizontal_slice	kylorion_slice_horizontal	Kylorion Horizontal Slice	Kylorion Horizontal Slice	Core / Inlay	Published ≤1.5.2	Slice order	Approved
1223	PERMANENT_ALIAS	kylorion_rusticated_horizontal_slice	kylorion_rusticated_slice_horizontal	Kylorion Rusticated Horizontal Slice	Kylorion Rusticated Horizontal Slice	Core / Inlay	Published ≤1.5.2	Slice order	Approved
1224	PERMANENT_ALIAS	kylorion_rusticated_vertical_slice	kylorion_rusticated_slice_vertical	Kylorion Rusticated Vertical Slice	Kylorion Rusticated Vertical Slice	Core / Inlay	Published ≤1.5.2	Slice order	Approved
1225	PERMANENT_ALIAS	kylorion_vertical_slice	kylorion_slice_vertical	Kylorion Vertical Slice	Kylorion Vertical Slice	Core / Inlay	Published ≤1.5.2	Slice order	Approved
1226	PERMANENT_ALIAS	latmion_ashlar_horizontal_slice	latmion_ashlar_slice_horizontal	Latmion Ashlar Horizontal Slice	Latmion Ashlar Horizontal Slice	Core / Inlay	Published ≤1.5.2	Slice order	Approved
1227	PERMANENT_ALIAS	latmion_ashlar_vertical_slice	latmion_ashlar_slice_vertical	Latmion Ashlar Vertical Slice	Latmion Ashlar Vertical Slice	Core / Inlay	Published ≤1.5.2	Slice order	Approved
1228	PERMANENT_ALIAS	latmion_herringbone_bronze_horizontal_slice	latmion_herringbone_bronze_slice_horizontal	Latmion Bronze Herringbone Horizontal Slice	Latmion Bronze Herringbone Horizontal Slice	Core / Inlay	Published ≤1.5.2	Slice order	Approved
1229	PERMANENT_ALIAS	latmion_herringbone_bronze_vertical_slice	latmion_herringbone_bronze_slice_vertical	Latmion Bronze Herringbone Vertical Slice	Latmion Bronze Herringbone Vertical Slice	Core / Inlay	Published ≤1.5.2	Slice order	Approved
1230	PERMANENT_ALIAS	latmion_herringbone_grout_horizontal_slice	latmion_herringbone_grout_slice_horizontal	Latmion Herringbone Grout Horizontal Slice	Latmion Herringbone Grout Horizontal Slice	Core / Inlay	Published ≤1.5.2	Slice order	Approved
1231	PERMANENT_ALIAS	latmion_herringbone_grout_vertical_slice	latmion_herringbone_grout_slice_vertical	Latmion Herringbone Grout Vertical Slice	Latmion Herringbone Grout Vertical Slice	Core / Inlay	Published ≤1.5.2	Slice order	Approved
1232	PERMANENT_ALIAS	latmion_hewn_horizontal_slice	latmion_hewn_slice_horizontal	Latmion Hewn Horizontal Slice	Latmion Hewn Horizontal Slice	Core / Inlay	Published ≤1.5.2	Slice order	Approved
1233	PERMANENT_ALIAS	latmion_hewn_vertical_slice	latmion_hewn_slice_vertical	Latmion Hewn Vertical Slice	Latmion Hewn Vertical Slice	Core / Inlay	Published ≤1.5.2	Slice order	Approved
1234	PERMANENT_ALIAS	latmion_horizontal_slice	latmion_slice_horizontal	Latmion Horizontal Slice	Latmion Horizontal Slice	Core / Inlay	Published ≤1.5.2	Slice order	Approved
1235	PERMANENT_ALIAS	latmion_rusticated_horizontal_slice	latmion_rusticated_slice_horizontal	Latmion Rusticated Horizontal Slice	Latmion Rusticated Horizontal Slice	Core / Inlay	Published ≤1.5.2	Slice order	Approved
1236	PERMANENT_ALIAS	latmion_rusticated_vertical_slice	latmion_rusticated_slice_vertical	Latmion Rusticated Vertical Slice	Latmion Rusticated Vertical Slice	Core / Inlay	Published ≤1.5.2	Slice order	Approved
1237	PERMANENT_ALIAS	latmion_vertical_slice	latmion_slice_vertical	Latmion Vertical Slice	Latmion Vertical Slice	Core / Inlay	Published ≤1.5.2	Slice order	Approved
1238	PERMANENT_ALIAS	laurentium_ashlar_horizontal_slice	laurentium_ashlar_slice_horizontal	Laurentium Ashlar Horizontal Slice	Laurentium Ashlar Horizontal Slice	Core / Inlay	Published ≤1.5.2	Slice order	Approved
1239	PERMANENT_ALIAS	laurentium_ashlar_vertical_slice	laurentium_ashlar_slice_vertical	Laurentium Ashlar Vertical Slice	Laurentium Ashlar Vertical Slice	Core / Inlay	Published ≤1.5.2	Slice order	Approved
1240	PERMANENT_ALIAS	laurentium_calacattum_weave_bronze_horizontal_slice	laurentium_calacattum_weave_bronze_slice_horizontal	Laurentium and Calacattum Bronze Weave Horizontal Slice	Laurentium and Calacattum Bronze Weave Horizontal Slice	Core / Inlay	Published ≤1.5.2	Slice order	Approved
1241	PERMANENT_ALIAS	laurentium_calacattum_weave_bronze_vertical_slice	laurentium_calacattum_weave_bronze_slice_vertical	Laurentium and Calacattum Bronze Weave Vertical Slice	Laurentium and Calacattum Bronze Weave Vertical Slice	Core / Inlay	Published ≤1.5.2	Slice order	Approved
1242	PERMANENT_ALIAS	laurentium_calacattum_weave_grout_horizontal_slice	laurentium_calacattum_weave_grout_slice_horizontal	Laurentium and Calacattum Weave Grout Horizontal Slice	Laurentium and Calacattum Weave Grout Horizontal Slice	Core / Inlay	Published ≤1.5.2	Slice order	Approved
1243	PERMANENT_ALIAS	laurentium_calacattum_weave_grout_vertical_slice	laurentium_calacattum_weave_grout_slice_vertical	Laurentium and Calacattum Weave Grout Vertical Slice	Laurentium and Calacattum Weave Grout Vertical Slice	Core / Inlay	Published ≤1.5.2	Slice order	Approved
1244	PERMANENT_ALIAS	laurentium_herringbone_bronze_horizontal_slice	laurentium_herringbone_bronze_slice_horizontal	Laurentium Bronze Herringbone Horizontal Slice	Laurentium Bronze Herringbone Horizontal Slice	Core / Inlay	Published ≤1.5.2	Slice order	Approved
1245	PERMANENT_ALIAS	laurentium_herringbone_bronze_vertical_slice	laurentium_herringbone_bronze_slice_vertical	Laurentium Bronze Herringbone Vertical Slice	Laurentium Bronze Herringbone Vertical Slice	Core / Inlay	Published ≤1.5.2	Slice order	Approved
1246	PERMANENT_ALIAS	laurentium_herringbone_grout_horizontal_slice	laurentium_herringbone_grout_slice_horizontal	Laurentium Herringbone Grout Horizontal Slice	Laurentium Herringbone Grout Horizontal Slice	Core / Inlay	Published ≤1.5.2	Slice order	Approved
1247	PERMANENT_ALIAS	laurentium_herringbone_grout_vertical_slice	laurentium_herringbone_grout_slice_vertical	Laurentium Herringbone Grout Vertical Slice	Laurentium Herringbone Grout Vertical Slice	Core / Inlay	Published ≤1.5.2	Slice order	Approved
1248	PERMANENT_ALIAS	laurentium_hewn_horizontal_slice	laurentium_hewn_slice_horizontal	Laurentium Hewn Horizontal Slice	Laurentium Hewn Horizontal Slice	Core / Inlay	Published ≤1.5.2	Slice order	Approved
1249	PERMANENT_ALIAS	laurentium_hewn_vertical_slice	laurentium_hewn_slice_vertical	Laurentium Hewn Vertical Slice	Laurentium Hewn Vertical Slice	Core / Inlay	Published ≤1.5.2	Slice order	Approved
1250	PERMANENT_ALIAS	laurentium_horizontal_slice	laurentium_slice_horizontal	Laurentium Horizontal Slice	Laurentium Horizontal Slice	Core / Inlay	Published ≤1.5.2	Slice order	Approved
1251	PERMANENT_ALIAS	laurentium_rusticated_horizontal_slice	laurentium_rusticated_slice_horizontal	Laurentium Rusticated Horizontal Slice	Laurentium Rusticated Horizontal Slice	Core / Inlay	Published ≤1.5.2	Slice order	Approved
1252	PERMANENT_ALIAS	laurentium_rusticated_vertical_slice	laurentium_rusticated_slice_vertical	Laurentium Rusticated Vertical Slice	Laurentium Rusticated Vertical Slice	Core / Inlay	Published ≤1.5.2	Slice order	Approved
1253	PERMANENT_ALIAS	laurentium_vertical_slice	laurentium_slice_vertical	Laurentium Vertical Slice	Laurentium Vertical Slice	Core / Inlay	Published ≤1.5.2	Slice order	Approved
1254	PERMANENT_ALIAS	mielonyx_ashlar_horizontal_slice	mielonyx_ashlar_slice_horizontal	Mielonyx Ashlar Horizontal Slice	Mielonyx Ashlar Horizontal Slice	Core / Inlay	Published ≤1.5.2	Slice order	Approved
1255	PERMANENT_ALIAS	mielonyx_ashlar_vertical_slice	mielonyx_ashlar_slice_vertical	Mielonyx Ashlar Vertical Slice	Mielonyx Ashlar Vertical Slice	Core / Inlay	Published ≤1.5.2	Slice order	Approved
1256	PERMANENT_ALIAS	mielonyx_herringbone_bronze_horizontal_slice	mielonyx_herringbone_bronze_slice_horizontal	Mielonyx Bronze Herringbone Horizontal Slice	Mielonyx Bronze Herringbone Horizontal Slice	Core / Inlay	Published ≤1.5.2	Slice order	Approved
1257	PERMANENT_ALIAS	mielonyx_herringbone_bronze_vertical_slice	mielonyx_herringbone_bronze_slice_vertical	Mielonyx Bronze Herringbone Vertical Slice	Mielonyx Bronze Herringbone Vertical Slice	Core / Inlay	Published ≤1.5.2	Slice order	Approved
1258	PERMANENT_ALIAS	mielonyx_herringbone_grout_horizontal_slice	mielonyx_herringbone_grout_slice_horizontal	Mielonyx Herringbone Grout Horizontal Slice	Mielonyx Herringbone Grout Horizontal Slice	Core / Inlay	Published ≤1.5.2	Slice order	Approved
1259	PERMANENT_ALIAS	mielonyx_herringbone_grout_vertical_slice	mielonyx_herringbone_grout_slice_vertical	Mielonyx Herringbone Grout Vertical Slice	Mielonyx Herringbone Grout Vertical Slice	Core / Inlay	Published ≤1.5.2	Slice order	Approved
1260	PERMANENT_ALIAS	mielonyx_hewn_horizontal_slice	mielonyx_hewn_slice_horizontal	Mielonyx Hewn Horizontal Slice	Mielonyx Hewn Horizontal Slice	Core / Inlay	Published ≤1.5.2	Slice order	Approved
1261	PERMANENT_ALIAS	mielonyx_hewn_vertical_slice	mielonyx_hewn_slice_vertical	Mielonyx Hewn Vertical Slice	Mielonyx Hewn Vertical Slice	Core / Inlay	Published ≤1.5.2	Slice order	Approved
1262	PERMANENT_ALIAS	mielonyx_horizontal_slice	mielonyx_slice_horizontal	Mielonyx Horizontal Slice	Mielonyx Horizontal Slice	Core / Inlay	Published ≤1.5.2	Slice order	Approved
1263	PERMANENT_ALIAS	mielonyx_imperium_weave_bronze_horizontal_slice	mielonyx_imperium_weave_bronze_slice_horizontal	Mielonyx and Imperium Bronze Weave Horizontal Slice	Mielonyx and Imperium Bronze Weave Horizontal Slice	Core / Inlay	Published ≤1.5.2	Slice order	Approved
1264	PERMANENT_ALIAS	mielonyx_imperium_weave_bronze_vertical_slice	mielonyx_imperium_weave_bronze_slice_vertical	Mielonyx and Imperium Bronze Weave Vertical Slice	Mielonyx and Imperium Bronze Weave Vertical Slice	Core / Inlay	Published ≤1.5.2	Slice order	Approved
1265	PERMANENT_ALIAS	mielonyx_imperium_weave_grout_horizontal_slice	mielonyx_imperium_weave_grout_slice_horizontal	Mielonyx and Imperium Weave Grout Horizontal Slice	Mielonyx and Imperium Weave Grout Horizontal Slice	Core / Inlay	Published ≤1.5.2	Slice order	Approved
1266	PERMANENT_ALIAS	mielonyx_imperium_weave_grout_vertical_slice	mielonyx_imperium_weave_grout_slice_vertical	Mielonyx and Imperium Weave Grout Vertical Slice	Mielonyx and Imperium Weave Grout Vertical Slice	Core / Inlay	Published ≤1.5.2	Slice order	Approved
1267	PERMANENT_ALIAS	mielonyx_rusticated_horizontal_slice	mielonyx_rusticated_slice_horizontal	Mielonyx Rusticated Horizontal Slice	Mielonyx Rusticated Horizontal Slice	Core / Inlay	Published ≤1.5.2	Slice order	Approved
1268	PERMANENT_ALIAS	mielonyx_rusticated_vertical_slice	mielonyx_rusticated_slice_vertical	Mielonyx Rusticated Vertical Slice	Mielonyx Rusticated Vertical Slice	Core / Inlay	Published ≤1.5.2	Slice order	Approved
1269	PERMANENT_ALIAS	mielonyx_vertical_slice	mielonyx_slice_vertical	Mielonyx Vertical Slice	Mielonyx Vertical Slice	Core / Inlay	Published ≤1.5.2	Slice order	Approved
1270	PERMANENT_ALIAS	nerium_ashlar_horizontal_slice	nerium_ashlar_slice_horizontal	Nerium Ashlar Horizontal Slice	Nerium Ashlar Horizontal Slice	Core / Inlay	Published ≤1.5.2	Slice order	Approved
1271	PERMANENT_ALIAS	nerium_ashlar_vertical_slice	nerium_ashlar_slice_vertical	Nerium Ashlar Vertical Slice	Nerium Ashlar Vertical Slice	Core / Inlay	Published ≤1.5.2	Slice order	Approved
1272	PERMANENT_ALIAS	nerium_herringbone_bronze_horizontal_slice	nerium_herringbone_bronze_slice_horizontal	Nerium Bronze Herringbone Horizontal Slice	Nerium Bronze Herringbone Horizontal Slice	Core / Inlay	Published ≤1.5.2	Slice order	Approved
1273	PERMANENT_ALIAS	nerium_herringbone_bronze_vertical_slice	nerium_herringbone_bronze_slice_vertical	Nerium Bronze Herringbone Vertical Slice	Nerium Bronze Herringbone Vertical Slice	Core / Inlay	Published ≤1.5.2	Slice order	Approved
1274	PERMANENT_ALIAS	nerium_herringbone_grout_horizontal_slice	nerium_herringbone_grout_slice_horizontal	Nerium Herringbone Grout Horizontal Slice	Nerium Herringbone Grout Horizontal Slice	Core / Inlay	Published ≤1.5.2	Slice order	Approved
1275	PERMANENT_ALIAS	nerium_herringbone_grout_vertical_slice	nerium_herringbone_grout_slice_vertical	Nerium Herringbone Grout Vertical Slice	Nerium Herringbone Grout Vertical Slice	Core / Inlay	Published ≤1.5.2	Slice order	Approved
1276	PERMANENT_ALIAS	nerium_hewn_horizontal_slice	nerium_hewn_slice_horizontal	Nerium Hewn Horizontal Slice	Nerium Hewn Horizontal Slice	Core / Inlay	Published ≤1.5.2	Slice order	Approved
1277	PERMANENT_ALIAS	nerium_hewn_vertical_slice	nerium_hewn_slice_vertical	Nerium Hewn Vertical Slice	Nerium Hewn Vertical Slice	Core / Inlay	Published ≤1.5.2	Slice order	Approved
1278	PERMANENT_ALIAS	nerium_horizontal_slice	nerium_slice_horizontal	Nerium Horizontal Slice	Nerium Horizontal Slice	Core / Inlay	Published ≤1.5.2	Slice order	Approved
1279	PERMANENT_ALIAS	nerium_rusticated_horizontal_slice	nerium_rusticated_slice_horizontal	Nerium Rusticated Horizontal Slice	Nerium Rusticated Horizontal Slice	Core / Inlay	Published ≤1.5.2	Slice order	Approved
1280	PERMANENT_ALIAS	nerium_rusticated_vertical_slice	nerium_rusticated_slice_vertical	Nerium Rusticated Vertical Slice	Nerium Rusticated Vertical Slice	Core / Inlay	Published ≤1.5.2	Slice order	Approved
1281	PERMANENT_ALIAS	nerium_vertical_slice	nerium_slice_vertical	Nerium Vertical Slice	Nerium Vertical Slice	Core / Inlay	Published ≤1.5.2	Slice order	Approved
1282	PERMANENT_ALIAS	noxoplis_ashlar_horizontal_slice	noxoplis_ashlar_slice_horizontal	Noxoplis Ashlar Horizontal Slice	Noxoplis Ashlar Horizontal Slice	Core / Inlay	Published ≤1.5.2	Slice order	Approved
1283	PERMANENT_ALIAS	noxoplis_ashlar_vertical_slice	noxoplis_ashlar_slice_vertical	Noxoplis Ashlar Vertical Slice	Noxoplis Ashlar Vertical Slice	Core / Inlay	Published ≤1.5.2	Slice order	Approved
1284	PERMANENT_ALIAS	noxoplis_herringbone_bronze_horizontal_slice	noxoplis_herringbone_bronze_slice_horizontal	Noxoplis Bronze Herringbone Horizontal Slice	Noxoplis Bronze Herringbone Horizontal Slice	Core / Inlay	Published ≤1.5.2	Slice order	Approved
1285	PERMANENT_ALIAS	noxoplis_herringbone_bronze_vertical_slice	noxoplis_herringbone_bronze_slice_vertical	Noxoplis Bronze Herringbone Vertical Slice	Noxoplis Bronze Herringbone Vertical Slice	Core / Inlay	Published ≤1.5.2	Slice order	Approved
1286	PERMANENT_ALIAS	noxoplis_herringbone_grout_horizontal_slice	noxoplis_herringbone_grout_slice_horizontal	Noxoplis Herringbone Grout Horizontal Slice	Noxoplis Herringbone Grout Horizontal Slice	Core / Inlay	Published ≤1.5.2	Slice order	Approved
1287	PERMANENT_ALIAS	noxoplis_herringbone_grout_vertical_slice	noxoplis_herringbone_grout_slice_vertical	Noxoplis Herringbone Grout Vertical Slice	Noxoplis Herringbone Grout Vertical Slice	Core / Inlay	Published ≤1.5.2	Slice order	Approved
1288	PERMANENT_ALIAS	noxoplis_hewn_horizontal_slice	noxoplis_hewn_slice_horizontal	Noxoplis Hewn Horizontal Slice	Noxoplis Hewn Horizontal Slice	Core / Inlay	Published ≤1.5.2	Slice order	Approved
1289	PERMANENT_ALIAS	noxoplis_hewn_vertical_slice	noxoplis_hewn_slice_vertical	Noxoplis Hewn Vertical Slice	Noxoplis Hewn Vertical Slice	Core / Inlay	Published ≤1.5.2	Slice order	Approved
1290	PERMANENT_ALIAS	noxoplis_horizontal_slice	noxoplis_slice_horizontal	Noxoplis Horizontal Slice	Noxoplis Horizontal Slice	Core / Inlay	Published ≤1.5.2	Slice order	Approved
1291	PERMANENT_ALIAS	noxoplis_rusticated_horizontal_slice	noxoplis_rusticated_slice_horizontal	Noxoplis Rusticated Horizontal Slice	Noxoplis Rusticated Horizontal Slice	Core / Inlay	Published ≤1.5.2	Slice order	Approved
1292	PERMANENT_ALIAS	noxoplis_rusticated_vertical_slice	noxoplis_rusticated_slice_vertical	Noxoplis Rusticated Vertical Slice	Noxoplis Rusticated Vertical Slice	Core / Inlay	Published ≤1.5.2	Slice order	Approved
1293	PERMANENT_ALIAS	noxoplis_vertical_slice	noxoplis_slice_vertical	Noxoplis Vertical Slice	Noxoplis Vertical Slice	Core / Inlay	Published ≤1.5.2	Slice order	Approved
1294	PERMANENT_ALIAS	porphyros_ashlar_horizontal_slice	porphyros_ashlar_slice_horizontal	Porphyros Ashlar Horizontal Slice	Porphyros Ashlar Horizontal Slice	Core / Inlay	Published ≤1.5.2	Slice order	Approved
1295	PERMANENT_ALIAS	porphyros_ashlar_vertical_slice	porphyros_ashlar_slice_vertical	Porphyros Ashlar Vertical Slice	Porphyros Ashlar Vertical Slice	Core / Inlay	Published ≤1.5.2	Slice order	Approved
1296	PERMANENT_ALIAS	porphyros_herringbone_bronze_horizontal_slice	porphyros_herringbone_bronze_slice_horizontal	Porphyros Bronze Herringbone Horizontal Slice	Porphyros Bronze Herringbone Horizontal Slice	Core / Inlay	Published ≤1.5.2	Slice order	Approved
1297	PERMANENT_ALIAS	porphyros_herringbone_bronze_vertical_slice	porphyros_herringbone_bronze_slice_vertical	Porphyros Bronze Herringbone Vertical Slice	Porphyros Bronze Herringbone Vertical Slice	Core / Inlay	Published ≤1.5.2	Slice order	Approved
1298	PERMANENT_ALIAS	porphyros_herringbone_grout_horizontal_slice	porphyros_herringbone_grout_slice_horizontal	Porphyros Herringbone Grout Horizontal Slice	Porphyros Herringbone Grout Horizontal Slice	Core / Inlay	Published ≤1.5.2	Slice order	Approved
1299	PERMANENT_ALIAS	porphyros_herringbone_grout_vertical_slice	porphyros_herringbone_grout_slice_vertical	Porphyros Herringbone Grout Vertical Slice	Porphyros Herringbone Grout Vertical Slice	Core / Inlay	Published ≤1.5.2	Slice order	Approved
1300	PERMANENT_ALIAS	porphyros_hewn_horizontal_slice	porphyros_hewn_slice_horizontal	Porphyros Hewn Horizontal Slice	Porphyros Hewn Horizontal Slice	Core / Inlay	Published ≤1.5.2	Slice order	Approved
1301	PERMANENT_ALIAS	porphyros_hewn_vertical_slice	porphyros_hewn_slice_vertical	Porphyros Hewn Vertical Slice	Porphyros Hewn Vertical Slice	Core / Inlay	Published ≤1.5.2	Slice order	Approved
1302	PERMANENT_ALIAS	porphyros_horizontal_slice	porphyros_slice_horizontal	Porphyros Horizontal Slice	Porphyros Horizontal Slice	Core / Inlay	Published ≤1.5.2	Slice order	Approved
1303	PERMANENT_ALIAS	porphyros_rusticated_horizontal_slice	porphyros_rusticated_slice_horizontal	Porphyros Rusticated Horizontal Slice	Porphyros Rusticated Horizontal Slice	Core / Inlay	Published ≤1.5.2	Slice order	Approved
1304	PERMANENT_ALIAS	porphyros_rusticated_vertical_slice	porphyros_rusticated_slice_vertical	Porphyros Rusticated Vertical Slice	Porphyros Rusticated Vertical Slice	Core / Inlay	Published ≤1.5.2	Slice order	Approved
1305	PERMANENT_ALIAS	porphyros_vertical_slice	porphyros_slice_vertical	Porphyros Vertical Slice	Porphyros Vertical Slice	Core / Inlay	Published ≤1.5.2	Slice order	Approved
1306	PERMANENT_ALIAS	portorium_ashlar_horizontal_slice	portorium_ashlar_slice_horizontal	Portorium Ashlar Horizontal Slice	Portorium Ashlar Horizontal Slice	Core / Inlay	Published ≤1.5.2	Slice order	Approved
1307	PERMANENT_ALIAS	portorium_ashlar_vertical_slice	portorium_ashlar_slice_vertical	Portorium Ashlar Vertical Slice	Portorium Ashlar Vertical Slice	Core / Inlay	Published ≤1.5.2	Slice order	Approved
1308	PERMANENT_ALIAS	portorium_herringbone_bronze_horizontal_slice	portorium_herringbone_bronze_slice_horizontal	Portorium Bronze Herringbone Horizontal Slice	Portorium Bronze Herringbone Horizontal Slice	Core / Inlay	Published ≤1.5.2	Slice order	Approved
1309	PERMANENT_ALIAS	portorium_herringbone_bronze_vertical_slice	portorium_herringbone_bronze_slice_vertical	Portorium Bronze Herringbone Vertical Slice	Portorium Bronze Herringbone Vertical Slice	Core / Inlay	Published ≤1.5.2	Slice order	Approved
1310	PERMANENT_ALIAS	portorium_herringbone_grout_horizontal_slice	portorium_herringbone_grout_slice_horizontal	Portorium Herringbone Grout Horizontal Slice	Portorium Herringbone Grout Horizontal Slice	Core / Inlay	Published ≤1.5.2	Slice order	Approved
1311	PERMANENT_ALIAS	portorium_herringbone_grout_vertical_slice	portorium_herringbone_grout_slice_vertical	Portorium Herringbone Grout Vertical Slice	Portorium Herringbone Grout Vertical Slice	Core / Inlay	Published ≤1.5.2	Slice order	Approved
1312	PERMANENT_ALIAS	portorium_hewn_horizontal_slice	portorium_hewn_slice_horizontal	Portorium Hewn Horizontal Slice	Portorium Hewn Horizontal Slice	Core / Inlay	Published ≤1.5.2	Slice order	Approved
1313	PERMANENT_ALIAS	portorium_hewn_vertical_slice	portorium_hewn_slice_vertical	Portorium Hewn Vertical Slice	Portorium Hewn Vertical Slice	Core / Inlay	Published ≤1.5.2	Slice order	Approved
1314	PERMANENT_ALIAS	portorium_horizontal_slice	portorium_slice_horizontal	Portorium Horizontal Slice	Portorium Horizontal Slice	Core / Inlay	Published ≤1.5.2	Slice order	Approved
1315	PERMANENT_ALIAS	portorium_rusticated_horizontal_slice	portorium_rusticated_slice_horizontal	Portorium Rusticated Horizontal Slice	Portorium Rusticated Horizontal Slice	Core / Inlay	Published ≤1.5.2	Slice order	Approved
1316	PERMANENT_ALIAS	portorium_rusticated_vertical_slice	portorium_rusticated_slice_vertical	Portorium Rusticated Vertical Slice	Portorium Rusticated Vertical Slice	Core / Inlay	Published ≤1.5.2	Slice order	Approved
1317	PERMANENT_ALIAS	portorium_vertical_slice	portorium_slice_vertical	Portorium Vertical Slice	Portorium Vertical Slice	Core / Inlay	Published ≤1.5.2	Slice order	Approved
1318	PERMANENT_ALIAS	psamatheon_ashlar_horizontal_slice	psamatheon_ashlar_slice_horizontal	Psamatheon Ashlar Horizontal Slice	Psamatheon Ashlar Horizontal Slice	Core / Inlay	Published ≤1.5.2	Slice order	Approved
1319	PERMANENT_ALIAS	psamatheon_ashlar_vertical_slice	psamatheon_ashlar_slice_vertical	Psamatheon Ashlar Vertical Slice	Psamatheon Ashlar Vertical Slice	Core / Inlay	Published ≤1.5.2	Slice order	Approved
1320	PERMANENT_ALIAS	psamatheon_herringbone_bronze_horizontal_slice	psamatheon_herringbone_bronze_slice_horizontal	Psamatheon Bronze Herringbone Horizontal Slice	Psamatheon Bronze Herringbone Horizontal Slice	Core / Inlay	Published ≤1.5.2	Slice order	Approved
1321	PERMANENT_ALIAS	psamatheon_herringbone_bronze_vertical_slice	psamatheon_herringbone_bronze_slice_vertical	Psamatheon Bronze Herringbone Vertical Slice	Psamatheon Bronze Herringbone Vertical Slice	Core / Inlay	Published ≤1.5.2	Slice order	Approved
1322	PERMANENT_ALIAS	psamatheon_herringbone_grout_horizontal_slice	psamatheon_herringbone_grout_slice_horizontal	Psamatheon Herringbone Grout Horizontal Slice	Psamatheon Herringbone Grout Horizontal Slice	Core / Inlay	Published ≤1.5.2	Slice order	Approved
1323	PERMANENT_ALIAS	psamatheon_herringbone_grout_vertical_slice	psamatheon_herringbone_grout_slice_vertical	Psamatheon Herringbone Grout Vertical Slice	Psamatheon Herringbone Grout Vertical Slice	Core / Inlay	Published ≤1.5.2	Slice order	Approved
1324	PERMANENT_ALIAS	psamatheon_hewn_horizontal_slice	psamatheon_hewn_slice_horizontal	Psamatheon Hewn Horizontal Slice	Psamatheon Hewn Horizontal Slice	Core / Inlay	Published ≤1.5.2	Slice order	Approved
1325	PERMANENT_ALIAS	psamatheon_hewn_vertical_slice	psamatheon_hewn_slice_vertical	Psamatheon Hewn Vertical Slice	Psamatheon Hewn Vertical Slice	Core / Inlay	Published ≤1.5.2	Slice order	Approved
1326	PERMANENT_ALIAS	psamatheon_horizontal_slice	psamatheon_slice_horizontal	Psamatheon Horizontal Slice	Psamatheon Horizontal Slice	Core / Inlay	Published ≤1.5.2	Slice order	Approved
1327	PERMANENT_ALIAS	psamatheon_rusticated_horizontal_slice	psamatheon_rusticated_slice_horizontal	Psamatheon Rusticated Horizontal Slice	Psamatheon Rusticated Horizontal Slice	Core / Inlay	Published ≤1.5.2	Slice order	Approved
1328	PERMANENT_ALIAS	psamatheon_rusticated_vertical_slice	psamatheon_rusticated_slice_vertical	Psamatheon Rusticated Vertical Slice	Psamatheon Rusticated Vertical Slice	Core / Inlay	Published ≤1.5.2	Slice order	Approved
1329	PERMANENT_ALIAS	psamatheon_vertical_slice	psamatheon_slice_vertical	Psamatheon Vertical Slice	Psamatheon Vertical Slice	Core / Inlay	Published ≤1.5.2	Slice order	Approved
1330	PERMANENT_ALIAS	rosinium_ashlar_horizontal_slice	rosinium_ashlar_slice_horizontal	Rosinium Ashlar Horizontal Slice	Rosinium Ashlar Horizontal Slice	Core / Inlay	Published ≤1.5.2	Slice order	Approved
1331	PERMANENT_ALIAS	rosinium_ashlar_vertical_slice	rosinium_ashlar_slice_vertical	Rosinium Ashlar Vertical Slice	Rosinium Ashlar Vertical Slice	Core / Inlay	Published ≤1.5.2	Slice order	Approved
1332	PERMANENT_ALIAS	rosinium_herringbone_bronze_horizontal_slice	rosinium_herringbone_bronze_slice_horizontal	Rosinium Bronze Herringbone Horizontal Slice	Rosinium Bronze Herringbone Horizontal Slice	Core / Inlay	Published ≤1.5.2	Slice order	Approved
1333	PERMANENT_ALIAS	rosinium_herringbone_bronze_vertical_slice	rosinium_herringbone_bronze_slice_vertical	Rosinium Bronze Herringbone Vertical Slice	Rosinium Bronze Herringbone Vertical Slice	Core / Inlay	Published ≤1.5.2	Slice order	Approved
1334	PERMANENT_ALIAS	rosinium_herringbone_grout_horizontal_slice	rosinium_herringbone_grout_slice_horizontal	Rosinium Herringbone Grout Horizontal Slice	Rosinium Herringbone Grout Horizontal Slice	Core / Inlay	Published ≤1.5.2	Slice order	Approved
1335	PERMANENT_ALIAS	rosinium_herringbone_grout_vertical_slice	rosinium_herringbone_grout_slice_vertical	Rosinium Herringbone Grout Vertical Slice	Rosinium Herringbone Grout Vertical Slice	Core / Inlay	Published ≤1.5.2	Slice order	Approved
1336	PERMANENT_ALIAS	rosinium_hewn_horizontal_slice	rosinium_hewn_slice_horizontal	Rosinium Hewn Horizontal Slice	Rosinium Hewn Horizontal Slice	Core / Inlay	Published ≤1.5.2	Slice order	Approved
1337	PERMANENT_ALIAS	rosinium_hewn_vertical_slice	rosinium_hewn_slice_vertical	Rosinium Hewn Vertical Slice	Rosinium Hewn Vertical Slice	Core / Inlay	Published ≤1.5.2	Slice order	Approved
1338	PERMANENT_ALIAS	rosinium_horizontal_slice	rosinium_slice_horizontal	Rosinium Horizontal Slice	Rosinium Horizontal Slice	Core / Inlay	Published ≤1.5.2	Slice order	Approved
1339	PERMANENT_ALIAS	rosinium_rusticated_horizontal_slice	rosinium_rusticated_slice_horizontal	Rosinium Rusticated Horizontal Slice	Rosinium Rusticated Horizontal Slice	Core / Inlay	Published ≤1.5.2	Slice order	Approved
1340	PERMANENT_ALIAS	rosinium_rusticated_vertical_slice	rosinium_rusticated_slice_vertical	Rosinium Rusticated Vertical Slice	Rosinium Rusticated Vertical Slice	Core / Inlay	Published ≤1.5.2	Slice order	Approved
1341	PERMANENT_ALIAS	rosinium_sanguenite_weave_bronze_horizontal_slice	rosinium_sanguenite_weave_bronze_slice_horizontal	Rosinium and Sanguenite Bronze Weave Horizontal Slice	Rosinium and Sanguenite Bronze Weave Horizontal Slice	Core / Inlay	Published ≤1.5.2	Slice order	Approved
1342	PERMANENT_ALIAS	rosinium_sanguenite_weave_bronze_vertical_slice	rosinium_sanguenite_weave_bronze_slice_vertical	Rosinium and Sanguenite Bronze Weave Vertical Slice	Rosinium and Sanguenite Bronze Weave Vertical Slice	Core / Inlay	Published ≤1.5.2	Slice order	Approved
1343	PERMANENT_ALIAS	rosinium_sanguenite_weave_grout_horizontal_slice	rosinium_sanguenite_weave_grout_slice_horizontal	Rosinium and Sanguenite Weave Grout Horizontal Slice	Rosinium and Sanguenite Weave Grout Horizontal Slice	Core / Inlay	Published ≤1.5.2	Slice order	Approved
1344	PERMANENT_ALIAS	rosinium_sanguenite_weave_grout_vertical_slice	rosinium_sanguenite_weave_grout_slice_vertical	Rosinium and Sanguenite Weave Grout Vertical Slice	Rosinium and Sanguenite Weave Grout Vertical Slice	Core / Inlay	Published ≤1.5.2	Slice order	Approved
1345	PERMANENT_ALIAS	rosinium_vertical_slice	rosinium_slice_vertical	Rosinium Vertical Slice	Rosinium Vertical Slice	Core / Inlay	Published ≤1.5.2	Slice order	Approved
1346	PERMANENT_ALIAS	sanguenite_ashlar_horizontal_slice	sanguenite_ashlar_slice_horizontal	Sanguenite Ashlar Horizontal Slice	Sanguenite Ashlar Horizontal Slice	Core / Inlay	Published ≤1.5.2	Slice order	Approved
1347	PERMANENT_ALIAS	sanguenite_ashlar_vertical_slice	sanguenite_ashlar_slice_vertical	Sanguenite Ashlar Vertical Slice	Sanguenite Ashlar Vertical Slice	Core / Inlay	Published ≤1.5.2	Slice order	Approved
1348	PERMANENT_ALIAS	sanguenite_herringbone_bronze_horizontal_slice	sanguenite_herringbone_bronze_slice_horizontal	Sanguenite Bronze Herringbone Horizontal Slice	Sanguenite Bronze Herringbone Horizontal Slice	Core / Inlay	Published ≤1.5.2	Slice order	Approved
1349	PERMANENT_ALIAS	sanguenite_herringbone_bronze_vertical_slice	sanguenite_herringbone_bronze_slice_vertical	Sanguenite Bronze Herringbone Vertical Slice	Sanguenite Bronze Herringbone Vertical Slice	Core / Inlay	Published ≤1.5.2	Slice order	Approved
1350	PERMANENT_ALIAS	sanguenite_herringbone_grout_horizontal_slice	sanguenite_herringbone_grout_slice_horizontal	Sanguenite Herringbone Grout Horizontal Slice	Sanguenite Herringbone Grout Horizontal Slice	Core / Inlay	Published ≤1.5.2	Slice order	Approved
1351	PERMANENT_ALIAS	sanguenite_herringbone_grout_vertical_slice	sanguenite_herringbone_grout_slice_vertical	Sanguenite Herringbone Grout Vertical Slice	Sanguenite Herringbone Grout Vertical Slice	Core / Inlay	Published ≤1.5.2	Slice order	Approved
1352	PERMANENT_ALIAS	sanguenite_hewn_horizontal_slice	sanguenite_hewn_slice_horizontal	Sanguenite Hewn Horizontal Slice	Sanguenite Hewn Horizontal Slice	Core / Inlay	Published ≤1.5.2	Slice order	Approved
1353	PERMANENT_ALIAS	sanguenite_hewn_vertical_slice	sanguenite_hewn_slice_vertical	Sanguenite Hewn Vertical Slice	Sanguenite Hewn Vertical Slice	Core / Inlay	Published ≤1.5.2	Slice order	Approved
1354	PERMANENT_ALIAS	sanguenite_horizontal_slice	sanguenite_slice_horizontal	Sanguenite Horizontal Slice	Sanguenite Horizontal Slice	Core / Inlay	Published ≤1.5.2	Slice order	Approved
1355	PERMANENT_ALIAS	sanguenite_rusticated_horizontal_slice	sanguenite_rusticated_slice_horizontal	Sanguenite Rusticated Horizontal Slice	Sanguenite Rusticated Horizontal Slice	Core / Inlay	Published ≤1.5.2	Slice order	Approved
1356	PERMANENT_ALIAS	sanguenite_rusticated_vertical_slice	sanguenite_rusticated_slice_vertical	Sanguenite Rusticated Vertical Slice	Sanguenite Rusticated Vertical Slice	Core / Inlay	Published ≤1.5.2	Slice order	Approved
1357	PERMANENT_ALIAS	sanguenite_vertical_slice	sanguenite_slice_vertical	Sanguenite Vertical Slice	Sanguenite Vertical Slice	Core / Inlay	Published ≤1.5.2	Slice order	Approved
1358	PERMANENT_ALIAS	selenephos_ashlar_horizontal_slice	selenephos_ashlar_slice_horizontal	Selenephos Ashlar Horizontal Slice	Selenephos Ashlar Horizontal Slice	Core / Inlay	Published ≤1.5.2	Slice order	Approved
1359	PERMANENT_ALIAS	selenephos_ashlar_vertical_slice	selenephos_ashlar_slice_vertical	Selenephos Ashlar Vertical Slice	Selenephos Ashlar Vertical Slice	Core / Inlay	Published ≤1.5.2	Slice order	Approved
1360	PERMANENT_ALIAS	selenephos_herringbone_bronze_horizontal_slice	selenephos_herringbone_bronze_slice_horizontal	Selenephos Bronze Herringbone Horizontal Slice	Selenephos Bronze Herringbone Horizontal Slice	Core / Inlay	Published ≤1.5.2	Slice order	Approved
1361	PERMANENT_ALIAS	selenephos_herringbone_bronze_vertical_slice	selenephos_herringbone_bronze_slice_vertical	Selenephos Bronze Herringbone Vertical Slice	Selenephos Bronze Herringbone Vertical Slice	Core / Inlay	Published ≤1.5.2	Slice order	Approved
1362	PERMANENT_ALIAS	selenephos_herringbone_grout_horizontal_slice	selenephos_herringbone_grout_slice_horizontal	Selenephos Herringbone Grout Horizontal Slice	Selenephos Herringbone Grout Horizontal Slice	Core / Inlay	Published ≤1.5.2	Slice order	Approved
1363	PERMANENT_ALIAS	selenephos_herringbone_grout_vertical_slice	selenephos_herringbone_grout_slice_vertical	Selenephos Herringbone Grout Vertical Slice	Selenephos Herringbone Grout Vertical Slice	Core / Inlay	Published ≤1.5.2	Slice order	Approved
1364	PERMANENT_ALIAS	selenephos_hewn_horizontal_slice	selenephos_hewn_slice_horizontal	Selenephos Hewn Horizontal Slice	Selenephos Hewn Horizontal Slice	Core / Inlay	Published ≤1.5.2	Slice order	Approved
1365	PERMANENT_ALIAS	selenephos_hewn_vertical_slice	selenephos_hewn_slice_vertical	Selenephos Hewn Vertical Slice	Selenephos Hewn Vertical Slice	Core / Inlay	Published ≤1.5.2	Slice order	Approved
1366	PERMANENT_ALIAS	selenephos_horizontal_slice	selenephos_slice_horizontal	Selenephos Horizontal Slice	Selenephos Horizontal Slice	Core / Inlay	Published ≤1.5.2	Slice order	Approved
1367	PERMANENT_ALIAS	selenephos_rusticated_horizontal_slice	selenephos_rusticated_slice_horizontal	Selenephos Rusticated Horizontal Slice	Selenephos Rusticated Horizontal Slice	Core / Inlay	Published ≤1.5.2	Slice order	Approved
1368	PERMANENT_ALIAS	selenephos_rusticated_vertical_slice	selenephos_rusticated_slice_vertical	Selenephos Rusticated Vertical Slice	Selenephos Rusticated Vertical Slice	Core / Inlay	Published ≤1.5.2	Slice order	Approved
1369	PERMANENT_ALIAS	selenephos_vertical_slice	selenephos_slice_vertical	Selenephos Vertical Slice	Selenephos Vertical Slice	Core / Inlay	Published ≤1.5.2	Slice order	Approved
1370	PERMANENT_ALIAS	solistra_ashlar_horizontal_slice	solistra_ashlar_slice_horizontal	Solistra Ashlar Horizontal Slice	Solistra Ashlar Horizontal Slice	Core / Inlay	Published ≤1.5.2	Slice order	Approved
1371	PERMANENT_ALIAS	solistra_ashlar_vertical_slice	solistra_ashlar_slice_vertical	Solistra Ashlar Vertical Slice	Solistra Ashlar Vertical Slice	Core / Inlay	Published ≤1.5.2	Slice order	Approved
1372	PERMANENT_ALIAS	solistra_etruscus_weave_bronze_horizontal_slice	solistra_etruscus_weave_bronze_slice_horizontal	Solistra and Etruscus Bronze Weave Horizontal Slice	Solistra and Etruscus Bronze Weave Horizontal Slice	Core / Inlay	Published ≤1.5.2	Slice order	Approved
1373	PERMANENT_ALIAS	solistra_etruscus_weave_bronze_vertical_slice	solistra_etruscus_weave_bronze_slice_vertical	Solistra and Etruscus Bronze Weave Vertical Slice	Solistra and Etruscus Bronze Weave Vertical Slice	Core / Inlay	Published ≤1.5.2	Slice order	Approved
1374	PERMANENT_ALIAS	solistra_etruscus_weave_grout_horizontal_slice	solistra_etruscus_weave_grout_slice_horizontal	Solistra and Etruscus Weave Grout Horizontal Slice	Solistra and Etruscus Weave Grout Horizontal Slice	Core / Inlay	Published ≤1.5.2	Slice order	Approved
1375	PERMANENT_ALIAS	solistra_etruscus_weave_grout_vertical_slice	solistra_etruscus_weave_grout_slice_vertical	Solistra and Etruscus Weave Grout Vertical Slice	Solistra and Etruscus Weave Grout Vertical Slice	Core / Inlay	Published ≤1.5.2	Slice order	Approved
1376	PERMANENT_ALIAS	solistra_herringbone_bronze_horizontal_slice	solistra_herringbone_bronze_slice_horizontal	Solistra Bronze Herringbone Horizontal Slice	Solistra Bronze Herringbone Horizontal Slice	Core / Inlay	Published ≤1.5.2	Slice order	Approved
1377	PERMANENT_ALIAS	solistra_herringbone_bronze_vertical_slice	solistra_herringbone_bronze_slice_vertical	Solistra Bronze Herringbone Vertical Slice	Solistra Bronze Herringbone Vertical Slice	Core / Inlay	Published ≤1.5.2	Slice order	Approved
1378	PERMANENT_ALIAS	solistra_herringbone_grout_horizontal_slice	solistra_herringbone_grout_slice_horizontal	Solistra Herringbone Grout Horizontal Slice	Solistra Herringbone Grout Horizontal Slice	Core / Inlay	Published ≤1.5.2	Slice order	Approved
1379	PERMANENT_ALIAS	solistra_herringbone_grout_vertical_slice	solistra_herringbone_grout_slice_vertical	Solistra Herringbone Grout Vertical Slice	Solistra Herringbone Grout Vertical Slice	Core / Inlay	Published ≤1.5.2	Slice order	Approved
1380	PERMANENT_ALIAS	solistra_hewn_horizontal_slice	solistra_hewn_slice_horizontal	Solistra Hewn Horizontal Slice	Solistra Hewn Horizontal Slice	Core / Inlay	Published ≤1.5.2	Slice order	Approved
1381	PERMANENT_ALIAS	solistra_hewn_vertical_slice	solistra_hewn_slice_vertical	Solistra Hewn Vertical Slice	Solistra Hewn Vertical Slice	Core / Inlay	Published ≤1.5.2	Slice order	Approved
1382	PERMANENT_ALIAS	solistra_horizontal_slice	solistra_slice_horizontal	Solistra Horizontal Slice	Solistra Horizontal Slice	Core / Inlay	Published ≤1.5.2	Slice order	Approved
1383	PERMANENT_ALIAS	solistra_rusticated_horizontal_slice	solistra_rusticated_slice_horizontal	Solistra Rusticated Horizontal Slice	Solistra Rusticated Horizontal Slice	Core / Inlay	Published ≤1.5.2	Slice order	Approved
1384	PERMANENT_ALIAS	solistra_rusticated_vertical_slice	solistra_rusticated_slice_vertical	Solistra Rusticated Vertical Slice	Solistra Rusticated Vertical Slice	Core / Inlay	Published ≤1.5.2	Slice order	Approved
1385	PERMANENT_ALIAS	solistra_vertical_slice	solistra_slice_vertical	Solistra Vertical Slice	Solistra Vertical Slice	Core / Inlay	Published ≤1.5.2	Slice order	Approved
1386	PERMANENT_ALIAS	striatus_ashlar_horizontal_slice	striatus_ashlar_slice_horizontal	Striatus Ashlar Horizontal Slice	Striatus Ashlar Horizontal Slice	Core / Inlay	Published ≤1.5.2	Slice order	Approved
1387	PERMANENT_ALIAS	striatus_ashlar_vertical_slice	striatus_ashlar_slice_vertical	Striatus Ashlar Vertical Slice	Striatus Ashlar Vertical Slice	Core / Inlay	Published ≤1.5.2	Slice order	Approved
1388	PERMANENT_ALIAS	striatus_herringbone_bronze_horizontal_slice	striatus_herringbone_bronze_slice_horizontal	Striatus Bronze Herringbone Horizontal Slice	Striatus Bronze Herringbone Horizontal Slice	Core / Inlay	Published ≤1.5.2	Slice order	Approved
1389	PERMANENT_ALIAS	striatus_herringbone_bronze_vertical_slice	striatus_herringbone_bronze_slice_vertical	Striatus Bronze Herringbone Vertical Slice	Striatus Bronze Herringbone Vertical Slice	Core / Inlay	Published ≤1.5.2	Slice order	Approved
1390	PERMANENT_ALIAS	striatus_herringbone_grout_horizontal_slice	striatus_herringbone_grout_slice_horizontal	Striatus Herringbone Grout Horizontal Slice	Striatus Herringbone Grout Horizontal Slice	Core / Inlay	Published ≤1.5.2	Slice order	Approved
1391	PERMANENT_ALIAS	striatus_herringbone_grout_vertical_slice	striatus_herringbone_grout_slice_vertical	Striatus Herringbone Grout Vertical Slice	Striatus Herringbone Grout Vertical Slice	Core / Inlay	Published ≤1.5.2	Slice order	Approved
1392	PERMANENT_ALIAS	striatus_hewn_horizontal_slice	striatus_hewn_slice_horizontal	Striatus Hewn Horizontal Slice	Striatus Hewn Horizontal Slice	Core / Inlay	Published ≤1.5.2	Slice order	Approved
1393	PERMANENT_ALIAS	striatus_hewn_vertical_slice	striatus_hewn_slice_vertical	Striatus Hewn Vertical Slice	Striatus Hewn Vertical Slice	Core / Inlay	Published ≤1.5.2	Slice order	Approved
1394	PERMANENT_ALIAS	striatus_horizontal_slice	striatus_slice_horizontal	Striatus Horizontal Slice	Striatus Horizontal Slice	Core / Inlay	Published ≤1.5.2	Slice order	Approved
1395	PERMANENT_ALIAS	striatus_nerium_weave_bronze_horizontal_slice	striatus_nerium_weave_bronze_slice_horizontal	Striatus and Nerium Bronze Weave Horizontal Slice	Striatus and Nerium Bronze Weave Horizontal Slice	Core / Inlay	Published ≤1.5.2	Slice order	Approved
1396	PERMANENT_ALIAS	striatus_nerium_weave_bronze_vertical_slice	striatus_nerium_weave_bronze_slice_vertical	Striatus and Nerium Bronze Weave Vertical Slice	Striatus and Nerium Bronze Weave Vertical Slice	Core / Inlay	Published ≤1.5.2	Slice order	Approved
1397	PERMANENT_ALIAS	striatus_nerium_weave_grout_horizontal_slice	striatus_nerium_weave_grout_slice_horizontal	Striatus and Nerium Weave Grout Horizontal Slice	Striatus and Nerium Weave Grout Horizontal Slice	Core / Inlay	Published ≤1.5.2	Slice order	Approved
1398	PERMANENT_ALIAS	striatus_nerium_weave_grout_vertical_slice	striatus_nerium_weave_grout_slice_vertical	Striatus and Nerium Weave Grout Vertical Slice	Striatus and Nerium Weave Grout Vertical Slice	Core / Inlay	Published ≤1.5.2	Slice order	Approved
1399	PERMANENT_ALIAS	striatus_rusticated_horizontal_slice	striatus_rusticated_slice_horizontal	Striatus Rusticated Horizontal Slice	Striatus Rusticated Horizontal Slice	Core / Inlay	Published ≤1.5.2	Slice order	Approved
1400	PERMANENT_ALIAS	striatus_rusticated_vertical_slice	striatus_rusticated_slice_vertical	Striatus Rusticated Vertical Slice	Striatus Rusticated Vertical Slice	Core / Inlay	Published ≤1.5.2	Slice order	Approved
1401	PERMANENT_ALIAS	striatus_vertical_slice	striatus_slice_vertical	Striatus Vertical Slice	Striatus Vertical Slice	Core / Inlay	Published ≤1.5.2	Slice order	Approved
1402	DIRECT_RENAME	aganite_alcove_georgian_aged	aganite_aged_alcove_georgian	Aganite Aged Georgian Alcove	Aganite Aged Georgian Alcove	Georgian	Unpublished — development family	Aged order	Approved
1403	PERMANENT_ALIAS	aganite_cornice_georgian_aged	aganite_aged_cornice_georgian	Aganite Aged Georgian Cornice	Aganite Aged Georgian Cornice	Georgian	Published ≤1.5.2	Aged order	Approved
1404	PERMANENT_ALIAS	aganite_surround_georgian_aged	aganite_aged_surround_georgian	Aganite Aged Georgian Surround	Aganite Aged Georgian Surround	Georgian	Published ≤1.5.2	Aged order	Approved
1405	PERMANENT_ALIAS	aganite_wall_georgian_aged	aganite_aged_wall_georgian	Aganite Aged Georgian Wall	Aganite Aged Georgian Wall	Georgian	Published ≤1.5.2	Aged order	Approved
1406	PERMANENT_ALIAS	aganite_window_french_georgian_aged	aganite_aged_window_french_georgian	Aganite Aged French Georgian Window	Aganite Aged French Georgian Window	Georgian	Published ≤1.5.2	Aged order	Approved
1407	DIRECT_RENAME	aterzon_alcove_georgian_aged	aterzon_aged_alcove_georgian	Aterzon Aged Georgian Alcove	Aterzon Aged Georgian Alcove	Georgian	Unpublished — development family	Aged order	Approved
1408	PERMANENT_ALIAS	aterzon_cornice_georgian_aged	aterzon_aged_cornice_georgian	Aterzon Aged Georgian Cornice	Aterzon Aged Georgian Cornice	Georgian	Published ≤1.5.2	Aged order	Approved
1409	PERMANENT_ALIAS	aterzon_surround_georgian_aged	aterzon_aged_surround_georgian	Aterzon Aged Georgian Surround	Aterzon Aged Georgian Surround	Georgian	Published ≤1.5.2	Aged order	Approved
1410	PERMANENT_ALIAS	aterzon_wall_georgian_aged	aterzon_aged_wall_georgian	Aterzon Aged Georgian Wall	Aterzon Aged Georgian Wall	Georgian	Published ≤1.5.2	Aged order	Approved
1411	PERMANENT_ALIAS	aterzon_window_french_georgian_aged	aterzon_aged_window_french_georgian	Aterzon Aged French Georgian Window	Aterzon Aged French Georgian Window	Georgian	Published ≤1.5.2	Aged order	Approved
1412	DIRECT_RENAME	borealis_alcove_georgian_aged	borealis_aged_alcove_georgian	Borealis Aged Georgian Alcove	Borealis Aged Georgian Alcove	Georgian	Unpublished — development family	Aged order	Approved
1413	PERMANENT_ALIAS	borealis_cornice_georgian_aged	borealis_aged_cornice_georgian	Borealis Aged Georgian Cornice	Borealis Aged Georgian Cornice	Georgian	Published ≤1.5.2	Aged order	Approved
1414	PERMANENT_ALIAS	borealis_surround_georgian_aged	borealis_aged_surround_georgian	Borealis Aged Georgian Surround	Borealis Aged Georgian Surround	Georgian	Published ≤1.5.2	Aged order	Approved
1415	PERMANENT_ALIAS	borealis_wall_georgian_aged	borealis_aged_wall_georgian	Borealis Aged Georgian Wall	Borealis Aged Georgian Wall	Georgian	Published ≤1.5.2	Aged order	Approved
1416	PERMANENT_ALIAS	borealis_window_french_georgian_aged	borealis_aged_window_french_georgian	Borealis Aged French Georgian Window	Borealis Aged French Georgian Window	Georgian	Published ≤1.5.2	Aged order	Approved
1417	DIRECT_RENAME	brectite_alcove_georgian_aged	brectite_aged_alcove_georgian	Brectite Aged Georgian Alcove	Brectite Aged Georgian Alcove	Georgian	Unpublished — development family	Aged order	Approved
1418	PERMANENT_ALIAS	brectite_cornice_georgian_aged	brectite_aged_cornice_georgian	Brectite Aged Georgian Cornice	Brectite Aged Georgian Cornice	Georgian	Published ≤1.5.2	Aged order	Approved
1419	PERMANENT_ALIAS	brectite_surround_georgian_aged	brectite_aged_surround_georgian	Brectite Aged Georgian Surround	Brectite Aged Georgian Surround	Georgian	Published ≤1.5.2	Aged order	Approved
1420	PERMANENT_ALIAS	brectite_wall_georgian_aged	brectite_aged_wall_georgian	Brectite Aged Georgian Wall	Brectite Aged Georgian Wall	Georgian	Published ≤1.5.2	Aged order	Approved
1421	PERMANENT_ALIAS	brectite_window_french_georgian_aged	brectite_aged_window_french_georgian	Brectite Aged French Georgian Window	Brectite Aged French Georgian Window	Georgian	Published ≤1.5.2	Aged order	Approved
1422	DIRECT_RENAME	calacattum_alcove_georgian_aged	calacattum_aged_alcove_georgian	Calacattum Aged Georgian Alcove	Calacattum Aged Georgian Alcove	Georgian	Unpublished — development family	Aged order	Approved
1423	PERMANENT_ALIAS	calacattum_cornice_georgian_aged	calacattum_aged_cornice_georgian	Calacattum Aged Georgian Cornice	Calacattum Aged Georgian Cornice	Georgian	Published ≤1.5.2	Aged order	Approved
1424	PERMANENT_ALIAS	calacattum_surround_georgian_aged	calacattum_aged_surround_georgian	Calacattum Aged Georgian Surround	Calacattum Aged Georgian Surround	Georgian	Published ≤1.5.2	Aged order	Approved
1425	PERMANENT_ALIAS	calacattum_wall_georgian_aged	calacattum_aged_wall_georgian	Calacattum Aged Georgian Wall	Calacattum Aged Georgian Wall	Georgian	Published ≤1.5.2	Aged order	Approved
1426	PERMANENT_ALIAS	calacattum_window_french_georgian_aged	calacattum_aged_window_french_georgian	Calacattum Aged French Georgian Window	Calacattum Aged French Georgian Window	Georgian	Published ≤1.5.2	Aged order	Approved
1427	DIRECT_RENAME	chalstrom_alcove_georgian_aged	chalstrom_aged_alcove_georgian	Chalstrom Aged Georgian Alcove	Chalstrom Aged Georgian Alcove	Georgian	Unpublished — development family	Aged order	Approved
1428	PERMANENT_ALIAS	chalstrom_cornice_georgian_aged	chalstrom_aged_cornice_georgian	Chalstrom Aged Georgian Cornice	Chalstrom Aged Georgian Cornice	Georgian	Published ≤1.5.2	Aged order	Approved
1429	PERMANENT_ALIAS	chalstrom_surround_georgian_aged	chalstrom_aged_surround_georgian	Chalstrom Aged Georgian Surround	Chalstrom Aged Georgian Surround	Georgian	Published ≤1.5.2	Aged order	Approved
1430	PERMANENT_ALIAS	chalstrom_wall_georgian_aged	chalstrom_aged_wall_georgian	Chalstrom Aged Georgian Wall	Chalstrom Aged Georgian Wall	Georgian	Published ≤1.5.2	Aged order	Approved
1431	PERMANENT_ALIAS	chalstrom_window_french_georgian_aged	chalstrom_aged_window_french_georgian	Chalstrom Aged French Georgian Window	Chalstrom Aged French Georgian Window	Georgian	Published ≤1.5.2	Aged order	Approved
1432	DIRECT_RENAME	chrysonyx_alcove_georgian_aged	chrysonyx_aged_alcove_georgian	Chrysonyx Aged Georgian Alcove	Chrysonyx Aged Georgian Alcove	Georgian	Unpublished — development family	Aged order	Approved
1433	PERMANENT_ALIAS	chrysonyx_cornice_georgian_aged	chrysonyx_aged_cornice_georgian	Chrysonyx Aged Georgian Cornice	Chrysonyx Aged Georgian Cornice	Georgian	Published ≤1.5.2	Aged order	Approved
1434	PERMANENT_ALIAS	chrysonyx_surround_georgian_aged	chrysonyx_aged_surround_georgian	Chrysonyx Aged Georgian Surround	Chrysonyx Aged Georgian Surround	Georgian	Published ≤1.5.2	Aged order	Approved
1435	PERMANENT_ALIAS	chrysonyx_wall_georgian_aged	chrysonyx_aged_wall_georgian	Chrysonyx Aged Georgian Wall	Chrysonyx Aged Georgian Wall	Georgian	Published ≤1.5.2	Aged order	Approved
1436	PERMANENT_ALIAS	chrysonyx_window_french_georgian_aged	chrysonyx_aged_window_french_georgian	Chrysonyx Aged French Georgian Window	Chrysonyx Aged French Georgian Window	Georgian	Published ≤1.5.2	Aged order	Approved
1437	DIRECT_RENAME	etruscus_alcove_georgian_aged	etruscus_aged_alcove_georgian	Etruscus Aged Georgian Alcove	Etruscus Aged Georgian Alcove	Georgian	Unpublished — development family	Aged order	Approved
1438	PERMANENT_ALIAS	etruscus_cornice_georgian_aged	etruscus_aged_cornice_georgian	Etruscus Aged Georgian Cornice	Etruscus Aged Georgian Cornice	Georgian	Published ≤1.5.2	Aged order	Approved
1439	PERMANENT_ALIAS	etruscus_surround_georgian_aged	etruscus_aged_surround_georgian	Etruscus Aged Georgian Surround	Etruscus Aged Georgian Surround	Georgian	Published ≤1.5.2	Aged order	Approved
1440	PERMANENT_ALIAS	etruscus_wall_georgian_aged	etruscus_aged_wall_georgian	Etruscus Aged Georgian Wall	Etruscus Aged Georgian Wall	Georgian	Published ≤1.5.2	Aged order	Approved
1441	PERMANENT_ALIAS	etruscus_window_french_georgian_aged	etruscus_aged_window_french_georgian	Etruscus Aged French Georgian Window	Etruscus Aged French Georgian Window	Georgian	Published ≤1.5.2	Aged order	Approved
1442	DIRECT_RENAME	gelastrum_alcove_georgian_aged	gelastrum_aged_alcove_georgian	Gelastrum Aged Georgian Alcove	Gelastrum Aged Georgian Alcove	Georgian	Unpublished — development family	Aged order	Approved
1443	PERMANENT_ALIAS	gelastrum_cornice_georgian_aged	gelastrum_aged_cornice_georgian	Gelastrum Aged Georgian Cornice	Gelastrum Aged Georgian Cornice	Georgian	Published ≤1.5.2	Aged order	Approved
1444	PERMANENT_ALIAS	gelastrum_surround_georgian_aged	gelastrum_aged_surround_georgian	Gelastrum Aged Georgian Surround	Gelastrum Aged Georgian Surround	Georgian	Published ≤1.5.2	Aged order	Approved
1445	PERMANENT_ALIAS	gelastrum_wall_georgian_aged	gelastrum_aged_wall_georgian	Gelastrum Aged Georgian Wall	Gelastrum Aged Georgian Wall	Georgian	Published ≤1.5.2	Aged order	Approved
1446	PERMANENT_ALIAS	gelastrum_window_french_georgian_aged	gelastrum_aged_window_french_georgian	Gelastrum Aged French Georgian Window	Gelastrum Aged French Georgian Window	Georgian	Published ≤1.5.2	Aged order	Approved
1447	DIRECT_RENAME	glacium_alcove_georgian_aged	glacium_aged_alcove_georgian	Glacium Aged Georgian Alcove	Glacium Aged Georgian Alcove	Georgian	Unpublished — development family	Aged order	Approved
1448	PERMANENT_ALIAS	glacium_cornice_georgian_aged	glacium_aged_cornice_georgian	Glacium Aged Georgian Cornice	Glacium Aged Georgian Cornice	Georgian	Published ≤1.5.2	Aged order	Approved
1449	PERMANENT_ALIAS	glacium_surround_georgian_aged	glacium_aged_surround_georgian	Glacium Aged Georgian Surround	Glacium Aged Georgian Surround	Georgian	Published ≤1.5.2	Aged order	Approved
1450	PERMANENT_ALIAS	glacium_wall_georgian_aged	glacium_aged_wall_georgian	Glacium Aged Georgian Wall	Glacium Aged Georgian Wall	Georgian	Published ≤1.5.2	Aged order	Approved
1451	PERMANENT_ALIAS	glacium_window_french_georgian_aged	glacium_aged_window_french_georgian	Glacium Aged French Georgian Window	Glacium Aged French Georgian Window	Georgian	Published ≤1.5.2	Aged order	Approved
1452	DIRECT_RENAME	hesperion_alcove_georgian_aged	hesperion_aged_alcove_georgian	Hesperion Aged Georgian Alcove	Hesperion Aged Georgian Alcove	Georgian	Unpublished — development family	Aged order	Approved
1453	PERMANENT_ALIAS	hesperion_cornice_georgian_aged	hesperion_aged_cornice_georgian	Hesperion Aged Georgian Cornice	Hesperion Aged Georgian Cornice	Georgian	Published ≤1.5.2	Aged order	Approved
1454	PERMANENT_ALIAS	hesperion_surround_georgian_aged	hesperion_aged_surround_georgian	Hesperion Aged Georgian Surround	Hesperion Aged Georgian Surround	Georgian	Published ≤1.5.2	Aged order	Approved
1455	PERMANENT_ALIAS	hesperion_wall_georgian_aged	hesperion_aged_wall_georgian	Hesperion Aged Georgian Wall	Hesperion Aged Georgian Wall	Georgian	Published ≤1.5.2	Aged order	Approved
1456	PERMANENT_ALIAS	hesperion_window_french_georgian_aged	hesperion_aged_window_french_georgian	Hesperion Aged French Georgian Window	Hesperion Aged French Georgian Window	Georgian	Published ≤1.5.2	Aged order	Approved
1457	DIRECT_RENAME	imperium_alcove_georgian_aged	imperium_aged_alcove_georgian	Imperium Aged Georgian Alcove	Imperium Aged Georgian Alcove	Georgian	Unpublished — development family	Aged order	Approved
1458	PERMANENT_ALIAS	imperium_cornice_georgian_aged	imperium_aged_cornice_georgian	Imperium Aged Georgian Cornice	Imperium Aged Georgian Cornice	Georgian	Published ≤1.5.2	Aged order	Approved
1459	PERMANENT_ALIAS	imperium_surround_georgian_aged	imperium_aged_surround_georgian	Imperium Aged Georgian Surround	Imperium Aged Georgian Surround	Georgian	Published ≤1.5.2	Aged order	Approved
1460	PERMANENT_ALIAS	imperium_wall_georgian_aged	imperium_aged_wall_georgian	Imperium Aged Georgian Wall	Imperium Aged Georgian Wall	Georgian	Published ≤1.5.2	Aged order	Approved
1461	PERMANENT_ALIAS	imperium_window_french_georgian_aged	imperium_aged_window_french_georgian	Imperium Aged French Georgian Window	Imperium Aged French Georgian Window	Georgian	Published ≤1.5.2	Aged order	Approved
1462	DIRECT_RENAME	kelastrion_alcove_georgian_aged	kelastrion_aged_alcove_georgian	Kelastrion Aged Georgian Alcove	Kelastrion Aged Georgian Alcove	Georgian	Unpublished — development family	Aged order	Approved
1463	PERMANENT_ALIAS	kelastrion_cornice_georgian_aged	kelastrion_aged_cornice_georgian	Kelastrion Aged Georgian Cornice	Kelastrion Aged Georgian Cornice	Georgian	Published ≤1.5.2	Aged order	Approved
1464	PERMANENT_ALIAS	kelastrion_surround_georgian_aged	kelastrion_aged_surround_georgian	Kelastrion Aged Georgian Surround	Kelastrion Aged Georgian Surround	Georgian	Published ≤1.5.2	Aged order	Approved
1465	PERMANENT_ALIAS	kelastrion_wall_georgian_aged	kelastrion_aged_wall_georgian	Kelastrion Aged Georgian Wall	Kelastrion Aged Georgian Wall	Georgian	Published ≤1.5.2	Aged order	Approved
1466	PERMANENT_ALIAS	kelastrion_window_french_georgian_aged	kelastrion_aged_window_french_georgian	Kelastrion Aged French Georgian Window	Kelastrion Aged French Georgian Window	Georgian	Published ≤1.5.2	Aged order	Approved
1467	DIRECT_RENAME	kylorion_alcove_georgian_aged	kylorion_aged_alcove_georgian	Kylorion Aged Georgian Alcove	Kylorion Aged Georgian Alcove	Georgian	Unpublished — development family	Aged order	Approved
1468	PERMANENT_ALIAS	kylorion_cornice_georgian_aged	kylorion_aged_cornice_georgian	Kylorion Aged Georgian Cornice	Kylorion Aged Georgian Cornice	Georgian	Published ≤1.5.2	Aged order	Approved
1469	PERMANENT_ALIAS	kylorion_surround_georgian_aged	kylorion_aged_surround_georgian	Kylorion Aged Georgian Surround	Kylorion Aged Georgian Surround	Georgian	Published ≤1.5.2	Aged order	Approved
1470	PERMANENT_ALIAS	kylorion_wall_georgian_aged	kylorion_aged_wall_georgian	Kylorion Aged Georgian Wall	Kylorion Aged Georgian Wall	Georgian	Published ≤1.5.2	Aged order	Approved
1471	PERMANENT_ALIAS	kylorion_window_french_georgian_aged	kylorion_aged_window_french_georgian	Kylorion Aged French Georgian Window	Kylorion Aged French Georgian Window	Georgian	Published ≤1.5.2	Aged order	Approved
1472	DIRECT_RENAME	latmion_alcove_georgian_aged	latmion_aged_alcove_georgian	Latmion Aged Georgian Alcove	Latmion Aged Georgian Alcove	Georgian	Unpublished — development family	Aged order	Approved
1473	PERMANENT_ALIAS	latmion_cornice_georgian_aged	latmion_aged_cornice_georgian	Latmion Aged Georgian Cornice	Latmion Aged Georgian Cornice	Georgian	Published ≤1.5.2	Aged order	Approved
1474	PERMANENT_ALIAS	latmion_surround_georgian_aged	latmion_aged_surround_georgian	Latmion Aged Georgian Surround	Latmion Aged Georgian Surround	Georgian	Published ≤1.5.2	Aged order	Approved
1475	PERMANENT_ALIAS	latmion_wall_georgian_aged	latmion_aged_wall_georgian	Latmion Aged Georgian Wall	Latmion Aged Georgian Wall	Georgian	Published ≤1.5.2	Aged order	Approved
1476	PERMANENT_ALIAS	latmion_window_french_georgian_aged	latmion_aged_window_french_georgian	Latmion Aged French Georgian Window	Latmion Aged French Georgian Window	Georgian	Published ≤1.5.2	Aged order	Approved
1477	DIRECT_RENAME	laurentium_alcove_georgian_aged	laurentium_aged_alcove_georgian	Laurentium Aged Georgian Alcove	Laurentium Aged Georgian Alcove	Georgian	Unpublished — development family	Aged order	Approved
1478	PERMANENT_ALIAS	laurentium_cornice_georgian_aged	laurentium_aged_cornice_georgian	Laurentium Aged Georgian Cornice	Laurentium Aged Georgian Cornice	Georgian	Published ≤1.5.2	Aged order	Approved
1479	PERMANENT_ALIAS	laurentium_surround_georgian_aged	laurentium_aged_surround_georgian	Laurentium Aged Georgian Surround	Laurentium Aged Georgian Surround	Georgian	Published ≤1.5.2	Aged order	Approved
1480	PERMANENT_ALIAS	laurentium_wall_georgian_aged	laurentium_aged_wall_georgian	Laurentium Aged Georgian Wall	Laurentium Aged Georgian Wall	Georgian	Published ≤1.5.2	Aged order	Approved
1481	PERMANENT_ALIAS	laurentium_window_french_georgian_aged	laurentium_aged_window_french_georgian	Laurentium Aged French Georgian Window	Laurentium Aged French Georgian Window	Georgian	Published ≤1.5.2	Aged order	Approved
1482	DIRECT_RENAME	mielonyx_alcove_georgian_aged	mielonyx_aged_alcove_georgian	Mielonyx Aged Georgian Alcove	Mielonyx Aged Georgian Alcove	Georgian	Unpublished — development family	Aged order	Approved
1483	PERMANENT_ALIAS	mielonyx_cornice_georgian_aged	mielonyx_aged_cornice_georgian	Mielonyx Aged Georgian Cornice	Mielonyx Aged Georgian Cornice	Georgian	Published ≤1.5.2	Aged order	Approved
1484	PERMANENT_ALIAS	mielonyx_surround_georgian_aged	mielonyx_aged_surround_georgian	Mielonyx Aged Georgian Surround	Mielonyx Aged Georgian Surround	Georgian	Published ≤1.5.2	Aged order	Approved
1485	PERMANENT_ALIAS	mielonyx_wall_georgian_aged	mielonyx_aged_wall_georgian	Mielonyx Aged Georgian Wall	Mielonyx Aged Georgian Wall	Georgian	Published ≤1.5.2	Aged order	Approved
1486	PERMANENT_ALIAS	mielonyx_window_french_georgian_aged	mielonyx_aged_window_french_georgian	Mielonyx Aged French Georgian Window	Mielonyx Aged French Georgian Window	Georgian	Published ≤1.5.2	Aged order	Approved
1487	DIRECT_RENAME	nerium_alcove_georgian_aged	nerium_aged_alcove_georgian	Nerium Aged Georgian Alcove	Nerium Aged Georgian Alcove	Georgian	Unpublished — development family	Aged order	Approved
1488	PERMANENT_ALIAS	nerium_cornice_georgian_aged	nerium_aged_cornice_georgian	Nerium Aged Georgian Cornice	Nerium Aged Georgian Cornice	Georgian	Published ≤1.5.2	Aged order	Approved
1489	PERMANENT_ALIAS	nerium_surround_georgian_aged	nerium_aged_surround_georgian	Nerium Aged Georgian Surround	Nerium Aged Georgian Surround	Georgian	Published ≤1.5.2	Aged order	Approved
1490	PERMANENT_ALIAS	nerium_wall_georgian_aged	nerium_aged_wall_georgian	Nerium Aged Georgian Wall	Nerium Aged Georgian Wall	Georgian	Published ≤1.5.2	Aged order	Approved
1491	PERMANENT_ALIAS	nerium_window_french_georgian_aged	nerium_aged_window_french_georgian	Nerium Aged French Georgian Window	Nerium Aged French Georgian Window	Georgian	Published ≤1.5.2	Aged order	Approved
1492	DIRECT_RENAME	noxoplis_alcove_georgian_aged	noxoplis_aged_alcove_georgian	Noxoplis Aged Georgian Alcove	Noxoplis Aged Georgian Alcove	Georgian	Unpublished — development family	Aged order	Approved
1493	PERMANENT_ALIAS	noxoplis_cornice_georgian_aged	noxoplis_aged_cornice_georgian	Noxoplis Aged Georgian Cornice	Noxoplis Aged Georgian Cornice	Georgian	Published ≤1.5.2	Aged order	Approved
1494	PERMANENT_ALIAS	noxoplis_surround_georgian_aged	noxoplis_aged_surround_georgian	Noxoplis Aged Georgian Surround	Noxoplis Aged Georgian Surround	Georgian	Published ≤1.5.2	Aged order	Approved
1495	PERMANENT_ALIAS	noxoplis_wall_georgian_aged	noxoplis_aged_wall_georgian	Noxoplis Aged Georgian Wall	Noxoplis Aged Georgian Wall	Georgian	Published ≤1.5.2	Aged order	Approved
1496	PERMANENT_ALIAS	noxoplis_window_french_georgian_aged	noxoplis_aged_window_french_georgian	Noxoplis Aged French Georgian Window	Noxoplis Aged French Georgian Window	Georgian	Published ≤1.5.2	Aged order	Approved
1497	DIRECT_RENAME	porphyros_alcove_georgian_aged	porphyros_aged_alcove_georgian	Porphyros Aged Georgian Alcove	Porphyros Aged Georgian Alcove	Georgian	Unpublished — development family	Aged order	Approved
1498	PERMANENT_ALIAS	porphyros_cornice_georgian_aged	porphyros_aged_cornice_georgian	Porphyros Aged Georgian Cornice	Porphyros Aged Georgian Cornice	Georgian	Published ≤1.5.2	Aged order	Approved
1499	PERMANENT_ALIAS	porphyros_surround_georgian_aged	porphyros_aged_surround_georgian	Porphyros Aged Georgian Surround	Porphyros Aged Georgian Surround	Georgian	Published ≤1.5.2	Aged order	Approved
1500	PERMANENT_ALIAS	porphyros_wall_georgian_aged	porphyros_aged_wall_georgian	Porphyros Aged Georgian Wall	Porphyros Aged Georgian Wall	Georgian	Published ≤1.5.2	Aged order	Approved
1501	PERMANENT_ALIAS	porphyros_window_french_georgian_aged	porphyros_aged_window_french_georgian	Porphyros Aged French Georgian Window	Porphyros Aged French Georgian Window	Georgian	Published ≤1.5.2	Aged order	Approved
1502	DIRECT_RENAME	portorium_alcove_georgian_aged	portorium_aged_alcove_georgian	Portorium Aged Georgian Alcove	Portorium Aged Georgian Alcove	Georgian	Unpublished — development family	Aged order	Approved
1503	PERMANENT_ALIAS	portorium_cornice_georgian_aged	portorium_aged_cornice_georgian	Portorium Aged Georgian Cornice	Portorium Aged Georgian Cornice	Georgian	Published ≤1.5.2	Aged order	Approved
1504	PERMANENT_ALIAS	portorium_surround_georgian_aged	portorium_aged_surround_georgian	Portorium Aged Georgian Surround	Portorium Aged Georgian Surround	Georgian	Published ≤1.5.2	Aged order	Approved
1505	PERMANENT_ALIAS	portorium_wall_georgian_aged	portorium_aged_wall_georgian	Portorium Aged Georgian Wall	Portorium Aged Georgian Wall	Georgian	Published ≤1.5.2	Aged order	Approved
1506	PERMANENT_ALIAS	portorium_window_french_georgian_aged	portorium_aged_window_french_georgian	Portorium Aged French Georgian Window	Portorium Aged French Georgian Window	Georgian	Published ≤1.5.2	Aged order	Approved
1507	DIRECT_RENAME	psamatheon_alcove_georgian_aged	psamatheon_aged_alcove_georgian	Psamatheon Aged Georgian Alcove	Psamatheon Aged Georgian Alcove	Georgian	Unpublished — development family	Aged order	Approved
1508	PERMANENT_ALIAS	psamatheon_cornice_georgian_aged	psamatheon_aged_cornice_georgian	Psamatheon Aged Georgian Cornice	Psamatheon Aged Georgian Cornice	Georgian	Published ≤1.5.2	Aged order	Approved
1509	PERMANENT_ALIAS	psamatheon_surround_georgian_aged	psamatheon_aged_surround_georgian	Psamatheon Aged Georgian Surround	Psamatheon Aged Georgian Surround	Georgian	Published ≤1.5.2	Aged order	Approved
1510	PERMANENT_ALIAS	psamatheon_wall_georgian_aged	psamatheon_aged_wall_georgian	Psamatheon Aged Georgian Wall	Psamatheon Aged Georgian Wall	Georgian	Published ≤1.5.2	Aged order	Approved
1511	PERMANENT_ALIAS	psamatheon_window_french_georgian_aged	psamatheon_aged_window_french_georgian	Psamatheon Aged French Georgian Window	Psamatheon Aged French Georgian Window	Georgian	Published ≤1.5.2	Aged order	Approved
1512	DIRECT_RENAME	rosinium_alcove_georgian_aged	rosinium_aged_alcove_georgian	Rosinium Aged Georgian Alcove	Rosinium Aged Georgian Alcove	Georgian	Unpublished — development family	Aged order	Approved
1513	PERMANENT_ALIAS	rosinium_cornice_georgian_aged	rosinium_aged_cornice_georgian	Rosinium Aged Georgian Cornice	Rosinium Aged Georgian Cornice	Georgian	Published ≤1.5.2	Aged order	Approved
1514	PERMANENT_ALIAS	rosinium_surround_georgian_aged	rosinium_aged_surround_georgian	Rosinium Aged Georgian Surround	Rosinium Aged Georgian Surround	Georgian	Published ≤1.5.2	Aged order	Approved
1515	PERMANENT_ALIAS	rosinium_wall_georgian_aged	rosinium_aged_wall_georgian	Rosinium Aged Georgian Wall	Rosinium Aged Georgian Wall	Georgian	Published ≤1.5.2	Aged order	Approved
1516	PERMANENT_ALIAS	rosinium_window_french_georgian_aged	rosinium_aged_window_french_georgian	Rosinium Aged French Georgian Window	Rosinium Aged French Georgian Window	Georgian	Published ≤1.5.2	Aged order	Approved
1517	DIRECT_RENAME	sanguenite_alcove_georgian_aged	sanguenite_aged_alcove_georgian	Sanguenite Aged Georgian Alcove	Sanguenite Aged Georgian Alcove	Georgian	Unpublished — development family	Aged order	Approved
1518	PERMANENT_ALIAS	sanguenite_cornice_georgian_aged	sanguenite_aged_cornice_georgian	Sanguenite Aged Georgian Cornice	Sanguenite Aged Georgian Cornice	Georgian	Published ≤1.5.2	Aged order	Approved
1519	PERMANENT_ALIAS	sanguenite_surround_georgian_aged	sanguenite_aged_surround_georgian	Sanguenite Aged Georgian Surround	Sanguenite Aged Georgian Surround	Georgian	Published ≤1.5.2	Aged order	Approved
1520	PERMANENT_ALIAS	sanguenite_wall_georgian_aged	sanguenite_aged_wall_georgian	Sanguenite Aged Georgian Wall	Sanguenite Aged Georgian Wall	Georgian	Published ≤1.5.2	Aged order	Approved
1521	PERMANENT_ALIAS	sanguenite_window_french_georgian_aged	sanguenite_aged_window_french_georgian	Sanguenite Aged French Georgian Window	Sanguenite Aged French Georgian Window	Georgian	Published ≤1.5.2	Aged order	Approved
1522	DIRECT_RENAME	selenephos_alcove_georgian_aged	selenephos_aged_alcove_georgian	Selenephos Aged Georgian Alcove	Selenephos Aged Georgian Alcove	Georgian	Unpublished — development family	Aged order	Approved
1523	PERMANENT_ALIAS	selenephos_cornice_georgian_aged	selenephos_aged_cornice_georgian	Selenephos Aged Georgian Cornice	Selenephos Aged Georgian Cornice	Georgian	Published ≤1.5.2	Aged order	Approved
1524	PERMANENT_ALIAS	selenephos_surround_georgian_aged	selenephos_aged_surround_georgian	Selenephos Aged Georgian Surround	Selenephos Aged Georgian Surround	Georgian	Published ≤1.5.2	Aged order	Approved
1525	PERMANENT_ALIAS	selenephos_wall_georgian_aged	selenephos_aged_wall_georgian	Selenephos Aged Georgian Wall	Selenephos Aged Georgian Wall	Georgian	Published ≤1.5.2	Aged order	Approved
1526	PERMANENT_ALIAS	selenephos_window_french_georgian_aged	selenephos_aged_window_french_georgian	Selenephos Aged French Georgian Window	Selenephos Aged French Georgian Window	Georgian	Published ≤1.5.2	Aged order	Approved
1527	DIRECT_RENAME	solistra_alcove_georgian_aged	solistra_aged_alcove_georgian	Solistra Aged Georgian Alcove	Solistra Aged Georgian Alcove	Georgian	Unpublished — development family	Aged order	Approved
1528	PERMANENT_ALIAS	solistra_cornice_georgian_aged	solistra_aged_cornice_georgian	Solistra Aged Georgian Cornice	Solistra Aged Georgian Cornice	Georgian	Published ≤1.5.2	Aged order	Approved
1529	PERMANENT_ALIAS	solistra_surround_georgian_aged	solistra_aged_surround_georgian	Solistra Aged Georgian Surround	Solistra Aged Georgian Surround	Georgian	Published ≤1.5.2	Aged order	Approved
1530	PERMANENT_ALIAS	solistra_wall_georgian_aged	solistra_aged_wall_georgian	Solistra Aged Georgian Wall	Solistra Aged Georgian Wall	Georgian	Published ≤1.5.2	Aged order	Approved
1531	PERMANENT_ALIAS	solistra_window_french_georgian_aged	solistra_aged_window_french_georgian	Solistra Aged French Georgian Window	Solistra Aged French Georgian Window	Georgian	Published ≤1.5.2	Aged order	Approved
1532	DIRECT_RENAME	striatus_alcove_georgian_aged	striatus_aged_alcove_georgian	Striatus Aged Georgian Alcove	Striatus Aged Georgian Alcove	Georgian	Unpublished — development family	Aged order	Approved
1533	PERMANENT_ALIAS	striatus_cornice_georgian_aged	striatus_aged_cornice_georgian	Striatus Aged Georgian Cornice	Striatus Aged Georgian Cornice	Georgian	Published ≤1.5.2	Aged order	Approved
1534	PERMANENT_ALIAS	striatus_surround_georgian_aged	striatus_aged_surround_georgian	Striatus Aged Georgian Surround	Striatus Aged Georgian Surround	Georgian	Published ≤1.5.2	Aged order	Approved
1535	PERMANENT_ALIAS	striatus_wall_georgian_aged	striatus_aged_wall_georgian	Striatus Aged Georgian Wall	Striatus Aged Georgian Wall	Georgian	Published ≤1.5.2	Aged order	Approved
1536	PERMANENT_ALIAS	striatus_window_french_georgian_aged	striatus_aged_window_french_georgian	Striatus Aged French Georgian Window	Striatus Aged French Georgian Window	Georgian	Published ≤1.5.2	Aged order	Approved
1537	DIRECT_RENAME	aganite_alcove_gothic_aged	aganite_aged_alcove_gothic	Aganite Aged Gothic Alcove	Aganite Aged Gothic Alcove	Gothic	Unpublished — development family	Aged order	Approved
1538	DIRECT_RENAME	aganite_arch_gothic_aged	aganite_aged_arch_gothic	Aganite Aged Gothic Arch	Aganite Aged Gothic Arch	Gothic	Unpublished — development family	Aged order	Approved
1539	DIRECT_RENAME	aganite_column_gothic_aged	aganite_aged_column_gothic	Aganite Aged Gothic Column	Aganite Aged Gothic Column	Gothic	Unpublished — development family	Aged order	Approved
1540	DIRECT_RENAME	aganite_cornice_gothic_aged	aganite_aged_cornice_gothic	Aganite Aged Gothic Cornice	Aganite Aged Gothic Cornice	Gothic	Unpublished — development family	Aged order	Approved
1541	DIRECT_RENAME	aganite_surround_gothic_ornate_aged	aganite_aged_surround_gothic_ornate	Aganite Aged Gothic Ornate Surround	Aganite Aged Gothic Ornate Surround	Gothic	Unpublished — development family	Aged order	Approved
1542	DIRECT_RENAME	aterzon_alcove_gothic_aged	aterzon_aged_alcove_gothic	Aterzon Aged Gothic Alcove	Aterzon Aged Gothic Alcove	Gothic	Unpublished — development family	Aged order	Approved
1543	DIRECT_RENAME	aterzon_arch_gothic_aged	aterzon_aged_arch_gothic	Aterzon Aged Gothic Arch	Aterzon Aged Gothic Arch	Gothic	Unpublished — development family	Aged order	Approved
1544	DIRECT_RENAME	aterzon_column_gothic_aged	aterzon_aged_column_gothic	Aterzon Aged Gothic Column	Aterzon Aged Gothic Column	Gothic	Unpublished — development family	Aged order	Approved
1545	DIRECT_RENAME	aterzon_cornice_gothic_aged	aterzon_aged_cornice_gothic	Aterzon Aged Gothic Cornice	Aterzon Aged Gothic Cornice	Gothic	Unpublished — development family	Aged order	Approved
1546	DIRECT_RENAME	aterzon_surround_gothic_ornate_aged	aterzon_aged_surround_gothic_ornate	Aterzon Aged Gothic Ornate Surround	Aterzon Aged Gothic Ornate Surround	Gothic	Unpublished — development family	Aged order	Approved
1547	DIRECT_RENAME	borealis_alcove_gothic_aged	borealis_aged_alcove_gothic	Borealis Aged Gothic Alcove	Borealis Aged Gothic Alcove	Gothic	Unpublished — development family	Aged order	Approved
1548	DIRECT_RENAME	borealis_arch_gothic_aged	borealis_aged_arch_gothic	Borealis Aged Gothic Arch	Borealis Aged Gothic Arch	Gothic	Unpublished — development family	Aged order	Approved
1549	DIRECT_RENAME	borealis_column_gothic_aged	borealis_aged_column_gothic	Borealis Aged Gothic Column	Borealis Aged Gothic Column	Gothic	Unpublished — development family	Aged order	Approved
1550	DIRECT_RENAME	borealis_cornice_gothic_aged	borealis_aged_cornice_gothic	Borealis Aged Gothic Cornice	Borealis Aged Gothic Cornice	Gothic	Unpublished — development family	Aged order	Approved
1551	DIRECT_RENAME	borealis_surround_gothic_ornate_aged	borealis_aged_surround_gothic_ornate	Borealis Aged Gothic Ornate Surround	Borealis Aged Gothic Ornate Surround	Gothic	Unpublished — development family	Aged order	Approved
1552	DIRECT_RENAME	brectite_alcove_gothic_aged	brectite_aged_alcove_gothic	Brectite Aged Gothic Alcove	Brectite Aged Gothic Alcove	Gothic	Unpublished — development family	Aged order	Approved
1553	DIRECT_RENAME	brectite_arch_gothic_aged	brectite_aged_arch_gothic	Brectite Aged Gothic Arch	Brectite Aged Gothic Arch	Gothic	Unpublished — development family	Aged order	Approved
1554	DIRECT_RENAME	brectite_column_gothic_aged	brectite_aged_column_gothic	Brectite Aged Gothic Column	Brectite Aged Gothic Column	Gothic	Unpublished — development family	Aged order	Approved
1555	DIRECT_RENAME	brectite_cornice_gothic_aged	brectite_aged_cornice_gothic	Brectite Aged Gothic Cornice	Brectite Aged Gothic Cornice	Gothic	Unpublished — development family	Aged order	Approved
1556	DIRECT_RENAME	brectite_surround_gothic_ornate_aged	brectite_aged_surround_gothic_ornate	Brectite Aged Gothic Ornate Surround	Brectite Aged Gothic Ornate Surround	Gothic	Unpublished — development family	Aged order	Approved
1557	DIRECT_RENAME	calacattum_alcove_gothic_aged	calacattum_aged_alcove_gothic	Calacattum Aged Gothic Alcove	Calacattum Aged Gothic Alcove	Gothic	Unpublished — development family	Aged order	Approved
1558	DIRECT_RENAME	calacattum_arch_gothic_aged	calacattum_aged_arch_gothic	Calacattum Aged Gothic Arch	Calacattum Aged Gothic Arch	Gothic	Unpublished — development family	Aged order	Approved
1559	DIRECT_RENAME	calacattum_column_gothic_aged	calacattum_aged_column_gothic	Calacattum Aged Gothic Column	Calacattum Aged Gothic Column	Gothic	Unpublished — development family	Aged order	Approved
1560	DIRECT_RENAME	calacattum_cornice_gothic_aged	calacattum_aged_cornice_gothic	Calacattum Aged Gothic Cornice	Calacattum Aged Gothic Cornice	Gothic	Unpublished — development family	Aged order	Approved
1561	DIRECT_RENAME	calacattum_surround_gothic_ornate_aged	calacattum_aged_surround_gothic_ornate	Calacattum Aged Gothic Ornate Surround	Calacattum Aged Gothic Ornate Surround	Gothic	Unpublished — development family	Aged order	Approved
1562	DIRECT_RENAME	chalstrom_alcove_gothic_aged	chalstrom_aged_alcove_gothic	Chalstrom Aged Gothic Alcove	Chalstrom Aged Gothic Alcove	Gothic	Unpublished — development family	Aged order	Approved
1563	DIRECT_RENAME	chalstrom_arch_gothic_aged	chalstrom_aged_arch_gothic	Chalstrom Aged Gothic Arch	Chalstrom Aged Gothic Arch	Gothic	Unpublished — development family	Aged order	Approved
1564	DIRECT_RENAME	chalstrom_column_gothic_aged	chalstrom_aged_column_gothic	Chalstrom Aged Gothic Column	Chalstrom Aged Gothic Column	Gothic	Unpublished — development family	Aged order	Approved
1565	DIRECT_RENAME	chalstrom_cornice_gothic_aged	chalstrom_aged_cornice_gothic	Chalstrom Aged Gothic Cornice	Chalstrom Aged Gothic Cornice	Gothic	Unpublished — development family	Aged order	Approved
1566	DIRECT_RENAME	chalstrom_surround_gothic_ornate_aged	chalstrom_aged_surround_gothic_ornate	Chalstrom Aged Gothic Ornate Surround	Chalstrom Aged Gothic Ornate Surround	Gothic	Unpublished — development family	Aged order	Approved
1567	DIRECT_RENAME	chrysonyx_alcove_gothic_aged	chrysonyx_aged_alcove_gothic	Chrysonyx Aged Gothic Alcove	Chrysonyx Aged Gothic Alcove	Gothic	Unpublished — development family	Aged order	Approved
1568	DIRECT_RENAME	chrysonyx_arch_gothic_aged	chrysonyx_aged_arch_gothic	Chrysonyx Aged Gothic Arch	Chrysonyx Aged Gothic Arch	Gothic	Unpublished — development family	Aged order	Approved
1569	DIRECT_RENAME	chrysonyx_column_gothic_aged	chrysonyx_aged_column_gothic	Chrysonyx Aged Gothic Column	Chrysonyx Aged Gothic Column	Gothic	Unpublished — development family	Aged order	Approved
1570	DIRECT_RENAME	chrysonyx_cornice_gothic_aged	chrysonyx_aged_cornice_gothic	Chrysonyx Aged Gothic Cornice	Chrysonyx Aged Gothic Cornice	Gothic	Unpublished — development family	Aged order	Approved
1571	DIRECT_RENAME	chrysonyx_surround_gothic_ornate_aged	chrysonyx_aged_surround_gothic_ornate	Chrysonyx Aged Gothic Ornate Surround	Chrysonyx Aged Gothic Ornate Surround	Gothic	Unpublished — development family	Aged order	Approved
1572	DIRECT_RENAME	etruscus_alcove_gothic_aged	etruscus_aged_alcove_gothic	Etruscus Aged Gothic Alcove	Etruscus Aged Gothic Alcove	Gothic	Unpublished — development family	Aged order	Approved
1573	DIRECT_RENAME	etruscus_arch_gothic_aged	etruscus_aged_arch_gothic	Etruscus Aged Gothic Arch	Etruscus Aged Gothic Arch	Gothic	Unpublished — development family	Aged order	Approved
1574	DIRECT_RENAME	etruscus_column_gothic_aged	etruscus_aged_column_gothic	Etruscus Aged Gothic Column	Etruscus Aged Gothic Column	Gothic	Unpublished — development family	Aged order	Approved
1575	DIRECT_RENAME	etruscus_cornice_gothic_aged	etruscus_aged_cornice_gothic	Etruscus Aged Gothic Cornice	Etruscus Aged Gothic Cornice	Gothic	Unpublished — development family	Aged order	Approved
1576	DIRECT_RENAME	etruscus_surround_gothic_ornate_aged	etruscus_aged_surround_gothic_ornate	Etruscus Aged Gothic Ornate Surround	Etruscus Aged Gothic Ornate Surround	Gothic	Unpublished — development family	Aged order	Approved
1577	DIRECT_RENAME	gelastrum_alcove_gothic_aged	gelastrum_aged_alcove_gothic	Gelastrum Aged Gothic Alcove	Gelastrum Aged Gothic Alcove	Gothic	Unpublished — development family	Aged order	Approved
1578	DIRECT_RENAME	gelastrum_arch_gothic_aged	gelastrum_aged_arch_gothic	Gelastrum Aged Gothic Arch	Gelastrum Aged Gothic Arch	Gothic	Unpublished — development family	Aged order	Approved
1579	DIRECT_RENAME	gelastrum_column_gothic_aged	gelastrum_aged_column_gothic	Gelastrum Aged Gothic Column	Gelastrum Aged Gothic Column	Gothic	Unpublished — development family	Aged order	Approved
1580	DIRECT_RENAME	gelastrum_cornice_gothic_aged	gelastrum_aged_cornice_gothic	Gelastrum Aged Gothic Cornice	Gelastrum Aged Gothic Cornice	Gothic	Unpublished — development family	Aged order	Approved
1581	DIRECT_RENAME	gelastrum_surround_gothic_ornate_aged	gelastrum_aged_surround_gothic_ornate	Gelastrum Aged Gothic Ornate Surround	Gelastrum Aged Gothic Ornate Surround	Gothic	Unpublished — development family	Aged order	Approved
1582	DIRECT_RENAME	glacium_alcove_gothic_aged	glacium_aged_alcove_gothic	Glacium Aged Gothic Alcove	Glacium Aged Gothic Alcove	Gothic	Unpublished — development family	Aged order	Approved
1583	DIRECT_RENAME	glacium_arch_gothic_aged	glacium_aged_arch_gothic	Glacium Aged Gothic Arch	Glacium Aged Gothic Arch	Gothic	Unpublished — development family	Aged order	Approved
1584	DIRECT_RENAME	glacium_column_gothic_aged	glacium_aged_column_gothic	Glacium Aged Gothic Column	Glacium Aged Gothic Column	Gothic	Unpublished — development family	Aged order	Approved
1585	DIRECT_RENAME	glacium_cornice_gothic_aged	glacium_aged_cornice_gothic	Glacium Aged Gothic Cornice	Glacium Aged Gothic Cornice	Gothic	Unpublished — development family	Aged order	Approved
1586	DIRECT_RENAME	glacium_surround_gothic_ornate_aged	glacium_aged_surround_gothic_ornate	Glacium Aged Gothic Ornate Surround	Glacium Aged Gothic Ornate Surround	Gothic	Unpublished — development family	Aged order	Approved
1587	DIRECT_RENAME	hesperion_alcove_gothic_aged	hesperion_aged_alcove_gothic	Hesperion Aged Gothic Alcove	Hesperion Aged Gothic Alcove	Gothic	Unpublished — development family	Aged order	Approved
1588	DIRECT_RENAME	hesperion_arch_gothic_aged	hesperion_aged_arch_gothic	Hesperion Aged Gothic Arch	Hesperion Aged Gothic Arch	Gothic	Unpublished — development family	Aged order	Approved
1589	DIRECT_RENAME	hesperion_column_gothic_aged	hesperion_aged_column_gothic	Hesperion Aged Gothic Column	Hesperion Aged Gothic Column	Gothic	Unpublished — development family	Aged order	Approved
1590	DIRECT_RENAME	hesperion_cornice_gothic_aged	hesperion_aged_cornice_gothic	Hesperion Aged Gothic Cornice	Hesperion Aged Gothic Cornice	Gothic	Unpublished — development family	Aged order	Approved
1591	DIRECT_RENAME	hesperion_surround_gothic_ornate_aged	hesperion_aged_surround_gothic_ornate	Hesperion Aged Gothic Ornate Surround	Hesperion Aged Gothic Ornate Surround	Gothic	Unpublished — development family	Aged order	Approved
1592	DIRECT_RENAME	imperium_alcove_gothic_aged	imperium_aged_alcove_gothic	Imperium Aged Gothic Alcove	Imperium Aged Gothic Alcove	Gothic	Unpublished — development family	Aged order	Approved
1593	DIRECT_RENAME	imperium_arch_gothic_aged	imperium_aged_arch_gothic	Imperium Aged Gothic Arch	Imperium Aged Gothic Arch	Gothic	Unpublished — development family	Aged order	Approved
1594	DIRECT_RENAME	imperium_column_gothic_aged	imperium_aged_column_gothic	Imperium Aged Gothic Column	Imperium Aged Gothic Column	Gothic	Unpublished — development family	Aged order	Approved
1595	DIRECT_RENAME	imperium_cornice_gothic_aged	imperium_aged_cornice_gothic	Imperium Aged Gothic Cornice	Imperium Aged Gothic Cornice	Gothic	Unpublished — development family	Aged order	Approved
1596	DIRECT_RENAME	imperium_surround_gothic_ornate_aged	imperium_aged_surround_gothic_ornate	Imperium Aged Gothic Ornate Surround	Imperium Aged Gothic Ornate Surround	Gothic	Unpublished — development family	Aged order	Approved
1597	DIRECT_RENAME	kelastrion_alcove_gothic_aged	kelastrion_aged_alcove_gothic	Kelastrion Aged Gothic Alcove	Kelastrion Aged Gothic Alcove	Gothic	Unpublished — development family	Aged order	Approved
1598	DIRECT_RENAME	kelastrion_arch_gothic_aged	kelastrion_aged_arch_gothic	Kelastrion Aged Gothic Arch	Kelastrion Aged Gothic Arch	Gothic	Unpublished — development family	Aged order	Approved
1599	DIRECT_RENAME	kelastrion_column_gothic_aged	kelastrion_aged_column_gothic	Kelastrion Aged Gothic Column	Kelastrion Aged Gothic Column	Gothic	Unpublished — development family	Aged order	Approved
1600	DIRECT_RENAME	kelastrion_cornice_gothic_aged	kelastrion_aged_cornice_gothic	Kelastrion Aged Gothic Cornice	Kelastrion Aged Gothic Cornice	Gothic	Unpublished — development family	Aged order	Approved
1601	DIRECT_RENAME	kelastrion_surround_gothic_ornate_aged	kelastrion_aged_surround_gothic_ornate	Kelastrion Aged Gothic Ornate Surround	Kelastrion Aged Gothic Ornate Surround	Gothic	Unpublished — development family	Aged order	Approved
1602	DIRECT_RENAME	kylorion_alcove_gothic_aged	kylorion_aged_alcove_gothic	Kylorion Aged Gothic Alcove	Kylorion Aged Gothic Alcove	Gothic	Unpublished — development family	Aged order	Approved
1603	DIRECT_RENAME	kylorion_arch_gothic_aged	kylorion_aged_arch_gothic	Kylorion Aged Gothic Arch	Kylorion Aged Gothic Arch	Gothic	Unpublished — development family	Aged order	Approved
1604	DIRECT_RENAME	kylorion_column_gothic_aged	kylorion_aged_column_gothic	Kylorion Aged Gothic Column	Kylorion Aged Gothic Column	Gothic	Unpublished — development family	Aged order	Approved
1605	DIRECT_RENAME	kylorion_cornice_gothic_aged	kylorion_aged_cornice_gothic	Kylorion Aged Gothic Cornice	Kylorion Aged Gothic Cornice	Gothic	Unpublished — development family	Aged order	Approved
1606	DIRECT_RENAME	kylorion_surround_gothic_ornate_aged	kylorion_aged_surround_gothic_ornate	Kylorion Aged Gothic Ornate Surround	Kylorion Aged Gothic Ornate Surround	Gothic	Unpublished — development family	Aged order	Approved
1607	DIRECT_RENAME	latmion_alcove_gothic_aged	latmion_aged_alcove_gothic	Latmion Aged Gothic Alcove	Latmion Aged Gothic Alcove	Gothic	Unpublished — development family	Aged order	Approved
1608	DIRECT_RENAME	latmion_arch_gothic_aged	latmion_aged_arch_gothic	Latmion Aged Gothic Arch	Latmion Aged Gothic Arch	Gothic	Unpublished — development family	Aged order	Approved
1609	DIRECT_RENAME	latmion_column_gothic_aged	latmion_aged_column_gothic	Latmion Aged Gothic Column	Latmion Aged Gothic Column	Gothic	Unpublished — development family	Aged order	Approved
1610	DIRECT_RENAME	latmion_cornice_gothic_aged	latmion_aged_cornice_gothic	Latmion Aged Gothic Cornice	Latmion Aged Gothic Cornice	Gothic	Unpublished — development family	Aged order	Approved
1611	DIRECT_RENAME	latmion_surround_gothic_ornate_aged	latmion_aged_surround_gothic_ornate	Latmion Aged Gothic Ornate Surround	Latmion Aged Gothic Ornate Surround	Gothic	Unpublished — development family	Aged order	Approved
1612	DIRECT_RENAME	laurentium_alcove_gothic_aged	laurentium_aged_alcove_gothic	Laurentium Aged Gothic Alcove	Laurentium Aged Gothic Alcove	Gothic	Unpublished — development family	Aged order	Approved
1613	DIRECT_RENAME	laurentium_arch_gothic_aged	laurentium_aged_arch_gothic	Laurentium Aged Gothic Arch	Laurentium Aged Gothic Arch	Gothic	Unpublished — development family	Aged order	Approved
1614	DIRECT_RENAME	laurentium_column_gothic_aged	laurentium_aged_column_gothic	Laurentium Aged Gothic Column	Laurentium Aged Gothic Column	Gothic	Unpublished — development family	Aged order	Approved
1615	DIRECT_RENAME	laurentium_cornice_gothic_aged	laurentium_aged_cornice_gothic	Laurentium Aged Gothic Cornice	Laurentium Aged Gothic Cornice	Gothic	Unpublished — development family	Aged order	Approved
1616	DIRECT_RENAME	laurentium_surround_gothic_ornate_aged	laurentium_aged_surround_gothic_ornate	Laurentium Aged Gothic Ornate Surround	Laurentium Aged Gothic Ornate Surround	Gothic	Unpublished — development family	Aged order	Approved
1617	DIRECT_RENAME	mielonyx_alcove_gothic_aged	mielonyx_aged_alcove_gothic	Mielonyx Aged Gothic Alcove	Mielonyx Aged Gothic Alcove	Gothic	Unpublished — development family	Aged order	Approved
1618	DIRECT_RENAME	mielonyx_arch_gothic_aged	mielonyx_aged_arch_gothic	Mielonyx Aged Gothic Arch	Mielonyx Aged Gothic Arch	Gothic	Unpublished — development family	Aged order	Approved
1619	DIRECT_RENAME	mielonyx_column_gothic_aged	mielonyx_aged_column_gothic	Mielonyx Aged Gothic Column	Mielonyx Aged Gothic Column	Gothic	Unpublished — development family	Aged order	Approved
1620	DIRECT_RENAME	mielonyx_cornice_gothic_aged	mielonyx_aged_cornice_gothic	Mielonyx Aged Gothic Cornice	Mielonyx Aged Gothic Cornice	Gothic	Unpublished — development family	Aged order	Approved
1621	DIRECT_RENAME	mielonyx_surround_gothic_ornate_aged	mielonyx_aged_surround_gothic_ornate	Mielonyx Aged Gothic Ornate Surround	Mielonyx Aged Gothic Ornate Surround	Gothic	Unpublished — development family	Aged order	Approved
1622	DIRECT_RENAME	nerium_alcove_gothic_aged	nerium_aged_alcove_gothic	Nerium Aged Gothic Alcove	Nerium Aged Gothic Alcove	Gothic	Unpublished — development family	Aged order	Approved
1623	DIRECT_RENAME	nerium_arch_gothic_aged	nerium_aged_arch_gothic	Nerium Aged Gothic Arch	Nerium Aged Gothic Arch	Gothic	Unpublished — development family	Aged order	Approved
1624	DIRECT_RENAME	nerium_column_gothic_aged	nerium_aged_column_gothic	Nerium Aged Gothic Column	Nerium Aged Gothic Column	Gothic	Unpublished — development family	Aged order	Approved
1625	DIRECT_RENAME	nerium_cornice_gothic_aged	nerium_aged_cornice_gothic	Nerium Aged Gothic Cornice	Nerium Aged Gothic Cornice	Gothic	Unpublished — development family	Aged order	Approved
1626	DIRECT_RENAME	nerium_surround_gothic_ornate_aged	nerium_aged_surround_gothic_ornate	Nerium Aged Gothic Ornate Surround	Nerium Aged Gothic Ornate Surround	Gothic	Unpublished — development family	Aged order	Approved
1627	DIRECT_RENAME	noxoplis_alcove_gothic_aged	noxoplis_aged_alcove_gothic	Noxoplis Aged Gothic Alcove	Noxoplis Aged Gothic Alcove	Gothic	Unpublished — development family	Aged order	Approved
1628	DIRECT_RENAME	noxoplis_arch_gothic_aged	noxoplis_aged_arch_gothic	Noxoplis Aged Gothic Arch	Noxoplis Aged Gothic Arch	Gothic	Unpublished — development family	Aged order	Approved
1629	DIRECT_RENAME	noxoplis_column_gothic_aged	noxoplis_aged_column_gothic	Noxoplis Aged Gothic Column	Noxoplis Aged Gothic Column	Gothic	Unpublished — development family	Aged order	Approved
1630	DIRECT_RENAME	noxoplis_cornice_gothic_aged	noxoplis_aged_cornice_gothic	Noxoplis Aged Gothic Cornice	Noxoplis Aged Gothic Cornice	Gothic	Unpublished — development family	Aged order	Approved
1631	DIRECT_RENAME	noxoplis_surround_gothic_ornate_aged	noxoplis_aged_surround_gothic_ornate	Noxoplis Aged Gothic Ornate Surround	Noxoplis Aged Gothic Ornate Surround	Gothic	Unpublished — development family	Aged order	Approved
1632	DIRECT_RENAME	porphyros_alcove_gothic_aged	porphyros_aged_alcove_gothic	Porphyros Aged Gothic Alcove	Porphyros Aged Gothic Alcove	Gothic	Unpublished — development family	Aged order	Approved
1633	DIRECT_RENAME	porphyros_arch_gothic_aged	porphyros_aged_arch_gothic	Porphyros Aged Gothic Arch	Porphyros Aged Gothic Arch	Gothic	Unpublished — development family	Aged order	Approved
1634	DIRECT_RENAME	porphyros_column_gothic_aged	porphyros_aged_column_gothic	Porphyros Aged Gothic Column	Porphyros Aged Gothic Column	Gothic	Unpublished — development family	Aged order	Approved
1635	DIRECT_RENAME	porphyros_cornice_gothic_aged	porphyros_aged_cornice_gothic	Porphyros Aged Gothic Cornice	Porphyros Aged Gothic Cornice	Gothic	Unpublished — development family	Aged order	Approved
1636	DIRECT_RENAME	porphyros_surround_gothic_ornate_aged	porphyros_aged_surround_gothic_ornate	Porphyros Aged Gothic Ornate Surround	Porphyros Aged Gothic Ornate Surround	Gothic	Unpublished — development family	Aged order	Approved
1637	DIRECT_RENAME	portorium_alcove_gothic_aged	portorium_aged_alcove_gothic	Portorium Aged Gothic Alcove	Portorium Aged Gothic Alcove	Gothic	Unpublished — development family	Aged order	Approved
1638	DIRECT_RENAME	portorium_arch_gothic_aged	portorium_aged_arch_gothic	Portorium Aged Gothic Arch	Portorium Aged Gothic Arch	Gothic	Unpublished — development family	Aged order	Approved
1639	DIRECT_RENAME	portorium_column_gothic_aged	portorium_aged_column_gothic	Portorium Aged Gothic Column	Portorium Aged Gothic Column	Gothic	Unpublished — development family	Aged order	Approved
1640	DIRECT_RENAME	portorium_cornice_gothic_aged	portorium_aged_cornice_gothic	Portorium Aged Gothic Cornice	Portorium Aged Gothic Cornice	Gothic	Unpublished — development family	Aged order	Approved
1641	DIRECT_RENAME	portorium_surround_gothic_ornate_aged	portorium_aged_surround_gothic_ornate	Portorium Aged Gothic Ornate Surround	Portorium Aged Gothic Ornate Surround	Gothic	Unpublished — development family	Aged order	Approved
1642	DIRECT_RENAME	psamatheon_alcove_gothic_aged	psamatheon_aged_alcove_gothic	Psamatheon Aged Gothic Alcove	Psamatheon Aged Gothic Alcove	Gothic	Unpublished — development family	Aged order	Approved
1643	DIRECT_RENAME	psamatheon_arch_gothic_aged	psamatheon_aged_arch_gothic	Psamatheon Aged Gothic Arch	Psamatheon Aged Gothic Arch	Gothic	Unpublished — development family	Aged order	Approved
1644	DIRECT_RENAME	psamatheon_column_gothic_aged	psamatheon_aged_column_gothic	Psamatheon Aged Gothic Column	Psamatheon Aged Gothic Column	Gothic	Unpublished — development family	Aged order	Approved
1645	DIRECT_RENAME	psamatheon_cornice_gothic_aged	psamatheon_aged_cornice_gothic	Psamatheon Aged Gothic Cornice	Psamatheon Aged Gothic Cornice	Gothic	Unpublished — development family	Aged order	Approved
1646	DIRECT_RENAME	psamatheon_surround_gothic_ornate_aged	psamatheon_aged_surround_gothic_ornate	Psamatheon Aged Gothic Ornate Surround	Psamatheon Aged Gothic Ornate Surround	Gothic	Unpublished — development family	Aged order	Approved
1647	DIRECT_RENAME	rosinium_alcove_gothic_aged	rosinium_aged_alcove_gothic	Rosinium Aged Gothic Alcove	Rosinium Aged Gothic Alcove	Gothic	Unpublished — development family	Aged order	Approved
1648	DIRECT_RENAME	rosinium_arch_gothic_aged	rosinium_aged_arch_gothic	Rosinium Aged Gothic Arch	Rosinium Aged Gothic Arch	Gothic	Unpublished — development family	Aged order	Approved
1649	DIRECT_RENAME	rosinium_column_gothic_aged	rosinium_aged_column_gothic	Rosinium Aged Gothic Column	Rosinium Aged Gothic Column	Gothic	Unpublished — development family	Aged order	Approved
1650	DIRECT_RENAME	rosinium_cornice_gothic_aged	rosinium_aged_cornice_gothic	Rosinium Aged Gothic Cornice	Rosinium Aged Gothic Cornice	Gothic	Unpublished — development family	Aged order	Approved
1651	DIRECT_RENAME	rosinium_surround_gothic_ornate_aged	rosinium_aged_surround_gothic_ornate	Rosinium Aged Gothic Ornate Surround	Rosinium Aged Gothic Ornate Surround	Gothic	Unpublished — development family	Aged order	Approved
1652	DIRECT_RENAME	sanguenite_alcove_gothic_aged	sanguenite_aged_alcove_gothic	Sanguenite Aged Gothic Alcove	Sanguenite Aged Gothic Alcove	Gothic	Unpublished — development family	Aged order	Approved
1653	DIRECT_RENAME	sanguenite_arch_gothic_aged	sanguenite_aged_arch_gothic	Sanguenite Aged Gothic Arch	Sanguenite Aged Gothic Arch	Gothic	Unpublished — development family	Aged order	Approved
1654	DIRECT_RENAME	sanguenite_column_gothic_aged	sanguenite_aged_column_gothic	Sanguenite Aged Gothic Column	Sanguenite Aged Gothic Column	Gothic	Unpublished — development family	Aged order	Approved
1655	DIRECT_RENAME	sanguenite_cornice_gothic_aged	sanguenite_aged_cornice_gothic	Sanguenite Aged Gothic Cornice	Sanguenite Aged Gothic Cornice	Gothic	Unpublished — development family	Aged order	Approved
1656	DIRECT_RENAME	sanguenite_surround_gothic_ornate_aged	sanguenite_aged_surround_gothic_ornate	Sanguenite Aged Gothic Ornate Surround	Sanguenite Aged Gothic Ornate Surround	Gothic	Unpublished — development family	Aged order	Approved
1657	DIRECT_RENAME	selenephos_alcove_gothic_aged	selenephos_aged_alcove_gothic	Selenephos Aged Gothic Alcove	Selenephos Aged Gothic Alcove	Gothic	Unpublished — development family	Aged order	Approved
1658	DIRECT_RENAME	selenephos_arch_gothic_aged	selenephos_aged_arch_gothic	Selenephos Aged Gothic Arch	Selenephos Aged Gothic Arch	Gothic	Unpublished — development family	Aged order	Approved
1659	DIRECT_RENAME	selenephos_column_gothic_aged	selenephos_aged_column_gothic	Selenephos Aged Gothic Column	Selenephos Aged Gothic Column	Gothic	Unpublished — development family	Aged order	Approved
1660	DIRECT_RENAME	selenephos_cornice_gothic_aged	selenephos_aged_cornice_gothic	Selenephos Aged Gothic Cornice	Selenephos Aged Gothic Cornice	Gothic	Unpublished — development family	Aged order	Approved
1661	DIRECT_RENAME	selenephos_surround_gothic_ornate_aged	selenephos_aged_surround_gothic_ornate	Selenephos Aged Gothic Ornate Surround	Selenephos Aged Gothic Ornate Surround	Gothic	Unpublished — development family	Aged order	Approved
1662	DIRECT_RENAME	solistra_alcove_gothic_aged	solistra_aged_alcove_gothic	Solistra Aged Gothic Alcove	Solistra Aged Gothic Alcove	Gothic	Unpublished — development family	Aged order	Approved
1663	DIRECT_RENAME	solistra_arch_gothic_aged	solistra_aged_arch_gothic	Solistra Aged Gothic Arch	Solistra Aged Gothic Arch	Gothic	Unpublished — development family	Aged order	Approved
1664	DIRECT_RENAME	solistra_column_gothic_aged	solistra_aged_column_gothic	Solistra Aged Gothic Column	Solistra Aged Gothic Column	Gothic	Unpublished — development family	Aged order	Approved
1665	DIRECT_RENAME	solistra_cornice_gothic_aged	solistra_aged_cornice_gothic	Solistra Aged Gothic Cornice	Solistra Aged Gothic Cornice	Gothic	Unpublished — development family	Aged order	Approved
1666	DIRECT_RENAME	solistra_surround_gothic_ornate_aged	solistra_aged_surround_gothic_ornate	Solistra Aged Gothic Ornate Surround	Solistra Aged Gothic Ornate Surround	Gothic	Unpublished — development family	Aged order	Approved
1667	DIRECT_RENAME	striatus_alcove_gothic_aged	striatus_aged_alcove_gothic	Striatus Aged Gothic Alcove	Striatus Aged Gothic Alcove	Gothic	Unpublished — development family	Aged order	Approved
1668	DIRECT_RENAME	striatus_arch_gothic_aged	striatus_aged_arch_gothic	Striatus Aged Gothic Arch	Striatus Aged Gothic Arch	Gothic	Unpublished — development family	Aged order	Approved
1669	DIRECT_RENAME	striatus_column_gothic_aged	striatus_aged_column_gothic	Striatus Aged Gothic Column	Striatus Aged Gothic Column	Gothic	Unpublished — development family	Aged order	Approved
1670	DIRECT_RENAME	striatus_cornice_gothic_aged	striatus_aged_cornice_gothic	Striatus Aged Gothic Cornice	Striatus Aged Gothic Cornice	Gothic	Unpublished — development family	Aged order	Approved
1671	DIRECT_RENAME	striatus_surround_gothic_ornate_aged	striatus_aged_surround_gothic_ornate	Striatus Aged Gothic Ornate Surround	Striatus Aged Gothic Ornate Surround	Gothic	Unpublished — development family	Aged order	Approved
1672	DIRECT_RENAME	aganite_arch_modern_aged	aganite_aged_arch_modern	Aganite Aged Modern Arch	Aganite Aged Modern Arch	Modern	Unpublished — development family	Aged order	Approved
1673	PERMANENT_ALIAS	aganite_cornice_modern_aged	aganite_aged_cornice_modern	Aganite Aged Modern Cornice	Aganite Aged Modern Cornice	Modern	Published ≤1.5.2	Aged order	Approved
1674	PERMANENT_ALIAS	aganite_surround_modern_aged	aganite_aged_surround_modern	Aganite Aged Modern Surround	Aganite Aged Modern Surround	Modern	Published ≤1.5.2	Aged order	Approved
1675	DIRECT_RENAME	aterzon_arch_modern_aged	aterzon_aged_arch_modern	Aterzon Aged Modern Arch	Aterzon Aged Modern Arch	Modern	Unpublished — development family	Aged order	Approved
1676	PERMANENT_ALIAS	aterzon_cornice_modern_aged	aterzon_aged_cornice_modern	Aterzon Aged Modern Cornice	Aterzon Aged Modern Cornice	Modern	Published ≤1.5.2	Aged order	Approved
1677	PERMANENT_ALIAS	aterzon_surround_modern_aged	aterzon_aged_surround_modern	Aterzon Aged Modern Surround	Aterzon Aged Modern Surround	Modern	Published ≤1.5.2	Aged order	Approved
1678	DIRECT_RENAME	borealis_arch_modern_aged	borealis_aged_arch_modern	Borealis Aged Modern Arch	Borealis Aged Modern Arch	Modern	Unpublished — development family	Aged order	Approved
1679	PERMANENT_ALIAS	borealis_cornice_modern_aged	borealis_aged_cornice_modern	Borealis Aged Modern Cornice	Borealis Aged Modern Cornice	Modern	Published ≤1.5.2	Aged order	Approved
1680	PERMANENT_ALIAS	borealis_surround_modern_aged	borealis_aged_surround_modern	Borealis Aged Modern Surround	Borealis Aged Modern Surround	Modern	Published ≤1.5.2	Aged order	Approved
1681	DIRECT_RENAME	brectite_arch_modern_aged	brectite_aged_arch_modern	Brectite Aged Modern Arch	Brectite Aged Modern Arch	Modern	Unpublished — development family	Aged order	Approved
1682	PERMANENT_ALIAS	brectite_cornice_modern_aged	brectite_aged_cornice_modern	Brectite Aged Modern Cornice	Brectite Aged Modern Cornice	Modern	Published ≤1.5.2	Aged order	Approved
1683	PERMANENT_ALIAS	brectite_surround_modern_aged	brectite_aged_surround_modern	Brectite Aged Modern Surround	Brectite Aged Modern Surround	Modern	Published ≤1.5.2	Aged order	Approved
1684	DIRECT_RENAME	calacattum_arch_modern_aged	calacattum_aged_arch_modern	Calacattum Aged Modern Arch	Calacattum Aged Modern Arch	Modern	Unpublished — development family	Aged order	Approved
1685	PERMANENT_ALIAS	calacattum_cornice_modern_aged	calacattum_aged_cornice_modern	Calacattum Aged Modern Cornice	Calacattum Aged Modern Cornice	Modern	Published ≤1.5.2	Aged order	Approved
1686	PERMANENT_ALIAS	calacattum_surround_modern_aged	calacattum_aged_surround_modern	Calacattum Aged Modern Surround	Calacattum Aged Modern Surround	Modern	Published ≤1.5.2	Aged order	Approved
1687	DIRECT_RENAME	chalstrom_arch_modern_aged	chalstrom_aged_arch_modern	Chalstrom Aged Modern Arch	Chalstrom Aged Modern Arch	Modern	Unpublished — development family	Aged order	Approved
1688	PERMANENT_ALIAS	chalstrom_cornice_modern_aged	chalstrom_aged_cornice_modern	Chalstrom Aged Modern Cornice	Chalstrom Aged Modern Cornice	Modern	Published ≤1.5.2	Aged order	Approved
1689	PERMANENT_ALIAS	chalstrom_surround_modern_aged	chalstrom_aged_surround_modern	Chalstrom Aged Modern Surround	Chalstrom Aged Modern Surround	Modern	Published ≤1.5.2	Aged order	Approved
1690	DIRECT_RENAME	chrysonyx_arch_modern_aged	chrysonyx_aged_arch_modern	Chrysonyx Aged Modern Arch	Chrysonyx Aged Modern Arch	Modern	Unpublished — development family	Aged order	Approved
1691	PERMANENT_ALIAS	chrysonyx_cornice_modern_aged	chrysonyx_aged_cornice_modern	Chrysonyx Aged Modern Cornice	Chrysonyx Aged Modern Cornice	Modern	Published ≤1.5.2	Aged order	Approved
1692	PERMANENT_ALIAS	chrysonyx_surround_modern_aged	chrysonyx_aged_surround_modern	Chrysonyx Aged Modern Surround	Chrysonyx Aged Modern Surround	Modern	Published ≤1.5.2	Aged order	Approved
1693	DIRECT_RENAME	etruscus_arch_modern_aged	etruscus_aged_arch_modern	Etruscus Aged Modern Arch	Etruscus Aged Modern Arch	Modern	Unpublished — development family	Aged order	Approved
1694	PERMANENT_ALIAS	etruscus_cornice_modern_aged	etruscus_aged_cornice_modern	Etruscus Aged Modern Cornice	Etruscus Aged Modern Cornice	Modern	Published ≤1.5.2	Aged order	Approved
1695	PERMANENT_ALIAS	etruscus_surround_modern_aged	etruscus_aged_surround_modern	Etruscus Aged Modern Surround	Etruscus Aged Modern Surround	Modern	Published ≤1.5.2	Aged order	Approved
1696	DIRECT_RENAME	gelastrum_arch_modern_aged	gelastrum_aged_arch_modern	Gelastrum Aged Modern Arch	Gelastrum Aged Modern Arch	Modern	Unpublished — development family	Aged order	Approved
1697	PERMANENT_ALIAS	gelastrum_cornice_modern_aged	gelastrum_aged_cornice_modern	Gelastrum Aged Modern Cornice	Gelastrum Aged Modern Cornice	Modern	Published ≤1.5.2	Aged order	Approved
1698	PERMANENT_ALIAS	gelastrum_surround_modern_aged	gelastrum_aged_surround_modern	Gelastrum Aged Modern Surround	Gelastrum Aged Modern Surround	Modern	Published ≤1.5.2	Aged order	Approved
1699	DIRECT_RENAME	glacium_arch_modern_aged	glacium_aged_arch_modern	Glacium Aged Modern Arch	Glacium Aged Modern Arch	Modern	Unpublished — development family	Aged order	Approved
1700	PERMANENT_ALIAS	glacium_cornice_modern_aged	glacium_aged_cornice_modern	Glacium Aged Modern Cornice	Glacium Aged Modern Cornice	Modern	Published ≤1.5.2	Aged order	Approved
1701	PERMANENT_ALIAS	glacium_surround_modern_aged	glacium_aged_surround_modern	Glacium Aged Modern Surround	Glacium Aged Modern Surround	Modern	Published ≤1.5.2	Aged order	Approved
1702	DIRECT_RENAME	hesperion_arch_modern_aged	hesperion_aged_arch_modern	Hesperion Aged Modern Arch	Hesperion Aged Modern Arch	Modern	Unpublished — development family	Aged order	Approved
1703	PERMANENT_ALIAS	hesperion_cornice_modern_aged	hesperion_aged_cornice_modern	Hesperion Aged Modern Cornice	Hesperion Aged Modern Cornice	Modern	Published ≤1.5.2	Aged order	Approved
1704	PERMANENT_ALIAS	hesperion_surround_modern_aged	hesperion_aged_surround_modern	Hesperion Aged Modern Surround	Hesperion Aged Modern Surround	Modern	Published ≤1.5.2	Aged order	Approved
1705	DIRECT_RENAME	imperium_arch_modern_aged	imperium_aged_arch_modern	Imperium Aged Modern Arch	Imperium Aged Modern Arch	Modern	Unpublished — development family	Aged order	Approved
1706	PERMANENT_ALIAS	imperium_cornice_modern_aged	imperium_aged_cornice_modern	Imperium Aged Modern Cornice	Imperium Aged Modern Cornice	Modern	Published ≤1.5.2	Aged order	Approved
1707	PERMANENT_ALIAS	imperium_surround_modern_aged	imperium_aged_surround_modern	Imperium Aged Modern Surround	Imperium Aged Modern Surround	Modern	Published ≤1.5.2	Aged order	Approved
1708	DIRECT_RENAME	kelastrion_arch_modern_aged	kelastrion_aged_arch_modern	Kelastrion Aged Modern Arch	Kelastrion Aged Modern Arch	Modern	Unpublished — development family	Aged order	Approved
1709	PERMANENT_ALIAS	kelastrion_cornice_modern_aged	kelastrion_aged_cornice_modern	Kelastrion Aged Modern Cornice	Kelastrion Aged Modern Cornice	Modern	Published ≤1.5.2	Aged order	Approved
1710	PERMANENT_ALIAS	kelastrion_surround_modern_aged	kelastrion_aged_surround_modern	Kelastrion Aged Modern Surround	Kelastrion Aged Modern Surround	Modern	Published ≤1.5.2	Aged order	Approved
1711	DIRECT_RENAME	kylorion_arch_modern_aged	kylorion_aged_arch_modern	Kylorion Aged Modern Arch	Kylorion Aged Modern Arch	Modern	Unpublished — development family	Aged order	Approved
1712	PERMANENT_ALIAS	kylorion_cornice_modern_aged	kylorion_aged_cornice_modern	Kylorion Aged Modern Cornice	Kylorion Aged Modern Cornice	Modern	Published ≤1.5.2	Aged order	Approved
1713	PERMANENT_ALIAS	kylorion_surround_modern_aged	kylorion_aged_surround_modern	Kylorion Aged Modern Surround	Kylorion Aged Modern Surround	Modern	Published ≤1.5.2	Aged order	Approved
1714	DIRECT_RENAME	latmion_arch_modern_aged	latmion_aged_arch_modern	Latmion Aged Modern Arch	Latmion Aged Modern Arch	Modern	Unpublished — development family	Aged order	Approved
1715	PERMANENT_ALIAS	latmion_cornice_modern_aged	latmion_aged_cornice_modern	Latmion Aged Modern Cornice	Latmion Aged Modern Cornice	Modern	Published ≤1.5.2	Aged order	Approved
1716	PERMANENT_ALIAS	latmion_surround_modern_aged	latmion_aged_surround_modern	Latmion Aged Modern Surround	Latmion Aged Modern Surround	Modern	Published ≤1.5.2	Aged order	Approved
1717	DIRECT_RENAME	laurentium_arch_modern_aged	laurentium_aged_arch_modern	Laurentium Aged Modern Arch	Laurentium Aged Modern Arch	Modern	Unpublished — development family	Aged order	Approved
1718	PERMANENT_ALIAS	laurentium_cornice_modern_aged	laurentium_aged_cornice_modern	Laurentium Aged Modern Cornice	Laurentium Aged Modern Cornice	Modern	Published ≤1.5.2	Aged order	Approved
1719	PERMANENT_ALIAS	laurentium_surround_modern_aged	laurentium_aged_surround_modern	Laurentium Aged Modern Surround	Laurentium Aged Modern Surround	Modern	Published ≤1.5.2	Aged order	Approved
1720	DIRECT_RENAME	mielonyx_arch_modern_aged	mielonyx_aged_arch_modern	Mielonyx Aged Modern Arch	Mielonyx Aged Modern Arch	Modern	Unpublished — development family	Aged order	Approved
1721	PERMANENT_ALIAS	mielonyx_cornice_modern_aged	mielonyx_aged_cornice_modern	Mielonyx Aged Modern Cornice	Mielonyx Aged Modern Cornice	Modern	Published ≤1.5.2	Aged order	Approved
1722	PERMANENT_ALIAS	mielonyx_surround_modern_aged	mielonyx_aged_surround_modern	Mielonyx Aged Modern Surround	Mielonyx Aged Modern Surround	Modern	Published ≤1.5.2	Aged order	Approved
1723	DIRECT_RENAME	nerium_arch_modern_aged	nerium_aged_arch_modern	Nerium Aged Modern Arch	Nerium Aged Modern Arch	Modern	Unpublished — development family	Aged order	Approved
1724	PERMANENT_ALIAS	nerium_cornice_modern_aged	nerium_aged_cornice_modern	Nerium Aged Modern Cornice	Nerium Aged Modern Cornice	Modern	Published ≤1.5.2	Aged order	Approved
1725	PERMANENT_ALIAS	nerium_surround_modern_aged	nerium_aged_surround_modern	Nerium Aged Modern Surround	Nerium Aged Modern Surround	Modern	Published ≤1.5.2	Aged order	Approved
1726	DIRECT_RENAME	noxoplis_arch_modern_aged	noxoplis_aged_arch_modern	Noxoplis Aged Modern Arch	Noxoplis Aged Modern Arch	Modern	Unpublished — development family	Aged order	Approved
1727	PERMANENT_ALIAS	noxoplis_cornice_modern_aged	noxoplis_aged_cornice_modern	Noxoplis Aged Modern Cornice	Noxoplis Aged Modern Cornice	Modern	Published ≤1.5.2	Aged order	Approved
1728	PERMANENT_ALIAS	noxoplis_surround_modern_aged	noxoplis_aged_surround_modern	Noxoplis Aged Modern Surround	Noxoplis Aged Modern Surround	Modern	Published ≤1.5.2	Aged order	Approved
1729	DIRECT_RENAME	porphyros_arch_modern_aged	porphyros_aged_arch_modern	Porphyros Aged Modern Arch	Porphyros Aged Modern Arch	Modern	Unpublished — development family	Aged order	Approved
1730	PERMANENT_ALIAS	porphyros_cornice_modern_aged	porphyros_aged_cornice_modern	Porphyros Aged Modern Cornice	Porphyros Aged Modern Cornice	Modern	Published ≤1.5.2	Aged order	Approved
1731	PERMANENT_ALIAS	porphyros_surround_modern_aged	porphyros_aged_surround_modern	Porphyros Aged Modern Surround	Porphyros Aged Modern Surround	Modern	Published ≤1.5.2	Aged order	Approved
1732	DIRECT_RENAME	portorium_arch_modern_aged	portorium_aged_arch_modern	Portorium Aged Modern Arch	Portorium Aged Modern Arch	Modern	Unpublished — development family	Aged order	Approved
1733	PERMANENT_ALIAS	portorium_cornice_modern_aged	portorium_aged_cornice_modern	Portorium Aged Modern Cornice	Portorium Aged Modern Cornice	Modern	Published ≤1.5.2	Aged order	Approved
1734	PERMANENT_ALIAS	portorium_surround_modern_aged	portorium_aged_surround_modern	Portorium Aged Modern Surround	Portorium Aged Modern Surround	Modern	Published ≤1.5.2	Aged order	Approved
1735	DIRECT_RENAME	psamatheon_arch_modern_aged	psamatheon_aged_arch_modern	Psamatheon Aged Modern Arch	Psamatheon Aged Modern Arch	Modern	Unpublished — development family	Aged order	Approved
1736	PERMANENT_ALIAS	psamatheon_cornice_modern_aged	psamatheon_aged_cornice_modern	Psamatheon Aged Modern Cornice	Psamatheon Aged Modern Cornice	Modern	Published ≤1.5.2	Aged order	Approved
1737	PERMANENT_ALIAS	psamatheon_surround_modern_aged	psamatheon_aged_surround_modern	Psamatheon Aged Modern Surround	Psamatheon Aged Modern Surround	Modern	Published ≤1.5.2	Aged order	Approved
1738	DIRECT_RENAME	rosinium_arch_modern_aged	rosinium_aged_arch_modern	Rosinium Aged Modern Arch	Rosinium Aged Modern Arch	Modern	Unpublished — development family	Aged order	Approved
1739	PERMANENT_ALIAS	rosinium_cornice_modern_aged	rosinium_aged_cornice_modern	Rosinium Aged Modern Cornice	Rosinium Aged Modern Cornice	Modern	Published ≤1.5.2	Aged order	Approved
1740	PERMANENT_ALIAS	rosinium_surround_modern_aged	rosinium_aged_surround_modern	Rosinium Aged Modern Surround	Rosinium Aged Modern Surround	Modern	Published ≤1.5.2	Aged order	Approved
1741	DIRECT_RENAME	sanguenite_arch_modern_aged	sanguenite_aged_arch_modern	Sanguenite Aged Modern Arch	Sanguenite Aged Modern Arch	Modern	Unpublished — development family	Aged order	Approved
1742	PERMANENT_ALIAS	sanguenite_cornice_modern_aged	sanguenite_aged_cornice_modern	Sanguenite Aged Modern Cornice	Sanguenite Aged Modern Cornice	Modern	Published ≤1.5.2	Aged order	Approved
1743	PERMANENT_ALIAS	sanguenite_surround_modern_aged	sanguenite_aged_surround_modern	Sanguenite Aged Modern Surround	Sanguenite Aged Modern Surround	Modern	Published ≤1.5.2	Aged order	Approved
1744	DIRECT_RENAME	selenephos_arch_modern_aged	selenephos_aged_arch_modern	Selenephos Aged Modern Arch	Selenephos Aged Modern Arch	Modern	Unpublished — development family	Aged order	Approved
1745	PERMANENT_ALIAS	selenephos_cornice_modern_aged	selenephos_aged_cornice_modern	Selenephos Aged Modern Cornice	Selenephos Aged Modern Cornice	Modern	Published ≤1.5.2	Aged order	Approved
1746	PERMANENT_ALIAS	selenephos_surround_modern_aged	selenephos_aged_surround_modern	Selenephos Aged Modern Surround	Selenephos Aged Modern Surround	Modern	Published ≤1.5.2	Aged order	Approved
1747	DIRECT_RENAME	solistra_arch_modern_aged	solistra_aged_arch_modern	Solistra Aged Modern Arch	Solistra Aged Modern Arch	Modern	Unpublished — development family	Aged order	Approved
1748	PERMANENT_ALIAS	solistra_cornice_modern_aged	solistra_aged_cornice_modern	Solistra Aged Modern Cornice	Solistra Aged Modern Cornice	Modern	Published ≤1.5.2	Aged order	Approved
1749	PERMANENT_ALIAS	solistra_surround_modern_aged	solistra_aged_surround_modern	Solistra Aged Modern Surround	Solistra Aged Modern Surround	Modern	Published ≤1.5.2	Aged order	Approved
1750	DIRECT_RENAME	striatus_arch_modern_aged	striatus_aged_arch_modern	Striatus Aged Modern Arch	Striatus Aged Modern Arch	Modern	Unpublished — development family	Aged order	Approved
1751	PERMANENT_ALIAS	striatus_cornice_modern_aged	striatus_aged_cornice_modern	Striatus Aged Modern Cornice	Striatus Aged Modern Cornice	Modern	Published ≤1.5.2	Aged order	Approved
1752	PERMANENT_ALIAS	striatus_surround_modern_aged	striatus_aged_surround_modern	Striatus Aged Modern Surround	Striatus Aged Modern Surround	Modern	Published ≤1.5.2	Aged order	Approved
1753	PERMANENT_ALIAS	aganite_arch_romanesque_aged	aganite_aged_arch_romanesque	Aganite Aged Romanesque Arch	Aganite Aged Romanesque Arch	Romanesque	Published ≤1.5.2	Aged order	Approved
1754	PERMANENT_ALIAS	aterzon_arch_romanesque_aged	aterzon_aged_arch_romanesque	Aterzon Aged Romanesque Arch	Aterzon Aged Romanesque Arch	Romanesque	Published ≤1.5.2	Aged order	Approved
1755	PERMANENT_ALIAS	borealis_arch_romanesque_aged	borealis_aged_arch_romanesque	Borealis Aged Romanesque Arch	Borealis Aged Romanesque Arch	Romanesque	Published ≤1.5.2	Aged order	Approved
1756	PERMANENT_ALIAS	brectite_arch_romanesque_aged	brectite_aged_arch_romanesque	Brectite Aged Romanesque Arch	Brectite Aged Romanesque Arch	Romanesque	Published ≤1.5.2	Aged order	Approved
1757	PERMANENT_ALIAS	calacattum_arch_romanesque_aged	calacattum_aged_arch_romanesque	Calacattum Aged Romanesque Arch	Calacattum Aged Romanesque Arch	Romanesque	Published ≤1.5.2	Aged order	Approved
1758	PERMANENT_ALIAS	chalstrom_arch_romanesque_aged	chalstrom_aged_arch_romanesque	Chalstrom Aged Romanesque Arch	Chalstrom Aged Romanesque Arch	Romanesque	Published ≤1.5.2	Aged order	Approved
1759	PERMANENT_ALIAS	chrysonyx_arch_romanesque_aged	chrysonyx_aged_arch_romanesque	Chrysonyx Aged Romanesque Arch	Chrysonyx Aged Romanesque Arch	Romanesque	Published ≤1.5.2	Aged order	Approved
1760	PERMANENT_ALIAS	etruscus_arch_romanesque_aged	etruscus_aged_arch_romanesque	Etruscus Aged Romanesque Arch	Etruscus Aged Romanesque Arch	Romanesque	Published ≤1.5.2	Aged order	Approved
1761	PERMANENT_ALIAS	gelastrum_arch_romanesque_aged	gelastrum_aged_arch_romanesque	Gelastrum Aged Romanesque Arch	Gelastrum Aged Romanesque Arch	Romanesque	Published ≤1.5.2	Aged order	Approved
1762	PERMANENT_ALIAS	glacium_arch_romanesque_aged	glacium_aged_arch_romanesque	Glacium Aged Romanesque Arch	Glacium Aged Romanesque Arch	Romanesque	Published ≤1.5.2	Aged order	Approved
1763	PERMANENT_ALIAS	hesperion_arch_romanesque_aged	hesperion_aged_arch_romanesque	Hesperion Aged Romanesque Arch	Hesperion Aged Romanesque Arch	Romanesque	Published ≤1.5.2	Aged order	Approved
1764	PERMANENT_ALIAS	imperium_arch_romanesque_aged	imperium_aged_arch_romanesque	Imperium Aged Romanesque Arch	Imperium Aged Romanesque Arch	Romanesque	Published ≤1.5.2	Aged order	Approved
1765	PERMANENT_ALIAS	kelastrion_arch_romanesque_aged	kelastrion_aged_arch_romanesque	Kelastrion Aged Romanesque Arch	Kelastrion Aged Romanesque Arch	Romanesque	Published ≤1.5.2	Aged order	Approved
1766	PERMANENT_ALIAS	kylorion_arch_romanesque_aged	kylorion_aged_arch_romanesque	Kylorion Aged Romanesque Arch	Kylorion Aged Romanesque Arch	Romanesque	Published ≤1.5.2	Aged order	Approved
1767	PERMANENT_ALIAS	latmion_arch_romanesque_aged	latmion_aged_arch_romanesque	Latmion Aged Romanesque Arch	Latmion Aged Romanesque Arch	Romanesque	Published ≤1.5.2	Aged order	Approved
1768	PERMANENT_ALIAS	laurentium_arch_romanesque_aged	laurentium_aged_arch_romanesque	Laurentium Aged Romanesque Arch	Laurentium Aged Romanesque Arch	Romanesque	Published ≤1.5.2	Aged order	Approved
1769	PERMANENT_ALIAS	mielonyx_arch_romanesque_aged	mielonyx_aged_arch_romanesque	Mielonyx Aged Romanesque Arch	Mielonyx Aged Romanesque Arch	Romanesque	Published ≤1.5.2	Aged order	Approved
1770	PERMANENT_ALIAS	nerium_arch_romanesque_aged	nerium_aged_arch_romanesque	Nerium Aged Romanesque Arch	Nerium Aged Romanesque Arch	Romanesque	Published ≤1.5.2	Aged order	Approved
1771	PERMANENT_ALIAS	noxoplis_arch_romanesque_aged	noxoplis_aged_arch_romanesque	Noxoplis Aged Romanesque Arch	Noxoplis Aged Romanesque Arch	Romanesque	Published ≤1.5.2	Aged order	Approved
1772	PERMANENT_ALIAS	porphyros_arch_romanesque_aged	porphyros_aged_arch_romanesque	Porphyros Aged Romanesque Arch	Porphyros Aged Romanesque Arch	Romanesque	Published ≤1.5.2	Aged order	Approved
1773	PERMANENT_ALIAS	portorium_arch_romanesque_aged	portorium_aged_arch_romanesque	Portorium Aged Romanesque Arch	Portorium Aged Romanesque Arch	Romanesque	Published ≤1.5.2	Aged order	Approved
1774	PERMANENT_ALIAS	psamatheon_arch_romanesque_aged	psamatheon_aged_arch_romanesque	Psamatheon Aged Romanesque Arch	Psamatheon Aged Romanesque Arch	Romanesque	Published ≤1.5.2	Aged order	Approved
1775	PERMANENT_ALIAS	rosinium_arch_romanesque_aged	rosinium_aged_arch_romanesque	Rosinium Aged Romanesque Arch	Rosinium Aged Romanesque Arch	Romanesque	Published ≤1.5.2	Aged order	Approved
1776	PERMANENT_ALIAS	sanguenite_arch_romanesque_aged	sanguenite_aged_arch_romanesque	Sanguenite Aged Romanesque Arch	Sanguenite Aged Romanesque Arch	Romanesque	Published ≤1.5.2	Aged order	Approved
1777	PERMANENT_ALIAS	selenephos_arch_romanesque_aged	selenephos_aged_arch_romanesque	Selenephos Aged Romanesque Arch	Selenephos Aged Romanesque Arch	Romanesque	Published ≤1.5.2	Aged order	Approved
1778	PERMANENT_ALIAS	solistra_arch_romanesque_aged	solistra_aged_arch_romanesque	Solistra Aged Romanesque Arch	Solistra Aged Romanesque Arch	Romanesque	Published ≤1.5.2	Aged order	Approved
1779	PERMANENT_ALIAS	striatus_arch_romanesque_aged	striatus_aged_arch_romanesque	Striatus Aged Romanesque Arch	Striatus Aged Romanesque Arch	Romanesque	Published ≤1.5.2	Aged order	Approved
